smiles,source,label
COc1cc2cc3c(Nc4cc(OC)c(OC)c(OC)c4)c(C#N)cnc3cc2cc1OCCN1CCOCC1,chembl_active,active
Cc1nc(Nc2ncc(C(=O)Nc3c(C)cccc3Cl)s2)cc(N2CCN(CCOCCOCCN)CC2)n1,chembl_active,active
COc1cc(Nc2c(C#N)cnc3cc4cc(OCCN5CCN(C)CC5)c(OC)cc4cc23)c(Cl)cc1Cl,chembl_active,active
COc1cc(Nc2c(C#N)cnc3cc4cc(OCCN5CCN(C)CC5)c(OC)cc4cc23)c(C)cc1Cl,chembl_active,active
CN(C)CCc1ccccc1-n1cc(-c2cccc(O)c2)c2c(N)ncnc21,chembl_active,active
COc1cc(Nc2c(C#N)cnc3cc4cc(OCCN5CCOCC5)c(OC)cc4cc23)c(Cl)cc1C,chembl_active,active
Nc1c(C(=O)c2cc3cc(CN4CCOCC4)ccc3[nH]2)cnn1-c1cc(O)ccc1Cl,chembl_active,active
Cc1nc(Nc2ncc(C(=O)Nc3c(C)cccc3Cl)s2)cc(N2CCNCC2)n1,chembl_active,active
COc1cc(Nc2c(C#N)cnc3cc4cc(OCCN5CCOCC5)c(OC)cc4cc23)c(Cl)cc1Cl,chembl_active,active
COc1cc(Nc2c(C#N)cnc3cc4cc(OCCN5CCOCC5)c(OC)cc4cc23)c(Cl)cc1F,chembl_active,active
COc1cc(Nc2c(C#N)cnc3cc4cc(OCCN5CCC(O)CC5)c(OC)cc4cc23)c(Cl)cc1C,chembl_active,active
Nc1ncnc2c1c(-c1ccc(F)c(O)c1)nn2C1CCCC1,chembl_active,active
COc1cc(Nc2c(C#N)cnc3cc(/C=C/c4cc[n+]([O-])cc4)c(OC)cc23)c(Cl)cc1Cl,chembl_active,active
CN(CCO/N=C1C(=C2/C(=O)Nc3cc(Br)ccc32)/Nc2ccccc2/1)CC(O)CO.Cl,chembl_active,active
COc1cc(Nc2c(C#N)cnc3cc(OCCCN4CCC(O)CC4)c(OC)cc23)c(Cl)cc1Cl,chembl_active,active
COc1cc2cc3c(Nc4cc(OC)c(OC)c(OC)c4)c(C#N)cnc3cc2cc1OCCN1CCN(C)CC1,chembl_active,active
Cc1cc(-c2c(Cl)ccc(O)c2F)cc2nnc(Nc3ccc(S(=O)(=O)NCCN4CCCC4)cc3)nc12,chembl_active,active
CSc1cccc(Nc2ncc3cc(-c4c(Cl)cccc4Cl)c(=O)n(C)c3n2)c1,chembl_active,active
COc1cc(Nc2c(C#N)cnc3cc4cc(OCCN5CCC(O)CC5)c(OC)cc4cc23)c(Cl)cc1Cl,chembl_active,active
COc1cc(Nc2c(C#N)cnc3cc(-c4coc(CN(C)C)c4)c(OC)cc23)c(Cl)cc1Cl,chembl_active,active
COc1cc(Nc2c(C#N)cnc3cc(OCCCN4CCN(CCO)CC4)c(OC)cc23)c(Cl)cc1Cl,chembl_active,active
CCN1CCN(CCCOc2cc3ncc(C#N)c(Nc4cc(OC)c(Cl)cc4Cl)c3cc2OC)CC1,chembl_active,active
COc1cc(Nc2c(C#N)cnc3cc(-c4coc(CN5CCN(C)CC5)c4)c(OC)cc23)c(Cl)cc1Cl,chembl_active,active
Cc1nc(Nc2ncc(C(=O)Nc3c(C)cccc3Cl)s2)cc(N2CCN(CCOCCOCCNC(=O)OC(C)(C)C)CC2)n1,chembl_active,active
COc1cc(Nc2c(C#N)cnc3cc(OCCCN4CCOCC4)c(OC)cc23)c(Cl)cc1Cl,chembl_active,active
COc1cc(-c2nn(CCN3CCC(N(C)C)CC3)c3ncnc(N)c23)ccc1NC(=O)OC(C)(C)C,chembl_active,active
Cc1nc(Nc2ncc(C(=O)Nc3c(C)cccc3Cl)s2)cc(N2CCN(CCO)CC2)n1,chembl_active,active
O=C1Nc2cc(Br)ccc2/C1=C1Nc2ccccc2C/1=N\OCCN1CCN(CCOCCO)CC1,chembl_active,active
Cc1nc(Nc2ncc(C(=O)Nc3c(C)cccc3Cl)s2)cc(N2CCN(CCOCCOCCNC(=O)CS(=O)(=O)O)CC2)n1,chembl_active,active
CC(C)(C)c1cc(NC(=O)Nc2ccc(Oc3ccnc4[nH]c(=O)[nH]c34)c3ncccc23)n(-c2ccccc2)n1,chembl_active,active
Cc1ccc(O)cc1-c1cc(C)c2nc(Nc3ccc(S(=O)(=O)NCCN4CCCC4)cc3)nnc2c1,chembl_active,active
COc1cc(Nc2c(C#N)cnc3cc(OCCCN4CCOCC4)c(OC)cc23)c(Br)cc1Cl,chembl_active,active
Cc1cc(-c2c(Cl)ccc(O)c2F)cc2nnc(Nc3ccc(S(=O)(=O)CCCN4CCCC4)cc3)nc12,chembl_active,active
Nc1ncnc2c1c(-c1cccc(O)c1)cn2C1CCN(CCO)CC1,chembl_active,active
COc1cc(-c2nn(CCN3CCC(N(C)C)CC3)c3ncnc(N)c23)ccc1CC(=O)OC(C)(C)C,chembl_active,active
CN(C)C1CCN(CCn2nc(-c3ccc(CC(=O)OC(C)(C)C)cc3)c3c(N)ncnc32)CC1,chembl_active,active
NC(=O)CN1CCC(n2cc(-c3cccc(O)c3)c3c(N)ncnc32)CC1,chembl_active,active
COc1cc(Nc2c(C#N)cnc3cc(OCCCN4CCN(C)CC4)c(OC)cc23)c(Cl)cc1Cl,chembl_active,active
Cc1cc(Nc2nccc(Oc3ccc(NC(=O)Nc4cc(C(C)(C)C)nn4-c4ccc(P(C)(C)=O)cc4)c4ccccc34)n2)cc2cn[nH]c12,chembl_active,active
CC[C@H](C)[C@H](NC(=O)[C@H](CCC(=O)O)NC(=O)[C@H](CCC(=O)O)NC(=O)[C@H](Cc1ccc(OP(=O)(O)O)cc1)NC(C)=O)C(N)=O,chembl_active,active
Cc1cc(-c2cc(O)ccc2Cl)cc2nnc(Nc3ccc(OCCN4CCCC4)cc3)nc12,chembl_active,active
COc1ccc(OC)c(N(C(=O)Oc2c(C)cccc2C)c2ccnc(Nc3ccc(N4CCN(C)CC4)cc3)n2)c1,chembl_active,active
COc1ccc(N(C(=O)Oc2c(C)cccc2C)c2ccnc(Nc3cc(OC)c(N4CCN(C)CC4)c(OC)c3)n2)c(OC)c1,chembl_active,active
COc1ccc(N(C(=O)Oc2c(C)cccc2C)c2ccnc(Nc3cc(OC)c(OCCN4CCN(C)CC4)c(OC)c3)n2)c(OC)c1,chembl_active,active
Cc1ccc(NC(=O)c2cccc(C(F)(F)F)c2)cc1N1CCc2nc(Nc3ccc(C(=O)NCCO)cc3)ncc2C1,chembl_active,active
COc1ccc(N(C(=O)Oc2c(C)cccc2C)c2ccnc(Nc3cc(OC)c(OCCCN4CCN(C)CC4)c(OC)c3)n2)c(OC)c1,chembl_active,active
Cc1ccc(NC(=O)N2CCCCC2)cc1N1CCc2nc(Nc3ccc(OCCN4CCCC4)cc3)ncc2C1,chembl_active,active
Cc1ccc(C(=O)Nc2ccc(CN3CCN(C)CC3)c(Br)c2)cc1C#Cc1nn(C(C)C)c2ncnc(N)c12,chembl_active,active
CN1CCN(CCOc2cc(OC3CCOCC3)c3c(Nc4c(Cl)ccc5c4OCO5)ncnc3c2)CC1,chembl_active,active
COC(=O)CN1CCC(n2cc(-c3cccc(O)c3)c3c(N)ncnc32)CC1,chembl_active,active
Nc1ncnc2c1c(-c1cccc(O)c1)cn2C1CCCC1,chembl_active,active
Cc1nc(Nc2ncc(C(=O)Nc3c(Cl)ccnc3C)s2)cc(NN2CCN(CCO)CC2)n1,chembl_active,active
CC1CCC(n2nc(-c3ccc(F)c(O)c3)c3c(N)ncnc32)C1,chembl_active,active
COc1cc(Nc2c(C#N)cnc3cc4cc(OC)c(OCCN5CCN(C)CC5)cc4cc23)c(Cl)cc1Cl,chembl_active,active
Cc1cc(-c2c(Cl)ccc(O)c2Cl)cc2nnc(Nc3ccc(OCCN4CCCC4)cc3)nc12,chembl_active,active
CCCN1CCN(CCCOc2cc3ncc(C#N)c(Nc4cc(OC)c(Cl)cc4Cl)c3cc2OC)CC1,chembl_active,active
COc1cc(Nc2c(C#N)cnc3cc(OCCCN4CCNCC4)c(OC)cc23)c(Cl)cc1Cl,chembl_active,active
COc1cc(Nc2c(C#N)cnc3cc(OCCCN4CCOCC4)c(OC)cc23)c(Cl)cc1C,chembl_active,active
COc1ccccc1-n1c(-c2cc(O)ccc2C)cn2c3c(=O)[nH]c(=O)n(C)c3nc12,chembl_active,active
Oc1ccc(Cl)c(-c2cc3nnc(Nc4ccc(OCCN5CCCC5)cc4)nc3cc2Cl)c1,chembl_active,active
COc1cc(Nc2c(C#N)cnc3cc(OCCCN4CCOCC4)c(OC)cc23)c(C)cc1Cl,chembl_active,active
Cc1cc(-c2c(Cl)ccc(O)c2F)cc2nnc(Nc3ccc(S(=O)(=O)N(C)CCN4CCCC4)cc3)nc12,chembl_active,active
COc1cc2cc3ncc(C#N)c(Nc4cc(OC)c(OC)c(OC)c4)c3cc2cc1OCCN1CCOCC1,chembl_active,active
COc1cc(Nc2c(C#N)cnc3cc(OCCCN4CCCCC4)c(OC)cc23)c(Cl)cc1Cl,chembl_active,active
Oc1cccc(Nc2ccnc3cc(-c4cccc(CN5CCOCC5)c4)sc23)c1,chembl_active,active
COc1cc(Nc2c(C#N)cnc3cc(OCCCCN4CCOCC4)c(OC)cc23)c(Cl)cc1Cl,chembl_active,active
Cc1cccc(C)c1/C=C/n1cnc2c(Nc3ccc(P(C)(C)=O)cc3)nc(C3CCCC3)nc21,chembl_active,active
COc1cc(Nc2c(C#N)cnc3cc4cc(OC)c(OC)cc4cc23)c(C)cc1Cl,chembl_active,active
COc1cc(Nc2c(C#N)cnc3cc(OCCCN4CCCN(C)CC4)c(OC)cc23)c(Cl)cc1Cl,chembl_active,active
COc1cc(Nc2c(C#N)cnc3cc(OCCCC4CCN(C)CC4)c(OC)cc23)c(Cl)cc1Cl,chembl_active,active
COc1cc(Nc2c(C#N)cnc3cc(-c4csc(CN5CCC(O)CC5)c4)ccc23)c(Cl)cc1Cl,chembl_active,active
COc1cc(Nc2c(C#N)cnc3cc(OCCCN4CC(C)N(C)C(C)C4)c(OC)cc23)c(Cl)cc1Cl,chembl_active,active
Cc1cccc(C)c1/C=C/n1cnc2c(Nc3ccc(P(C)(C)=O)cc3)nc(N3CCCC3)nc21,chembl_active,active
Cc1cc(-c2c(Cl)ccc(O)c2Cl)cc2nnc(Nc3ccc(S(=O)(=O)NCCN4CCCC4)cc3)nc12,chembl_active,active
Cc1cc(-c2cc(O)ccc2Cl)cc2nnc(Nc3ccc(CN(CCO)C(C)C)cc3)nc12,chembl_active,active
COc1cc(Nc2c(C#N)cnc3cc4cc(OC)c(OCCN5CCN(C)CC5)cc4cc23)c(C)cc1Cl,chembl_active,active
COc1cc(Nc2c(C#N)cnc3cc(-c4coc(CN5CCOCC5)c4)c(OC)cc23)c(Cl)cc1Cl,chembl_active,active
COCCOc1cc2ncc(C#N)c(Nc3cc(OC)c(Cl)cc3Cl)c2cc1OC,chembl_active,active
Cc1cc(-c2cc(O)ccc2Cl)cc2nnc(Nc3ccc(CCCN4CCCC4)cc3)nc12,chembl_active,active
COc1ccc(Cl)c(Nc2c(C#N)cnc3cc(OCCCN4CCOCC4)c(OC)cc23)c1,chembl_active,active
Cc1cc2nc(Nc3ccc(S(=O)(=O)NCCN4CCCC4)cc3)nnc2cc1-c1cc(O)ccc1Cl,chembl_active,active
Cc1cc(-c2cc(O)ccc2Cl)cc2nnc(Nc3ccc(C(=O)N(C)CCN4CCCC4)cc3)nc12,chembl_active,active
COc1cc(Nc2c(C#N)cnc3cc(OCCCN4CCOCC4)c(OC)cc23)c(C)cc1C,chembl_active,active
CCN1CCN(CC/C=C/c2cc3ncc(C#N)c(Nc4cc(OC)c(Cl)cc4Cl)c3cc2OC)CC1,chembl_active,active
COCCN1CCN(CCO/N=C2C(=C3/C(=O)Nc4cc(Br)ccc43)/Nc3ccccc3/2)CC1,chembl_active,active
CCCP(=O)(CCC)c1ccc(Nc2nc(C(C)C)nc3c2ncn3/C=C/c2c(C)cccc2C)cc1,chembl_active,active
Cc1cc(-c2cc(O)ccc2Cl)cc2nnc(Nc3cccc(OCCN4CCCC4)c3)nc12,chembl_active,active
COc1cc(Nc2c(C#N)cnc3cc4cc(OC)c(OCCN5CCOCC5)cc4cc23)c(Cl)cc1Cl,chembl_active,active
COc1cc(Nc2c(C#N)cnc3cc(-c4ccc(CN5CCS(=O)(=O)CC5)cn4)ccc23)c(Cl)cc1Cl,chembl_active,active
Cc1cc(-c2cc(O)ccc2Cl)cc2nnc(Nc3ccc(N4CCN(CCO)CC4)nc3)nc12,chembl_active,active
COc1cc(Nc2c(C#N)cnc3cc(-c4ccc(CN5CC[S+]([O-])CC5)cn4)ccc23)c(Cl)cc1Cl,chembl_active,active
COc1cc(Nc2c(C#N)cnc3cc(OCCCn4ccnn4)c(OC)cc23)c(Cl)cc1Cl,chembl_active,active
Cc1ccc(C(=O)Nc2cccc(C(F)(F)F)c2)cc1-c1ccc2nc(NCCN3CCOCC3)ncc2c1,chembl_active,active
COc1ccc(N(C(=O)Oc2c(C)cccc2C)c2ccnc(Nc3ccc(N4CCN(C)CC4)c(F)c3)n2)c(OC)c1,chembl_active,active
Cc1ccc(NC(=O)c2cccc(C(F)(F)F)c2)cc1N1CCc2nc(Nc3ccc(C(=O)N4CCN(C)CC4)cc3)ncc2C1,chembl_active,active
Cc1ccc(NC(=O)c2cccc(C(F)(F)F)c2)cc1C#Cc1nn(C2CCN(C)CC2)c2ncnc(N)c12,chembl_active,active
Nc1ncnc2c1c(-c1ccc(Cl)c(O)c1)nn2[C@H]1CCOC1,chembl_active,active
Cc1ccc(NC(=O)c2cccc(C(F)(F)F)c2)cc1N1CCc2nc(Nc3ccc(C(=O)NC4CCN(C)CC4)cc3)ncc2C1,chembl_active,active
Cc1cc(Nc2nccc(Oc3ccc(NC(=O)Nc4cc(C(C)(C)C)nn4-c4ccc(=O)n(CCO)c4)c4ccccc34)n2)cc2cn[nH]c12,chembl_active,active
COc1cccc(-c2cn(C3CCCC3)c3ncnc(N)c23)c1,chembl_active,active
COc1cc(Nc2c(C#N)cnc3cc(OCC4CCN(C)CC4)c(OC)cc23)c(Cl)cc1Cl,chembl_active,active
c1cc(-c2cnn3cc(-c4ccc(OCCN5CCCCC5)cc4)cnc23)ccn1,chembl_active,active
Cc1ccc(NC(=O)CC(C)C(F)(F)F)cc1N1CCc2nc(Nc3ccc(OCCN4CCCC4)cc3)ncc2C1,chembl_active,active
Cc1ccc(NC(=O)c2ccc(C(F)(F)F)s2)cc1N1CCc2nc(Nc3ccc(OCCN4CCCC4)cc3)ncc2C1,chembl_active,active
COc1cc2cc3c(Nc4ccc(Cl)cc4Cl)c(C#N)cnc3cc2cc1OCCN1CCOCC1,chembl_active,active
CC(=O)Nc1cc(Oc2ccc3c(c2)nc(Nc2cccc(C(C)(C)C)c2)n3C)ccn1,chembl_active,active
Cc1ccc(C(=O)Nc2ccc(CN3CCN(C)CC3)c(C(F)(F)F)c2)cc1C#Cc1nn(C(C)C)c2ncnc(N)c12,chembl_active,active
Cc1ccc(C(=O)Nc2ccc(CN3CCN(C)CC3)c(Cl)c2)cc1C#Cc1nn(C(C)C)c2ncnc(N)c12,chembl_active,active
CC(C)(C)c1cc(NC(=O)Nc2ccc(Oc3cc(Nc4ccc5[nH]ncc5c4)ncn3)c3ccccc23)n(-c2ccc(=O)n(CCO)c2)n1,chembl_active,active
COc1ccc(N(C(=O)Oc2c(C)cccc2C)c2ccnc(Nc3cc(OC)c(OCCN4CCOCC4)c(OC)c3)n2)c(OC)c1,chembl_active,active
CCN1CCN(Cc2ccc(NC(=O)c3ccc(C)c(C#Cc4nn(C(C)C)c5ncnc(N)c45)c3)cc2C(F)(F)F)CC1,chembl_active,active
COc1ccc(-n2nc(C3CCOC3)cc2NC(=O)Nc2ccc(Oc3ccnc(Nc4ccc5[nH]ncc5c4)n3)c3ccccc23)cc1,chembl_active,active
C=CC(=O)Nc1ccccc1Nc1nc(Nc2ccc(N3CCN(C)CC3)cc2)ncc1-c1ccoc1,chembl_active,active
COc1ccc(N(C(=O)Oc2c(C)cccc2C)c2ccnc(Nc3ccc(OCCCN4CCN(C)CC4)c(OC)c3)n2)c(OC)c1,chembl_active,active
COc1cc(Nc2c(C#N)cnc3cc(-c4cc(CN5CCC(O)CC5)cs4)ccc23)c(Cl)cc1Cl,chembl_active,active
Cc1ccc(NC(=O)c2cccc(C(F)(F)F)c2)cc1N1CCc2nc(Nc3cncnc3)ncc2C1,chembl_active,active
CNC(=O)c1cnc(N)c2c(-c3ccc(NC(=O)Nc4cccc(Cl)c4)cc3)csc12,chembl_active,active
Cc1ccc(C(=O)Nc2ccc(CN3CCN(C)CC3)c(C(F)(F)F)c2)cc1C#CC(=N)c1c(N)ncnc1NC(C)C,chembl_active,active
Oc1cccc(-c2[nH]nc3ncnc(Nc4cccc(Cl)c4)c23)c1,chembl_active,active
COc1cc(Nc2c(C#N)cnc3cc(OCCON4CCN(C)CC4)c(OC)cc23)c(Cl)cc1Cl,chembl_active,active
CN1CCN(c2ccc(-c3cnn4c(N)c(-c5cccc(O)c5)cnc34)cc2)CC1,chembl_active,active
COc1ccc(N(C(=O)Oc2c(C)cccc2C)c2ccnc(Nc3ccc(N4CCN(C)CC4)c(OC)c3)n2)c(OC)c1,chembl_active,active
Cn1c(=O)c(-c2c(Cl)cccc2Cl)cc2cnc(Nc3ccc(P(=O)(O)CP(=O)(O)O)cc3)nc21,chembl_active,active
COc1cc(Cl)c(Cl)c(Nc2c(C#N)cnc3cc(/C=C/c4ncc[nH]4)c(OC)cc23)c1,chembl_active,active
Cc1cc(-c2c(Cl)ccc(O)c2Cl)cc2nnc(Nc3ccc(S(=O)(=O)CCCN4CCCC4)cc3)nc12,chembl_active,active
COc1cc(Nc2c(C#N)cnc3cc4cc(OC)c(OCCN5CCC(O)CC5)cc4cc23)c(Cl)cc1Cl,chembl_active,active
COc1cc(Nc2c(C#N)cnc3cc(OCCCn4ccnc4)c(OC)cc23)c(Cl)cc1Cl,chembl_active,active
COc1cc(Nc2c(C#N)cnc3cc(/C=C/CCN4CCN(C)CC4)c(OC)cc23)c(Cl)cc1Cl,chembl_active,active
COc1cc(Nc2c(C#N)cnc3cc4cc(OC)c(OCCN5CCOCC5)cc4cc23)c(C)cc1Cl,chembl_active,active
Cl.O=C1Nc2cc(Br)ccc2/C1=C1Nc2ccccc2C/1=N\OCCN1CCCC1,chembl_active,active
COc1cc(Nc2c(C#N)cnc3cc(/C=C/c4ccc(CN(C)C)cn4)c(OC)cc23)c(Cl)cc1Cl,chembl_active,active
COc1cc(Nc2c(C#N)cnc3cc(/C=C/c4cccc(CN(C)C)n4)c(OC)cc23)c(Cl)cc1Cl,chembl_active,active
COc1cc(-c2nn(C3CCCC3)c3ncnc(N)c23)ccc1N,chembl_active,active
COc1cc(Nc2c(C#N)cnc3cc(OCCCN(C)CCN(C)C)c(OC)cc23)c(Cl)cc1Cl,chembl_active,active
C#CCO[C@@H]1[C@H](C)[C@@H](COC(=O)c2ccc(S(=O)(=O)F)cc2)O[C@H]1n1nc(-c2ccc(C)cc2)c2c(N)ncnc21,chembl_active,active
COc1cc(Nc2c(C#N)cnc3cc(OCCN4CCOCC4)c(OC)cc23)c(Cl)cc1Cl,chembl_active,active
COCCOc1cc2c(cc1OC)Cc1c(Nc3cc(OC)c(Cl)cc3Cl)ncnc1N2,chembl_active,active
COc1cc(Nc2c(C#N)cnc3cc(-c4ccc(CN5CCN(C)CC5)s4)ccc23)c(Cl)cc1Cl,chembl_active,active
COc1cc(Nc2c(C#N)cnc3cc(/C=C/c4ccc(CN(C)C)cc4)c(OC)cc23)c(Cl)cc1Cl,chembl_active,active
Cc1cc(-c2c(Cl)ccc(O)c2Cl)cc2nnc(Nc3ccc(S(=O)(=O)C4CCNCC4)cc3)nc12,chembl_active,active
Cc1ccc(NC(=O)c2cccc(C(F)(F)F)c2)cc1N1CCc2nc(Nc3ccc(C(=O)NC4CCN(C)CC4)nc3)ncc2C1,chembl_active,active
COc1cc(Nc2c(C#N)cnc3cc(OCCC4CCN(C)CC4)c(OC)cc23)c(Cl)cc1Cl,chembl_active,active
CN1CCN(c2ccc(Nc3ncc4cc(-c5ccccc5Cl)c(=O)n(C[C@H]5CCCO5)c4n3)cc2OC2CCCC2)CC1,chembl_active,active
COc1cc(Nc2c(C#N)cnc3cc(OCCCCCN4CCOCC4)c(OC)cc23)c(Cl)cc1Cl,chembl_active,active
COc1cc(Nc2c(C#N)cnc3cc4cc(OC)c(OCCN5CCOCC5)cc4cc23)c(Cl)cc1C,chembl_active,active
Cc1ccc(C(=O)Nc2ccc(CN3CCN(C)CC3)c(C(F)(F)F)c2)cc1C#Cc1cnc2cccnn12,chembl_active,active
COc1cc(Nc2c(C#N)cnc3cc(/C=C/CCN(C)C)c(OC)cc23)c(Cl)cc1Cl,chembl_active,active
COc1cc(Nc2c(C#N)cnc3cc(-c4ccc(CN5CCOCC5)s4)ccc23)c(Cl)cc1Cl,chembl_active,active
Cc1cc(-c2cc(O)ccc2Cl)cc2nnc(Nc3ccc(C(=O)NCCN4CCCC4)nc3)nc12,chembl_active,active
COc1cc2cc3ncc(C#N)c(Nc4cc(OC)c(OC)c(OC)c4)c3cc2cc1OCCN1CCN(C)CC1,chembl_active,active
COc1cc(Nc2c(C#N)cnc3cc(/C=C/CCN4CCCCC4)c(OC)cc23)c(Cl)cc1Cl,chembl_active,active
COc1cc(Nc2c(C#N)cnc3cc(-c4csc(CN5CCOCC5)c4)ccc23)c(Cl)cc1Cl,chembl_active,active
COc1cc(Nc2c(C#N)cnc3cc(-c4coc(CN5CCN(C)CC5)c4)ccc23)c(Cl)cc1Cl,chembl_active,active
COCCOc1cc2ncc(C#N)c(Nc3cc(OC)c(Cl)cc3Cl)c2cc1OCCOC,chembl_active,active
COc1cc(Nc2c(C#N)cnc3cc(-c4ccc(CN5CCOCC5)cn4)ccc23)c(Cl)cc1Cl,chembl_active,active
Cc1cc(-c2cc(O)ccc2Cl)cc2nnc(Nc3ccc(C(=O)N4CCN(C)CC4)cc3)nc12,chembl_active,active
COc1cc(Nc2c(C#N)cnc3cc(OC)c(OC)cc23)c(Cl)cc1C,chembl_active,active
Cc1cc(-c2cc(O)ccc2Cl)cc2nnc(Nc3ccc(S(=O)(=O)N(C)CCN4CCCC4)cc3)nc12,chembl_active,active
CCN(CC)CCOc1ccc(Nc2ncc3c(n2)N2CCC(=O)N2C(c2c(Cl)cccc2Cl)=C3)cc1,chembl_active,active
COc1cc(Nc2c(C#N)cnc3cc(OCCCNCCN4CCOCC4)c(OC)cc23)c(Cl)cc1Cl,chembl_active,active
COc1cc(Nc2c(C#N)cnc3cc(OC)c(OC)cc23)c(Br)cc1Cl,chembl_active,active
Cc1cc(-c2cc(O)ccc2Cl)cc2nnc(Nc3ccc(C(=O)N4CCS(=O)(=O)CC4)cc3)nc12,chembl_active,active
Cc1ccc(-n2nc(C(C)(C)C)cc2NC(=O)Nc2ccc(Oc3ccnc(Nc4cc(C)cc(C(N)=O)c4)n3)c3ccccc23)cc1,chembl_active,active
CCCNC(=O)c1cccc(Nc2nccc(Oc3ccc(NC(=O)Nc4cc(C(C)(C)C)nn4-c4ccc(OC)cc4)c4ccccc34)n2)c1,chembl_active,active
Clc1ccc2c(c1Nc1ncnc3cc(OCCc4ccncc4)cc(OC4CCOCC4)c13)OCO2,chembl_active,active
Cc1ccc(C(=O)Nc2cccc(C(F)(F)F)c2)cc1C#Cc1nn(C(C)C)c2ncnc(N)c12,chembl_active,active
COc1ccc(-n2nc(C(C)(C)C)cc2NC(=O)Nc2ccc(Oc3ccnc(Nc4ccc5[nH]ncc5c4)n3)c3ccccc23)cn1,chembl_active,active
C=CC(=O)Nc1ccccc1Nc1nc(Nc2ccc(N3CCN(C)CC3)cc2)ncc1-c1cccs1,chembl_active,active
C=CC(=O)Nc1ccccc1Nc1nc(Nc2ccc(N3CCN(C)CC3)cc2)ncc1OCc1c(C)cccc1Cl,chembl_active,active
C=CC(=O)Nc1ccccc1Nc1nc(Nc2ccc(N3CCN(C)CC3)cc2)ncc1C(=O)Nc1c(C)cccc1Cl,chembl_active,active
Oc1ccc(Cl)c(Nc2nc(SCCN3CCOCC3)nc3c2cnn3CC(Cl)c2ccccc2)c1,chembl_active,active
CCC(=O)Nc1ccccc1Nc1nc(Nc2ccc(N3CCN(C)CC3)cc2)ncc1C(=O)Nc1c(C)cccc1Cl,chembl_active,active
Cc1ccc(NC(=O)CC(C)C(F)(F)F)cc1N1CCc2nc(Nc3ccc(N4CCN(C)CC4)cc3)ncc2C1,chembl_active,active
CCN1CCN(c2cc(Nc3ncc(-c4ccncc4)s3)nc(C)n2)CC1.Cl,chembl_active,active
Cn1cc(-c2cnc3c(-c4csc(C(=O)N[C@@H]5CCCC[C@@H]5N)c4)cnn3c2)cn1,chembl_active,active
Cc1ccc(NC(=O)c2cccc(C(F)(F)F)c2)cc1C(=O)Nc1cnc(Nc2ccc(N3CCN(C)CC3)cc2)nc1,chembl_active,active
COc1cc(Nc2nn3c(N[C@H](CO)Cc4ccccc4)cc(C4CC4)nc3c2C(N)=O)cc(OC)c1,chembl_active,active
COc1cc(Nc2c(C#N)cnc3cc(/C=C/c4cccc(CN(C)C)c4)c(OC)cc23)c(Cl)cc1Cl,chembl_active,active
CC(=O)N[C@@H](Cc1ccc(C(C(=O)O)C(=O)O)c(C(=O)O)c1)C(=O)N[C@H]1CCCCN(Cc2ccc(-c3ccccc3)cc2)C1=O,chembl_active,active
CCN1CCN(Cc2ccc(-c3ccc4c(Nc5cc(OC)c(Cl)cc5Cl)c(C#N)cnc4c3)cc2)CC1,chembl_active,active
Cc1ccc(NC(=O)c2ccc(C)c(C(F)(F)F)c2)cc1C#Cc1nn([C@H]2CC[C@H](O)CC2)c2ncnc(N)c12,chembl_active,active
CN(C)C(=O)CN1CCC(n2cc(-c3cccc(O)c3)c3c(N)ncnc32)CC1,chembl_active,active
COC(=O)CN1CCC(n2cc(-c3cccc(O)c3)c3c(N)ncnc32)C1,chembl_active,active
CC(=O)N[C@@H](Cc1ccc(OP(=O)(O)O)cc1)C(=O)N[C@H]1CCCCN(Cc2ccc(-c3cccs3)cc2)C1=O,chembl_active,active
CC(C)c1cc(NC(=O)Nc2ccc(Oc3cc(Nc4ccc5[nH]ncc5c4)ncn3)c3ccccc23)n(-c2ccc(=O)n(CCO)c2)n1,chembl_active,active
COc1ccc(N(C(=O)Oc2c(C)cccc2C)c2ccnc(Nc3ccc(N4CCN(C)CC4)cc3)n2)cc1,chembl_active,active
Cc1cc(-c2c(F)ccc(O)c2F)cc2nnc(Nc3ccc(S(=O)(=O)NCCN4CCCC4)cc3)nc12,chembl_active,active
Nc1ncnc2c1c(-c1ccc(O)cc1)cn2-c1ccc(OCCNCCO)cc1,chembl_active,active
COc1cc(-c2nn(C3CCC(N4CCN(C(C)=O)CC4)CC3)c3ncnc(N)c23)ccc1NC(=O)c1cc2ccccc2n1C,chembl_active,active
CCN(CCN1CCCC1)S(=O)(=O)c1ccc(Nc2nnc3cc(-c4cc(O)ccc4Cl)cc(C)c3n2)cc1,chembl_active,active
Cc1cc(Nc2nc3ccc(C(=O)Nc4c(C)cccc4Cl)cc3s2)nc(NCC2CCCO2)n1,chembl_active,active
Cc1cc(NC(=O)c2c(C#CC3(O)CCCC3)n(C3(C)CC3)c3ncnc(N)c23)n[nH]1,chembl_active,active
COc1cc(Nc2ncnc3c2Cc2cc(OC)c(OC)cc2N3)c(Cl)cc1Cl,chembl_active,active
Cc1cc(-c2cc(O)ccc2Cl)cc2nnc(Nc3ccc(N4CCNCC4)nc3)nc12,chembl_active,active
COc1cc(Nc2c(C#N)cnc3cc(-c4ccc(CN5CCOCC5)cc4)ccc23)c(Cl)cc1Cl,chembl_active,active
Cc1cc(-c2cc(O)ccc2Cl)cc2nnc(Nc3cccc(SCCN4CCCC4)c3)nc12,chembl_active,active
CCN1CCN(c2ccc(Nc3ncc4scc(-c5cccc(NS(C)(=O)=O)c5)c4n3)cc2)CC1,chembl_active,active
COC(=O)c1cc2cc(NCc3c(C)cccc3Cl)cnc2[nH]1,chembl_active,active
Cc1cc2nc(Nc3ccc(C(=O)N4CCN(C)CC4)cc3)nnc2cc1-c1cc(O)ccc1Cl,chembl_active,active
CSc1nc(Nc2cc(O)ccc2Cl)c2cnn(CC(Cl)c3ccccc3)c2n1,chembl_active,active
Cc1nc(Nc2ncc(C(=O)Nc3c(C)cccc3Cl)s2)cc(N2CCN(CCF)CC2)n1,chembl_active,active
COc1cc2c(Nc3ccc(Cl)cc3Cl)c(C#N)cnc2cc1OCCCN1CCC(O)CC1,chembl_active,active
COc1cc(-c2nn(CCN3CCC(N(C)C)CC3)c3ncnc(N)c23)ccc1NCc1ccccc1,chembl_active,active
Cc1cc(-c2cc(O)ccc2Cl)cc2nnc(Nc3ccc(C(=O)N4CCNCC4)cc3)nc12,chembl_active,active
Cc1cc(-c2c(Cl)ccc(O)c2Cl)cc2nnc(Nc3ccc(S(=O)(=O)N(C)CCN4CCCC4)cc3)nc12,chembl_active,active
CCOc1cc2c(Nc3cc(OC)c(Cl)cc3Cl)c(C#N)cnc2cc1C#Cc1cccc(CN(C)C)n1,chembl_active,active
COc1cc(Nc2c(C#N)cnc3cc(C#Cc4cncc(CN(C)C)c4)c(OC)cc23)c(Cl)cc1Cl,chembl_active,active
CN[C@@H]1CC2OC([C@@H]1OC)n1c3ccccc3c3c4c(c5c6ccccc6n2c5c31)C(=O)NC4,chembl_active,active
COc1cc(Nc2c(C#N)cnc3cc(-c4coc(CN5CCN(c6ccccc6)CC5)c4)c(OC)cc23)c(Cl)cc1Cl,chembl_active,active
Cc1cc(-c2cc(O)ccc2Cl)cc2nnc(Nc3ccc(S(=O)(=O)NCCN4CCCC4)cc3)nc12,chembl_active,active
Cc1cccc(C)c1/C=C/n1cnc2c(Nc3ccc(P(C)(C)=O)cc3)nc(N(C)C)nc21,chembl_active,active
Cc1cc2nc(Nc3ccc(S(=O)(=O)N(C)CCN4CCCC4)cc3)nnc2cc1-c1cc(O)ccc1Cl,chembl_active,active
CCN1CCN(CCc2ccc(-c3ccc4c(Nc5cc(OC)c(Cl)cc5Cl)c(C#N)cnc4c3)cc2)CC1,chembl_active,active
COc1cc(Nc2c(C#N)cnc3cc(-c4csc(CN5CCN(C)CC5)c4)ccc23)c(Cl)cc1Cl,chembl_active,active
COc1cc(Nc2c(C#N)cnc3cc(-c4cc(CN5CCN(C)CC5)cs4)ccc23)c(Cl)cc1Cl,chembl_active,active
Cc1cc(-c2c(F)ccc(O)c2F)cc2nnc(Nc3ccc(S(=O)(=O)CCCN4CCCC4)cc3)nc12,chembl_active,active
COc1cc(Nc2c(C#N)cnc3cc(-c4ccc(CN5CCN(C)CC5)cc4)ccc23)c(Cl)cc1Cl,chembl_active,active
COc1cc2c(Nc3ccc(Cl)cc3Cl)c(C#N)cnc2cc1OCCCN1CCOCC1,chembl_active,active
COc1cc(Nc2c(C#N)cnc3cc(C#CCCN4CCN(C)CC4)c(OC)cc23)c(Cl)cc1Cl,chembl_active,active
CCCP(=O)(CCC)c1ccc(Nc2nc(C(C)C)nc3c2ncn3CC)cc1,chembl_active,active
Cc1n[nH]c2ccc(-c3cc(N[C@@H](CO)c4ccccc4)cnc3-c3cc(Cl)ccc3O)cc12,chembl_active,active
COc1cc(Nc2c(C#N)cnc3cc(-c4ccc(CN(C)C)cn4)ccc23)c(Cl)cc1Cl,chembl_active,active
COCCN1CCN(CCO/N=C2C(=C3/C(=O)Nc4cc(Br)ccc43)/Nc3ccccc3/2)CC1.Cl.Cl,chembl_active,active
COc1cc(Nc2c(C#N)cnc3cc(OC)c(OC)cc23)c(C)cc1Cl,chembl_active,active
Cc1ccc(NC(=O)c2ccc(CN3CCN(C)CC3)cc2)cc1C#Cc1nn(C(C)C)c2ncnc(N)c12,chembl_active,active
CNC(=O)c1ccc(Nc2ncc3c(n2)CCN(c2cc(NC(=O)c4cccc(C(F)(F)F)c4)ccc2C)C3)cn1,chembl_active,active
C=CC(=O)N1CCC[C@H](n2c(=O)n(-c3ccc(Oc4ccccc4)cc3)c3c(N)ncnc32)C1,chembl_active,active
COCC(=O)Nc1cc(Oc2ccc(NC(=O)Nc3cc(C(C)(C)C)nn3-c3ccc(C)cc3)c3ccccc23)ccn1,chembl_active,active
Cc1ccc(-n2nc(C(C)(C)C)cc2NC(=O)Nc2ccc(Oc3ccnc4[nH]c(=O)n(C)c34)c3ccccc23)cc1,chembl_active,active
Cc1ccc(NC(=O)c2ccc(C(C)(C)C)s2)cc1Nc1nc2ccccc2n1-c1cc(N)ncn1,chembl_active,active
Cc1ccc(-n2nc(C(C)(C)C)cc2NC(=O)Nc2ccc(Oc3ccnc(Nc4cccc(C(=O)N5CCOCC5)c4)n3)c3ccccc23)cc1,chembl_active,active
CCCP(=O)(CCC)c1ccc(Nc2ncnc3c2ncn3/C=C/c2c(C)cccc2C)cc1,chembl_active,active
Cc1ccc(NC(=O)c2cccc(C(F)(F)F)c2)cc1C#Cc1nn(C(C)C)c2ncnc(N)c12,chembl_active,active
COc1ccccc1N(C(=O)Oc1c(C)cccc1C)c1ccnc(Nc2ccc(N3CCN(C)CC3)cc2)n1,chembl_active,active
COc1ccc(N(C(=O)Oc2c(C)cccc2C)c2ccnc(Nc3ccc(OCCN(C)C)cc3)n2)c(OC)c1,chembl_active,active
C=CC(=O)Nc1ccccc1Nc1nc(Nc2ccc(N3CCN(C)CC3)c(C)c2)ncc1C(=O)Nc1c(C)cccc1Cl,chembl_active,active
Cc1ccc(C(=O)Nc2ccc(CN3CCN(C)CC3)cc2)cc1C#Cc1nn(C(C)C)c2ncnc(N)c12,chembl_active,active
COc1ccc(N(C(=O)Oc2c(C)cccc2C)c2ccnc(Nc3ccc(OCCCN(C)C)cc3)n2)c(OC)c1,chembl_active,active
CC(=O)N[C@@H](Cc1ccc(C(F)(F)P(=O)(O)O)cc1)C(=O)N[C@H]1CCCCN(Cc2ccc(-c3ccccc3)cc2)C1=O,chembl_active,active
Cc1ccc(-n2nc(C(C)(C)C)cc2NC(=O)Nc2ccc(Oc3ccnc(Nc4ccc5c(c4)NC(=O)C5)n3)c3ccccc23)cc1,chembl_active,active
COc1cc(Nc2c(C#N)cnc3cc(-c4ccc(CN5CCN(C)CC5)cn4)ccc23)c(Cl)cc1Cl,chembl_active,active
Cc1ccc(-n2nc(C(C)(C)C)cc2NC(=O)Nc2ccc(Oc3ccnc(Nc4ccc5c(c4)ncn5C)n3)c3ccccc23)cc1,chembl_active,active
Cn1c(=O)c(-c2c(Cl)cccc2Cl)cc2cnc(Nc3ccc(OCCCC(=O)O)cc3)nc21,chembl_active,active
COc1ccc(-n2nc(C(C)C)cc2NC(=O)Nc2ccc(Oc3ccnc(Nc4cc(C)c5[nH]ncc5c4)n3)c3ccccc23)cc1,chembl_active,active
C=CC(=O)Nc1ccccc1Nc1nc(Nc2ccc(N3CCN(C)CC3)cc2)ncc1Cl,chembl_active,active
Cc1ccc(C(=O)Nc2ccc(CN3CCN(CCO)CC3)c(C(F)(F)F)c2)cc1C#Cc1nn(C(C)C)c2ncnc(N)c12,chembl_active,active
COc1ccc(-c2nn(C3CCC(C)C3)c3ncnc(N)c23)cc1O,chembl_active,active
CC(C)n1nc(-c2ccc(Cl)c(O)c2)c2c(N)ncnc21,chembl_active,active
Nc1ncnc2c1c(-c1cccc(O)c1)cn2C1CCC1,chembl_active,active
NC(=O)CN1CCC(n2cc(-c3cccc(O)c3)c3c(N)ncnc32)C1,chembl_active,active
CN(CCOP(=O)(O)CP(=O)(O)O)CCc1ccc(-n2cc(-c3cccc(O)c3)c3c(N)ncnc32)cc1,chembl_active,active
CN1CCC(Oc2cc(OCCF)cc3ncnc(Nc4c(Cl)ccc5c4OCO5)c23)CC1,chembl_active,active
CNC(=O)c1ncc(C#Cc2cc(C(=O)Nc3ccc(CN4CCN(CCO)CC4)c(C(F)(F)F)c3)ccc2C)n1C,chembl_active,active
Cc1cc(-c2cc(O)ccc2Br)cc2nnc(Nc3ccc(S(=O)(=O)NCCN4CCCC4)cc3)nc12,chembl_active,active
COc1cc(Nc2c(C#N)cnc3cc(C#CCCN4CCOCC4)c(OC)cc23)c(Cl)cc1Cl,chembl_active,active
CCOc1cc2c(Nc3cc(OC)c(Cl)cc3Cl)c(C#N)cnc2cc1C#CCCN1CCN(C)CC1,chembl_active,active
COc1cc(Nc2c(C#N)cnc3cc(/C=C/c4ccncc4)c(OC)cc23)c(Cl)cc1Cl,chembl_active,active
N#CN1CCC[C@@H](n2nc(-c3ccc(Oc4ccccc4)cc3)c(C(N)=O)c2N)C1,chembl_active,active
Cc1cc2nc(Nc3ccc(OCCN4CCCC4)cc3)nnc2cc1-c1cc(O)ccc1Cl,chembl_active,active
Cc1cc(-c2cc(O)ccc2Cl)cc2nnc(Nc3cccc(S(=O)(=O)NCCN(C)C)c3)nc12,chembl_active,active
COc1cc(Nc2c(C#N)cnc3cc(C#Cc4cccc(CN5CCN(C)CC5)n4)c(OC)cc23)c(Cl)cc1Cl,chembl_active,active
COc1cc(Nc2c(C#N)cnc3cc(/C=C/c4cc[n+]([O-])cc4)ccc23)c(Cl)cc1Cl,chembl_active,active
COc1cc(Nc2c(C#N)cnc3cc(-c4cc(CN5CCCCC5)cs4)ccc23)c(Cl)cc1Cl,chembl_active,active
COc1cc(Nc2c(C#N)cnc3cc(C#Cc4cccc(CCN5CCN(C)CC5)n4)c(OC)cc23)c(Cl)cc1Cl,chembl_active,active
Cc1cc(-c2cc(O)ccc2Cl)cc2nnc(Nc3ccc(SCCN4CCCC4)cc3)nc12,chembl_active,active
Nc1c(C(=O)c2cc3ccccc3o2)cnn1-c1cc(O)ccc1Cl,chembl_active,active
COc1cc(Nc2c(C#N)cnc3cc(OC)c(OC)cc23)c(Cl)cc1Cl,chembl_active,active
CCN(CC)CCN(C)Cc1ccc(Nc2nnc3cc(-c4cc(O)ccc4Cl)cc(C)c3n2)cc1,chembl_active,active
Cc1ccc(-c2nn(C(C)C)c3ncnc(N)c23)cc1O,chembl_active,active
COc1cc2ncc(C#N)c(Nc3ccc(Cl)cc3Cl)c2cc1OC,chembl_active,active
COc1cc(Nc2c(C#N)cnc3cc(-c4cc(CN5CCSCC5)cs4)ccc23)c(Cl)cc1Cl,chembl_active,active
Cc1ccc(C(=O)Nc2ccc(CN3CCN(C)CC3)c(C(F)(F)F)c2)cc1C#Cc1c(N)ncc2ccc(Cl)cc12,chembl_active,active
COc1cc(Nc2c(C#N)cnc3cc(C#Cc4cccc(CN(C)C)n4)c(OC)cc23)c(Cl)cc1Cl,chembl_active,active
Cc1cccc(C)c1-c1cc(C)c2nc(Nc3ccc(C(=O)NCCN(C)C)cc3)nnc2c1,chembl_active,active
COc1cc(Nc2c(C#N)cnc3cc(OC)c(OC)cc23)c(C)cc1C,chembl_active,active
COc1cc(Nc2c(C#N)cnc3cc(-c4ccc(CN5CCN(CCO)CC5)cc4)ccc23)c(Cl)cc1Cl,chembl_active,active
COc1ccc(Cl)c(Nc2c(C#N)cnc3cc(/C=C/c4ccncc4)c(OC)cc23)c1,chembl_active,active
COCCOc1cc2ncc(C#N)c(Nc3ccc(Cl)cc3Cl)c2cc1OC,chembl_active,active
COc1cc(Nc2c(C#N)cnc3cc(/C=C/CCN4CCOCC4)c(OC)cc23)c(Cl)cc1Cl,chembl_active,active
Cc1cc(-c2cc(O)ccc2Cl)cc2nnc(Nc3cccc(C(=O)NCCN(C)C)c3)nc12,chembl_active,active
Cc1cc(-c2cc(O)ccc2Cl)cc2nnc(Nc3ccc(S(=O)(=O)N(CCN4CCCC4)C(C)C)cc3)nc12,chembl_active,active
COc1ccc(Cn2ncc(NC(=O)c3cc(NC(=O)Nc4ccc(Cl)c(C(F)(F)F)c4)ccc3C)c2N)cc1,chembl_active,active
O=C1Nc2cc(Br)ccc2/C1=C1Nc2ccccc2C/1=N\OCCN1CCCC1,chembl_active,active
COc1cc(Nc2c(C#N)cnc3cc(C#Cc4ccc(CN(C)C)cn4)c(OC)cc23)c(Cl)cc1Cl,chembl_active,active
COc1cc(Nc2c(C#N)cnc3cc(C#CCCN(C)C)c(OC)cc23)c(Cl)cc1Cl,chembl_active,active
Nc1ncnc2c1c(-c1cc(O)cc(F)c1)nn2C1CCCC1,chembl_active,active
CC1(C)CC(NC(=O)c2cccc(-c3cc4nccc(Nc5cccc(O)c5)n4n3)c2)CC(C)(C)N1[O],chembl_active,active
CCOC(=O)C[C@@H]1C[C@H](n2cc(-c3ccc(O)cc3)c3c(N)ncnc32)CN1,chembl_active,active
Cc1nc(Nc2cc(-n3c(Nc4c(C)cccc4Cl)nc4ccccc43)ncn2)cc(N2CCN(CCO)CC2)n1,chembl_active,active
COc1cc(Nc2nn3c(N[C@H](CO)Cc4c[nH]c5ccccc45)cc(C4CC4)nc3c2C(N)=O)cc(OC)c1,chembl_active,active
COc1cc(Nc2nn3c(N[C@H](CO)Cc4cccnc4)cc(C4CC4)nc3c2C(N)=O)cc(OC)c1,chembl_active,active
COC(C(=O)N1Cc2[nH]nc(NC(=O)c3ccc(N4CCN(C)CC4)cc3)c2C1)c1ccccc1,chembl_active,active
C=CC(=O)Nc1ccccc1Nc1nc(Nc2ccccc2N2CCN(C)CC2)ncc1C(=O)Nc1c(C)cccc1Cl,chembl_active,active
C=CC(=O)Nc1ccccc1Nc1nc(Nc2ccc(N3CCN(C)CC3)cc2)ncc1OCc1ccc(C)cc1,chembl_active,active
C=CC(=O)Nc1ccccc1Nc1nc(Nc2ccc(N3CCN(C)CC3)cc2)ncc1-c1ccc(Oc2ccccc2)cc1,chembl_active,active
Cc1ccc(-n2nc(C(C)(C)C)cc2NC(=O)Nc2ccc(Oc3ccnc(Nc4cccc(C(N)=O)c4)n3)c3ccccc23)cc1,chembl_active,active
CCn1nc(C#Cc2cccc(C(=O)Nc3ccc(CN4CCN(C)CC4)c(C(F)(F)F)c3)c2)c2c(N)ncnc21,chembl_active,active
COc1ccc(Cl)c(Nc2ncnc3cc(OCC4CCN(C)CC4)c(OC)cc23)c1,chembl_active,active
Cc1cc(-c2cc(O)ccc2Cl)cc2nnc(Nc3ccc(S(=O)(=O)CCCN4CCCC4)cc3)nc12,chembl_active,active
CC(C)Oc1cc(OCCN2CCOCC2)cc2ncnc(Nc3c(Cl)ccc4c3OCO4)c12,chembl_active,active
COc1cc2c(Nc3c(Cl)ccc4c3OCO4)ncnc2cc1OCC1CCN(C)CC1,chembl_active,active
COc1cc2c(Nc3c(Cl)ccc4c3OCO4)ncnc2cc1OCCCN1CCCC1,chembl_active,active
COc1ccc(-n2nc(C(C)(C)C)cc2NC(=O)Nc2ccc(Oc3ccnc4[nH]c(=O)n(C)c34)c(Cl)c2Cl)cc1,chembl_active,active
COc1ccc(N(C(=O)Oc2c(C)cccc2C)c2ccnc(Nc3ccc(OCCCN4CCN(C)CC4)c(F)c3)n2)c(OC)c1,chembl_active,active
COc1ccc(Cl)c(Nc2ncnc3cc(OCCCN4CCOCC4)cc(OC4CCOCC4)c23)n1,chembl_active,active
COc1cnc(Cl)c(Nc2ncnc3cc(OCCCN4CCOCC4)cc(OC(C)C)c23)c1,chembl_active,active
Cc1ccc(NC(=O)c2cccc(C(F)(F)F)c2)cc1N1CCc2nc(Nc3ccc(C(=O)N4CCN(C)CC4)nc3)ncc2C1,chembl_active,active
C#Cc1cc(Nc2nccc(Oc3ccc(NC(=O)Nc4cc(C(C)(C)C)nn4C)c4ccccc34)n2)cc(C(=O)NCCN2CCOCC2)c1,chembl_active,active
COCCOCCOCCOc1cc(Nc2nccc(Oc3ccc(NC(=O)Nc4cc(C(C)(C)C)nn4C)c4ccccc34)n2)cc(OC)c1,chembl_active,active
CC(C)(C)c1cc(NC(=O)Nc2ccc(Oc3ccnc4[nH]c(=O)cnc34)c3ccccc23)n(-c2ccccc2)n1,chembl_active,active
Cc1ccc(-c2nn(C(C)(C)C)c3ncnc(N)c23)cc1,chembl_active,active
CCOC(=O)C[C@H]1C[C@@H](n2cc(-c3ccc(O)cc3)c3c(N)ncnc32)CN1,chembl_active,active
CC(C)(C)OC(=O)N1CCC(n2cc(-c3cccc(O)c3)c3c(N)ncnc32)C1,chembl_active,active
COc1ccc(-n2nc(C(C)(C)C)cc2NC(=O)Nc2ccc(Oc3ccnc(Nc4cc(C)c5[nH]ncc5c4)n3)c3ccccc23)cc1,chembl_active,active
COc1cc(Nc2c(C#N)cnc3cc(-c4ccc(CN5CCSCC5)cn4)ccc23)c(Cl)cc1Cl,chembl_active,active
COc1cc2c(Nc3cc(OC)c(OC)c(OC)c3)c(C#N)cnc2cc1OCCCN1CCN(C)CC1,chembl_active,active
Cc1cc(-c2cc(O)ccc2Cl)cc2nnc(Nc3ccc(S(=O)(=O)C4CCNCC4)cc3)nc12,chembl_active,active
COc1cc2c(Nc3cc(OC)c(OC)c(OC)c3)c(C#N)cnc2cc1OCCCN1CCC(O)CC1,chembl_active,active
C[C@H]1CNC(=O)c2cnn3ccc(nc23)N[C@H](C)c2cc(F)ccc2O1,chembl_active,active
Cc1cc(-c2cccc(O)c2F)cc2nnc(Nc3ccc(S(=O)(=O)NCCN4CCCC4)cc3)nc12,chembl_active,active
COc1cc(Nc2c(C#N)cnc3cc(C#Cc4cccc(CCN(C)C)n4)c(OC)cc23)c(Cl)cc1Cl,chembl_active,active
COc1cc(Nc2c(C#N)cnc3cc(C#Cc4ccc(CN(C)C)cc4)c(OC)cc23)c(Cl)cc1Cl,chembl_active,active
C[C@H]1Oc2cc(cnc2N)Cc2c(nn(C)c2C#N)CN(C)C(=O)c2ccc(F)cc21,chembl_active,active
COc1cc(Nc2c(C#N)cnc3cc(/C=C/CCCN4CCOCC4)c(OC)cc23)c(Cl)cc1Cl,chembl_active,active
COc1cc(Nc2c(C#N)cnc3cc(C#CCCN4CCNCC4)c(OC)cc23)c(Cl)cc1Cl,chembl_active,active
Cc1cccc(Cl)c1/C=C/n1cnc2c(Nc3ccc(P(C)(C)=O)cc3)ncnc21,chembl_active,active
Cc1cc(NC(=O)c2c(C#CC(C)(C)O)n(C3(C)CC3)c3ncnc(N)c23)n[nH]1,chembl_active,active
COc1cc2c(Nc3cc(OC)c(OC)c(OC)c3)c(C#N)cnc2cc1OCCCN1CCCCC1,chembl_active,active
Cc1cccc(C)c1-c1cc(C)c2nc(Nc3ccnc(OCCN4CCCC4)c3)nnc2c1,chembl_active,active
Cn1c(=O)c(-c2c(Cl)cccc2Cl)cc2cnc(Nc3cccc(CO)c3)nc21,chembl_active,active
Cc1n[nH]c2ccc(-c3cc(N[C@@H](CO)c4ccccc4)cnc3-c3cc(F)ccc3O)cc12,chembl_active,active
Cc1cc(-c2cc(O)ccc2Cl)cc2nnc(Nc3nc(C(=O)NCCN4CCCC4)cs3)nc12,chembl_active,active
Cc1cc(Nc2ncc3cc(-c4cccc(NC(=O)c5ccccc5)c4C)c(=O)n(C[C@H]4CCCO4)c3n2)ccc1N1CCN(C)CC1,chembl_active,active
COc1cc(Nc2c(C#N)cnc3cc(-c4cc(CN5CCOCC5)cs4)ccc23)c(Cl)cc1Cl,chembl_active,active
Cc1n[nH]c2ccc(-c3cc(N[C@@H](CO)c4ccccc4)cnc3-c3ccc(F)cc3O)cc12,chembl_active,active
COc1ccc(Cl)c(Nc2ncnc3cc(OCCCN4CCCC4)cc(OC(C)C)c23)n1,chembl_active,active
COc1ccc(N(C(=O)Oc2c(C)cccc2C)c2ccnc(Nc3ccc(N4CCN(C)CC4)cc3)n2)c(OC)c1,chembl_active,active
Nc1ncnc2c1c(-c1cccc(O)c1)cn2C1CCNC1,chembl_active,active
COc1ccc(N(C(=O)Oc2c(C)cccc2C)c2ccnc(Nc3ccc(OCCN4CCN(C)CC4)cc3)n2)c(OC)c1,chembl_active,active
Cc1ccc(-n2nc(C(C)(C)C)cc2NC(=O)Nc2ccc(Oc3ccnc(Nc4cccc(C(=O)N(C)C)c4)n3)c3ccccc23)cc1,chembl_active,active
COc1cc(-n2nc(C(C)(C)C)cc2NC(=O)Nc2ccc(Oc3ccnc4[nH]c(=O)cnc34)c3ccccc23)ccc1CO,chembl_active,active
COc1cccc(-c2cn(C3CCN(CCN(C)CCO)CC3)c3ncnc(N)c23)c1,chembl_active,active
CC(C)(C)c1cc(NC(=O)Nc2ccc(Oc3ccnc4[nH]c(=O)cnc34)c3ccccc23)n(-c2ccc(S(C)(=O)=O)cc2)n1,chembl_active,active
CN1CCC(COc2cc(OC3CCOCC3)c3c(Nc4c(Cl)ccc5c4OCO5)ncnc3c2)CC1,chembl_active,active
Cc1ccc(-n2nc(C(C)(C)C)cc2NC(=O)Nc2ccc(Oc3ccnc(Nc4ccc5ncn(C)c5c4)n3)c3ccccc23)cc1,chembl_active,active
Clc1ccc2c(c1Nc1ncnc3cc(OCCN4CCCC4)cc(OC4CCOCC4)c13)OCO2,chembl_active,active
Cc1cccc(C)c1-c1cc(C)c2nc(Nc3cccc(OCCN4CCCC4)c3)nnc2c1,chembl_active,active
C=CC(=O)Nc1ccccc1Nc1nc(Nc2ccc(N3CCN(C)CC3)cc2)ncc1-c1ccc(OC)nc1,chembl_active,active
C=CC(=O)Nc1ccccc1Nc1nc(Nc2ccc(N3CCN(C)CC3)cc2)ncc1-c1ccc(C(C)=O)cc1,chembl_active,active
C=CC(=O)Nc1ccccc1Nc1nc(Nc2ccc(N3CCN(C)CC3)cc2)ncc1OCc1ccc(Oc2ccccc2)cc1,chembl_active,active
Clc1ccc(CNc2ncnc3c2cnn3CC(Cl)c2ccc(Br)cc2)cc1,chembl_active,active
Cc1ccc(NC(=O)c2cccc(C(F)(F)F)c2)cc1N1CCc2nc(Nc3ccc(C(=O)N4CCCC4)cc3)ncc2C1,chembl_active,active
CC(C)(C)c1cc(NC(=O)Nc2ccc(Oc3ccnc4[nH]c(=O)cnc34)c3ccccc23)n(-c2ccc(Cl)c(Cl)c2)n1,chembl_active,active
Cc1ccc(NC(=O)c2cc(C(F)(F)F)ccn2)cc1N1CCc2nc(Nc3ccc(N4CCN(C)CC4)cc3)ncc2C1,chembl_active,active
COc1cc2ncc(C#N)c(Nc3ccc(Cl)cc3I)c2cc1OC,chembl_active,active
COc1ccc(-c2nn(C3CCCC3)c3ncnc(N)c23)cc1O,chembl_active,active
COc1cc(Nc2ncc(F)c(Nc3ccc4c(n3)NC(=O)C(C)(C)O4)n2)cc(OC)c1OC,chembl_active,active
Cc1nc(Nc2ncc(C(=O)Nc3c(C)noc3C)s2)cc(N2CCN(CCO)CC2)n1,chembl_active,active
Cc1cccc(C)c1-c1cc(C)c2nc(Nc3ccc(OCCN4CCCC4)cc3)nnc2c1,chembl_active,active
Cc1cc(-c2cc(O)ccc2Cl)cc2nnc(Nc3cccnc3)nc12,chembl_active,active
OC[C@H](Nc1cnc(-c2cc(Cl)ccc2O)c(-c2ccc3cnccc3c2)c1)c1ccccc1,chembl_active,active
O=C(Cc1ccc(-c2ccc(OCCN3CCOCC3)cc2)cn1)NCc1ccccc1,chembl_active,active
Cc1cc(-c2cc(O)ccc2Cl)cc2nnc(Nc3ccc(S(=O)(=O)N4CCNCC4)cc3)nc12,chembl_active,active
COc1cc2c(Nc3ccc(Cl)cc3Cl)c(C#N)cnc2cc1OCC1CCN(C)CC1,chembl_active,active
COc1cc(Cl)c(Cl)c(Nc2c(C#N)cnc3cc(/C=C/c4ncc[nH]4)ccc23)c1,chembl_active,active
CCCP(=O)(CCC)c1ccc(Nc2nc(C(C)C)nc3c2ncn3/C=C\c2c(C)cccc2C)cc1,chembl_active,active
Cc1cc(-c2cc(O)ccc2Cl)cc2nnc(Nc3ccc(S(=O)(=O)N(C)CCN4CCOCC4)cc3)nc12,chembl_active,active
Cc1ccc(F)cc1-c1cc2nnc(Nc3ccc(OCCN4CCCC4)cc3)nc2cc1C,chembl_active,active
COc1cc(Nc2c(C#N)cnc3cc(/C=C/c4cc(CN(C)C)ccn4)c(OC)cc23)c(Cl)cc1Cl,chembl_active,active
Cc1cc(-c2cc(O)ccc2Cl)cc2nnc(Nc3ccc(N4CCOCC4)nc3)nc12,chembl_active,active
C#CCO[C@@H]1[C@H](C)[C@@H](COS(=O)(=O)C=C)O[C@H]1n1nc(-c2ccc(C)cc2)c2c(N)ncnc21,chembl_active,active
CC(=O)Nc1cc(-c2c(C)cccc2C)cc2nnc(Nc3ccc(OCCN4CCCC4)cc3)nc12,chembl_active,active
Cc1cc(Nc2ncc3cc(-c4cccc(NC(=O)c5ccccc5)c4)c(=O)n(C[C@H]4CCCO4)c3n2)ccc1N1CCN(C)CC1,chembl_active,active
CC(C)n1nc(-c2ccc(F)c(O)c2)c2c(N)ncnc21,chembl_active,active
Cc1ccc(C(=O)Nc2ccc(CN3CCN(C)CC3)c(C(F)(F)F)c2)cc1C#Cc1nn(C)c2ncnc(N)c12,chembl_active,active
Cc1ccc(-n2nc(C(C)(C)C)cc2NC(=O)Nc2ccc(Oc3ccnc(Nc4cccc(C(=O)NCCN(C)C)c4)n3)c3ccccc23)cc1,chembl_active,active
CC(C)COc1cc(OC2CCN(C)CC2)c2c(Nc3c(Cl)ccc4c3OCO4)ncnc2c1,chembl_active,active
Cc1ccc(NC(=O)c2ccc(CN3CCN(C)CC3)c(C(F)(F)F)c2)cc1C#Cc1nn(C(C)C)c2ncnc(N)c12,chembl_active,active
Cc1ccc(C(=O)Nc2ccc(CN3CCN(C)CC3)c(C(F)(F)F)c2)cc1C#Cc1nn([C@@H]2CCOC2)c2ncnc(N)c12,chembl_active,active
CC(C)(C)c1cc(NC(=O)Nc2ccc(Oc3ccnc4[nH]c(=O)cnc34)c(Cl)c2Cl)n(-c2ccc(CO)cc2)n1,chembl_active,active
Cc1ccc(-n2nc(C(C)(C)C)cc2NC(=O)Nc2ccc(Oc3ccnc4[nH]c(=O)[nH]c34)c3ccccc23)cc1,chembl_active,active
COc1ccc(-n2nc(C(C)(C)C)cc2NC(=O)Nc2ccc(Oc3ccnc4[nH]c(=O)n(C)c34)c3ccccc23)cc1,chembl_active,active
COc1ccc(Cl)c(Nc2ncnc3cc(OCCN4CCN(C)CC4)cc(OC(C)C)c23)n1,chembl_active,active
COc1cnc(Cl)c(Nc2ncnc3cc(OCCCN4CCOCC4)cc(OC4CCOCC4)c23)c1,chembl_active,active
COc1ccc(N(C(=O)Oc2c(C)cccc2C)c2ccnc(Nc3ccc(OCCN4CCCCC4)cc3)n2)c(OC)c1,chembl_active,active
COc1ccc(-n2nc(C(C)(C)C)cc2NC(=O)Nc2ccc(Oc3ccnc4[nH]c(=O)[nH]c34)c3ccccc23)cc1,chembl_active,active
Cc1ccc(-n2nc(C(C)(C)C)cc2NC(=O)Nc2ccc(Oc3ccnc(Nc4ccc5c(c4)CC(=O)N5)n3)c3ccccc23)cc1,chembl_active,active
Nc1ncnc2c1c(-c1ccc(Cl)c(O)c1)nn2[C@@H]1CCOC1,chembl_active,active
CSc1ccc(-n2nc(C(C)(C)C)cc2NC(=O)Nc2ccc(Oc3ccnc4[nH]c(=O)cnc34)c3ccccc23)cc1,chembl_active,active
C=CS(=O)(=O)Nc1ccccc1Nc1nc(Nc2ccc(N3CCN(C)CC3)cc2)ncc1C(=O)Nc1c(C)cccc1Cl,chembl_active,active
Oc1cccc(Nc2nc(SC3CCCC3)nc3c2cnn3CC(Cl)c2ccccc2)c1,chembl_active,active
Cc1ccc(C(=O)Nc2ccc(CN3CCN(C)CC3)c(C(F)(F)F)c2)cc1C#Cc1nn([C@H]2CCOC2)c2ncnc(N)c12,chembl_active,active
COC(=O)c1cc(C[C@@H](NC(C)=O)C(=O)N[C@H]2CCCCN(Cc3ccc(-c4ccccc4)cc3)C2=O)ccc1C(C(=O)O)C(=O)O,chembl_active,active
COc1cc(Nc2c(C#N)cnc3cc(-c4ccc(CN5CCOCC5)nc4)ccc23)c(Cl)cc1Cl,chembl_active,active
Cc1ccc(-n2nc(C(C)(C)C)cc2NC(=O)Nc2ccc(Oc3ccnc4[nH]c(=O)c(C)nc34)c3ccccc23)cc1,chembl_active,active
Cc1nc2c(Oc3ccc(NC(=O)Nc4cc(C(C)(C)C)nn4-c4ccccc4)c4ccccc34)ccnc2[nH]c1=O,chembl_active,active
Cc1ccc(NC(=O)c2cccc(C(F)(F)F)c2)cc1N1CCc2nc(Nc3cccc(CN4CCN(C)CC4)c3)ncc2C1,chembl_active,active
CCN1CCN(Cc2ccc(-c3cc4ncc(C#N)c(Nc5cc(OC)c(Cl)cc5Cl)c4cc3OC)cc2)CC1,chembl_active,active
COc1cc(Nc2c(C#N)cnc3cc(-c4csc(CN5CCN(C)CC5)c4)sc23)c(Cl)cc1Cl,chembl_active,active
Cc1cc(-c2c(Cl)cccc2Cl)cc2nnc(Nc3ccc(OCC[N+]4([O-])CCCC4)cc3)nc12,chembl_active,active
COc1cc(Nc2c(C#N)cnc3cc(-c4ccc(CN5CCNCC5)cc4)sc23)c(Cl)cc1Cl,chembl_active,active
Cc1cc(NC(=O)c2c(C#Cc3cccnc3)n(C3(C)CC3)c3ncnc(N)c23)n[nH]1,chembl_active,active
COc1cc(Nc2c(C#N)cnc3cc(-c4ccc(CN5CCN(CCO)CC5)cc4)sc23)c(Cl)cc1Cl,chembl_active,active
COc1cc(Nc2c(C#N)cnc3cc(-c4ccc(CN5CCN(C)CC5)o4)ccc23)c(Cl)cc1Cl,chembl_active,active
C#Cc1cc(Nc2nccc(Oc3ccc(NC(=O)Nc4cc(C(C)C)nn4C)c4ccccc34)n2)cc(C(=O)NCCN2CCOCC2)c1,chembl_active,active
COc1ccc(-n2nc(C(C)(C)C)cc2NC(=O)Nc2ccc(Oc3ccnc(Nc4ccc5[nH]ncc5c4)n3)c3ccccc23)cc1,chembl_active,active
Cc1ccc(-n2nc(C(C)C)cc2NC(=O)Nc2ccc(Oc3ccnc4[nH]c(=O)cnc34)c3ccccc23)cc1,chembl_active,active
Cc1ccc(Cl)cc1-c1cc2nnc(Nc3ccc(C(=O)N4CCN(C)CC4)cc3)nc2cc1C,chembl_active,active
CC(C)(C)c1cc(NC(=O)Nc2ccc(Oc3ccnc4[nH]c(=O)cnc34)c3ccccc23)n(-c2ccc(CO)nc2)n1,chembl_active,active
COCn1nc(C#Cc2cc(C(=O)Nc3ccc(CN4CCN(C)CC4)c(C(F)(F)F)c3)ccc2C)c2c(N)ncnc21,chembl_active,active
C=CC(=O)Nc1ccccc1Nc1nc(Nc2ccc(N3CCN(C)CC3)cc2)ncc1C(=O)Nc1c(C)cc(C)cc1Cl,chembl_active,active
O=C1Nc2ccccc2/C1=C/c1c[nH]nc1-c1ccccc1[N+](=O)[O-],chembl_active,active
Cc1cccc(Cl)c1NC(=O)c1cnc(Nc2ccc(N3CCN(C)CC3)cc2)nc1Nc1ccccc1NC(=O)CCl,chembl_active,active
COCCNCCOc1cccc(-n2cc(-c3cccc(O)c3)c3c(N)ncnc32)c1,chembl_active,active
CNC(=O)C=Cc1cnc(N)c2c(-c3ccc4c(c3)OCO4)csc12,chembl_active,active
COc1ccc(NC(=O)Nc2ccc(-c3csc4c(-c5cnn(CCO)c5)cnc(N)c34)cc2)cc1,chembl_active,active
Cc1cc(N2CCOCC2)cc2[nH]c(-c3c(NCC(O)c4cccc(Cl)c4)cc[nH]c3=O)nc12,chembl_active,active
CCN1CCN(c2ccc(Nc3nccc(-c4c(-c5cccc(C(=O)Nc6ccccc6F)c5)nc5ccccn45)n3)cc2)CC1,chembl_active,active
Nc1ncnc2c1c(-c1ccc3[nH]ccc3c1)nn2C1CCCC1,chembl_active,active
COc1cc(Nc2nn3c(N[C@@H](CO)C(C)C)cc(C4CC4)nc3c2C(N)=O)cc(OC)c1,chembl_active,active
Cn1c(=O)c(-c2c(Cl)cccc2Cl)cc2cnc(Nc3ccc(N4CCOCC4)cc3)nc21,chembl_active,active
COc1cnc(Cl)c(Nc2ncnc3cc(OCCN4CCN(C(C)=O)CC4)cc(OC(C)C)c23)n1,chembl_active,active
COc1cc(C(=O)NCCO)ccc1Nc1nccc(Oc2ccc(NC(=O)Nc3cc(C(C)C)nn3-c3ccc(C)cc3)c3ccccc23)n1,chembl_active,active
CC(C)(C)OC(=O)N1CCC(n2cc(-c3ccc(O)cc3)c3c(N)ncnc32)C1,chembl_active,active
COc1ccc(-n2nc(C(C)(C)C)cc2NC(=O)Nc2ccc(Oc3ccnc(Nc4cccc(N=S(C)(C)=O)c4)n3)c3ccccc23)cn1,chembl_active,active
CCN1CCN(Cc2ccc(-c3cc4ncc(C#N)c(Nc5cc(OC)c(Cl)cc5Cl)c4s3)cc2)CC1,chembl_active,active
Cc1cc(NC(=O)c2c(C#CCN3CCOCC3)n(C3(C)CC3)c3ncnc(N)c23)n[nH]1,chembl_active,active
COc1cc2c(Nc3cc(OC)c(OC)c(OC)c3)c(C#N)cnc2cc1OCC1CCN(C)CC1,chembl_active,active
COc1cc(Nc2c(C#N)cnc3cc(/C=C/c4cccnc4)c(OC)cc23)c(Cl)cc1Cl,chembl_active,active
Cc1cccc(C)c1/C=C/n1cnc2c(Nc3ccc(P(C)(C)=O)cc3)ncnc21,chembl_active,active
Cc1cc(NC(=O)c2cn(C(C)(C)C3CC3)c3ncnc(N)c23)n[nH]1,chembl_active,active
Cc1cc(NC(=O)c2c(C#CCC3(O)CCC3)n(C3(C)CC3)c3ncnc(N)c23)[nH]n1,chembl_active,active
Cc1cc2nc(Nc3ccc(S(=O)(=O)NCCN4CCCC4)cc3)nnc2cc1-c1cc(O)ccc1F,chembl_active,active
COc1cc2c(Nc3ccc(Cl)cc3Cl)c(C#N)cnc2cc1OCCCN1CCN(C)CC1,chembl_active,active
COc1cc(Nc2c(C#N)cnc3cc(-c4ccc(CCN(C)C)cc4)sc23)c(Cl)cc1Cl,chembl_active,active
COc1cc2c(Nc3ccc(Cl)cc3Cl)c(C#N)cnc2cc1C#CCCN1CCN(C)CC1,chembl_active,active
Cc1cc(NC(=O)c2cn(C3(C)CC3)c3ncnc(N)c23)n[nH]1,chembl_active,active
COc1cc(Nc2c(C#N)cnc3cc(/C=C/CN4CCOCC4)c(OC)cc23)c(Cl)cc1Cl,chembl_active,active
CCCCP(=O)(CCCC)c1ccc(Nc2nc(C(C)C)nc3c2ncn3CC)cc1,chembl_active,active
COc1cc(Nc2nn3c(N4CCC[C@@H]4CO)cc(C4CC4)nc3c2C(N)=O)cc(OC)c1,chembl_active,active
COc1cc(Nc2c(C#N)cnc3cc(OCC4CCCN(C)C4)c(OC)cc23)c(Cl)cc1Cl,chembl_active,active
C=CC(=O)Nc1ccccc1Nc1nc(Nc2ccc(N3CCN(C)CC3)cc2)ncc1C(=O)Nc1c(C)cc(Cl)cc1Cl,chembl_active,active
CCP(=O)(CC)c1ccc(-n2nc(C(C)(C)C)cc2NC(=O)Nc2ccc(Oc3ccnc(Nc4ccccc4)n3)c3ccccc23)cc1,chembl_active,active
CN1CCN([C@H]2CC[C@H](n3cc(-c4ccc(Oc5ccccc5)cc4)c4c(N)ncnc43)CC2)CC1,chembl_active,active
CCN(CC)CCOc1ccc(Nc2ncc3cc(-c4c(Cl)cccc4Cl)c(=O)n(C)c3n2)cc1,chembl_active,active
Cc1cccc(C)c1-c1cc(C)c2nc(Nc3ccc(NS(=O)(=O)CCN4CCCC4)cc3)nnc2c1,chembl_active,active
COc1cc(Nc2c(C#N)cnc3cc4c(cc23)ncn4CCN2CCOCC2)c(Br)cc1Cl,chembl_active,active
Cc1cccc(C)c1-c1cc(C)c2nc(Nc3ccc(C(=O)N4CCN(C)CC4)cc3)nnc2c1,chembl_active,active
CNC(=O)c1cccc(Nc2nccc(Oc3ccc(NC(=O)Nc4cc(C(C)(C)C)nn4-c4ccc(C)cc4)c4ccccc34)n2)c1,chembl_active,active
CCn1c(=O)[nH]c2nccc(Oc3ccc(NC(=O)Nc4cc(C(C)(C)C)nn4-c4ccc(OC)cc4)c4ccccc34)c21,chembl_active,active
Cc1ccc(C(=O)Nc2ccc(CN3CCN(C)CC3)c(C(F)(F)F)c2)cc1C#Cc1nn(C2CCC2)c2ncnc(N)c12,chembl_active,active
COc1cc(Nc2c(C#N)cnc3cc(C#Cc4ccc(CN5CCN(C)CC5)cn4)c(OC)cc23)c(Cl)cc1Cl,chembl_active,active
CC[C@H](C)[C@H](NC(=O)[C@H](CCC(=O)O)NC(=O)[C@H](CCC(=O)O)NC(=O)[C@H](Cc1ccc(OP(=O)(O)O)cc1)NC(C)=O)C(=O)O,chembl_active,active
Cc1cccc(C)c1-c1cc(C)c2nc(Nc3ccc(S(=O)(=O)NCCN4CCCC4)cc3)nnc2c1,chembl_active,active
Cc1ccc(-n2nc(C(C)(C)C)cc2NC(=O)Nc2ccc(Oc3ccnc4[nH]c(=O)cnc34)c3ccccc23)cc1,chembl_active,active
COc1cc2c(Nc3nc4ccccc4s3)c(C#N)cnc2cc1OCCN1CCN(C)CC1,chembl_active,active
Cn1c(=O)c(-c2c(Cl)cccc2Cl)cc2cnc(Nc3ccc(CCO)cc3)nc21,chembl_active,active
COc1cc(Nc2c(C#N)cnc3cc(-c4ccc(CN(C)C)cc4)sc23)c(Cl)cc1Cl,chembl_active,active
CCN(CCOc1ccc(Nc2ncc3cc(-c4c(Cl)cccc4Cl)c(=O)n(C)c3n2)cc1)C(C)=O,chembl_active,active
Cc1cc(-c2c(Cl)cccc2Cl)cc2nnc(Nc3ccc(OCCN4CCCC4)cc3)nc12,chembl_active,active
COc1cc(Nc2c(C#N)cnc3cc(OCCCn4nccn4)c(OC)cc23)c(Cl)cc1Cl,chembl_active,active
CC(C)(C)n1cc(C(=O)Nc2cc(Br)[nH]n2)c2c(N)ncnc21,chembl_active,active
Nc1ncnc2c1c(-c1ccc(Br)c(O)c1)nn2C1CCC1,chembl_active,active
CCN(CC)CCOc1ccc(Nc2nnc3cc(-c4c(C)cccc4C)cc(C)c3n2)cc1,chembl_active,active
COC(=O)c1cc2cc(NCc3c(Cl)cccc3Cl)cnc2[nH]1,chembl_active,active
Cl.O=C1Nc2ccc(F)cc2/C1=C1Nc2ccccc2C/1=N\OCCN1CCNCC1,chembl_active,active
COc1cc(Oc2ccncc2)c2c(Nc3c(Cl)ccc4c3OCO4)ncnc2c1,chembl_active,active
COCCOc1cc2c(cc1OC)Nc1ncnc(Nc3cc(OC)c(Cl)cc3Cl)c1C2,chembl_active,active
Cc1cccc(C)c1-c1cc(N)c2nc(Nc3ccc(OCCN4CCCC4)cc3)nnc2c1,chembl_active,active
COc1cc(Nc2c(C#N)cnc3cc(/C=C/c4ccncc4)ccc23)c(Cl)cc1Cl,chembl_active,active
Cc1ccc(-n2nc(C3(C)CC3)cc2NC(=O)Nc2ccc(Oc3ccnc4[nH]c(=O)cnc34)c3ccccc23)cc1,chembl_active,active
CC(C)Sc1nc(Nc2cccc(O)c2)c2cnn(CC(Cl)c3ccccc3)c2n1,chembl_active,active
Cc1ccc(-n2nc(C(C)(C)C)cc2NC(=O)Nc2ccc(Oc3ccnc(Nc4ccccc4)n3)c3ccccc23)cc1,chembl_active,active
Nc1ncnc2c1c(-c1ccccc1)cn2-c1cccc(CNCCO)c1,chembl_active,active
COC(=O)c1cc(C[C@H](NC(C)=O)C(=O)N[C@H]2CCCCN(Cc3ccc(-c4ccccc4)cc3)C2=O)ccc1C(F)(C(=O)O)C(=O)O,chembl_active,active
COc1ccc(-n2nc(C(C)(C)C)cc2NC(=O)Nc2ccc(Oc3ccnc(Nc4ccc5[nH]ccc5c4)n3)c3ccccc23)cn1,chembl_active,active
COCCN(C)CCc1ccc(-n2cc(-c3cccc(OC)c3)c3c(N)ncnc32)cc1,chembl_active,active
Cc1cc(Nc2nc3ccc(C(=O)Nc4c(C)cccc4Cl)cc3s2)nc(NCCO)n1,chembl_active,active
COc1cc2nccc(Oc3ccc(NC(=O)c4c(C)n(C)n(-c5ccccc5)c4=O)cc3F)c2cc1OC,chembl_active,active
Cc1cc(Nc2ncc(F)c(NC3C4C=CC(C4)C3C(N)=O)n2)ccc1N1CCN(C)CC1,chembl_active,active
Cn1c(=O)c(-c2c(Cl)cccc2Cl)cc2cnc(Nc3ccncc3)nc21,chembl_active,active
Nc1ncnc2c1c(-c1cccc(O)c1F)nn2C1CCCC1,chembl_active,active
CC(C)n1nc(-c2ccc(Br)c(O)c2)c2c(N)ncnc21,chembl_active,active
COc1cc2nc(Nc3ccc(S(=O)(=O)NCCN4CCCC4)cc3)nnc2cc1-c1ccccc1C,chembl_active,active
COc1ccc(Cl)c(Nc2ncnc3cc(OCN4CCN(C)CC4)c(OC)cc23)c1,chembl_active,active
COc1cc2c(Nc3c(Cl)ccc4c3OCO4)ncnc2cc1OCc1ccnc(C#N)c1,chembl_active,active
Cc1cc(NC(=O)c2nn(C(C)C)c3ncnc(N)c23)[nH]n1,chembl_active,active
Cc1cc(NC(=O)c2cn(C(C)(C)C)c3ncnc(N)c23)n[nH]1,chembl_active,active
Cc1cc(NC(=O)c2cn(C(C)(C)CF)c3ncnc(N)c23)n[nH]1,chembl_active,active
Nc1ncnc2c1c(-c1ccc(O)cc1)cn2C1CCC1,chembl_active,active
O=C(Nc1c[nH]nc1-c1nc2ccc(CN3CCOCC3)cc2[nH]1)NC1CC1,chembl_active,active
Cc1ccc(NC(=O)c2cccc(C(F)(F)F)c2)cc1N1CCc2nc(Nc3ccc(N4CCN(C)CC4)cc3)ncc2C1=O,chembl_active,active
COc1ccc(Cl)c(Nc2ncnc3cc(OCCCN4CCOCC4)c(OC)cc23)c1,chembl_active,active
Cc1cccc(Cl)c1NC(=O)c1cnc(NC(=O)C2CC2)s1,chembl_active,active
Cc1ccc(O)c(C)c1-c1cc(-c2cc(F)nc(N3CC[C@@H](N)C3)c2)cc(C(N)=O)c1N,chembl_active,active
CNc1cc(-c2c(C)cccc2C)cc2nnc(Nc3ccc(OCCN4CCCC4)cc3)nc12,chembl_active,active
Cc1cc(Nc2nccc(Oc3ccc(NC(=O)Nc4cc(C(C)C)nn4-c4cccc(CP(C)(C)=O)c4)c4ccccc34)n2)cc2cn[nH]c12,chembl_active,active
Cc1ccccc1-c1cc2nnc(Nc3ccc(S(=O)(=O)NCCN4CCCC4)cc3)nc2cc1C,chembl_active,active
COc1cc2c(Nc3c(Cl)ccc4occc34)ncnc2cc1OCCCN1CCOCC1,chembl_active,active
Clc1ccc2c(c1Nc1ncnc3cc(OCCCN4CCOCC4)ccc13)OCO2,chembl_active,active
CC(C)(C)c1cc(NC(=O)Nc2ccc(Oc3ccnc(Nc4ccc5[nH]ncc5c4)n3)c3ccccc23)n(-c2ccc(O)cc2)n1,chembl_active,active
CCN(CC)CCOc1cccc(Nc2nnc3cc(-c4c(C)cccc4C)cc(C)c3n2)c1,chembl_active,active
CC1(n2cc(C(=O)Nc3cc(Br)n[nH]3)c3c(N)ncnc32)CC1,chembl_active,active
CC(C)n1nc(C#Cc2cccc(C(=O)Nc3ccc(CN4CCN(C)CC4)c(C(F)(F)F)c3)c2)c2c(N)ncnc21,chembl_active,active
COc1cc2ncc(C#N)c(Nc3ccc(Cl)cc3Br)c2cc1OC,chembl_active,active
COc1cc2c(Nc3c(Cl)ccc4ccoc34)ncnc2cc1OCCCN1CCOCC1,chembl_active,active
COc1cc(OC2CCN(C)CC2)c2c(Nc3c(Cl)ccc4c3OCO4)ncnc2c1,chembl_active,active
Cc1cccc(C)c1OC(=O)N(c1ccccc1)c1ccnc(Nc2ccc(N3CCN(C)CC3)cc2)n1,chembl_active,active
COc1cc(Nc2c(C#N)cnc3cc(C#Cc4cccc(CN(C)C)c4)c(OC)cc23)c(Cl)cc1Cl,chembl_active,active
CNS(=O)(=O)c1ccc2c(c1)/C(=C/c1[nH]c3c(c1CN1CCOCC1)CCCC3)C(=O)N2,chembl_active,active
COc1ccc(-n2nc(C(C)(C)C)cc2NC(=O)Nc2ccc(Oc3ccnc(Nc4ccc5[nH]ccc5c4)n3)c3ccccc23)cc1,chembl_active,active
COc1ccc(Cl)c(Nc2ncnc3cc(OCCN4CCN(C(C)=O)CC4)cc(OC(C)C)c23)n1,chembl_active,active
COc1ccc(Cl)c(Nc2ncnc3cc(OCCCN4CCOCC4)cc(OC4CCOCC4)c23)c1,chembl_active,active
COc1ccc(-n2nc(C(C)(C)C)cc2NC(=O)Nc2ccc(Oc3ccnc(Nc4cc(OC)cc(C(N)=O)c4)n3)c3ccccc23)cc1,chembl_active,active
COc1cc(Cl)c(Cl)c(Nc2c(C#N)cnc3cc(/C=C/c4cnccn4)c(OC)cc23)c1,chembl_active,active
COCCOCCOCCOc1cc(Nc2cc(Oc3ccc(NC(=O)Nc4cc(C(C)(C)C)nn4C)c4ccccc34)ccn2)cc(OC)c1,chembl_active,active
COc1ccc(Cl)c(Nc2c(C#N)cnc3cc(OC)c(OC)cc23)c1,chembl_active,active
CC(C)(C)c1cc(NC(=O)Nc2ccc(Oc3ccnc4[nH]c(=O)cnc34)c3ccccc23)n(-c2ccc(O)cc2)n1,chembl_active,active
Cc1cc(Nc2cc(N3CCN(C)CC3)nc(/C=C/c3ccccc3)n2)n[nH]1,chembl_active,active
CN1CCN(c2ccc(Nc3ncc4cc(-c5c(Cl)cccc5Cl)c(=O)n(C)c4n3)cc2)CC1,chembl_active,active
Cc1cc(-c2c(Cl)cccc2Cl)cc2nnc(Nc3ccc(C(=O)N4CCNCC4)cc3)nc12,chembl_active,active
Cc1cc(-c2cc(O)ccc2Cl)cc2nnc(Nc3ccc(C(=O)N4CCN(CCO)CC4)nc3)nc12,chembl_active,active
Cc1cc2nc(Nc3ccc(S(=O)(=O)NCCN4CCCC4)cc3)nnc2cc1-c1c(C)cccc1C,chembl_active,active
COc1ccc2c(c1)/C(=C1Nc3ccccc3C/1=N\OCC(O)CO)C(=O)N2,chembl_active,active
CN1CCN(Cc2ccc(NC(=O)c3ccc(Cl)c(C#Cc4cncc(N5CCOCC5)c4)c3)cc2C(F)(F)F)CC1,chembl_active,active
COc1cc(Nc2c(C#N)cnc3cc(-c4ccc(CCN5CCOCC5)cc4)c(OC)cc23)c(Cl)cc1Cl,chembl_active,active
Cc1ccc(-n2nc(C(C)(C)C)cc2NC(=O)Nc2ccc(Oc3ccnc(Nc4cc(C)c5[nH]ncc5c4)n3)c3ccccc23)cc1,chembl_active,active
COc1ccc(-n2nc(C(C)C)cc2NC(=O)Nc2ccc(Oc3cc(Nc4ccc5[nH]ncc5c4)ncn3)c3ccccc23)cc1,chembl_active,active
Nc1c(C(=O)c2cc3ccccc3[nH]2)cnn1-c1ccccc1Cl,chembl_active,active
CC(C)(C)c1cc(NC(=O)Nc2ccc(Oc3ccnc4[nH]c(=O)cnc34)c3ccccc23)n(-c2ccc(CO)cc2)n1,chembl_active,active
CCn1nc(C#Cc2cc(C(=O)Nc3ccc(CN4CCN(C)CC4)c(C(F)(F)F)c3)ccc2Cl)c2c(N)ncnc21,chembl_active,active
COc1cc2ncnc3c2cc1OCCCCCN(C)Cc1ccc(Br)cc1N3,chembl_active,active
Nc1ccc(-c2nn(C3CCCC3)c3ncnc(N)c23)cc1O,chembl_active,active
Nc1ncnc2c1c(-c1ccc(Cl)c(O)c1)nn2C1CCC1,chembl_active,active
Nc1ncnc2c1c(-c1ccc(Br)c(O)c1)nn2C1CCCC1,chembl_active,active
COc1cc(Nc2c(C#N)cnc3cc(C#CCN4CCN(C)CC4)c(OC)cc23)c(Cl)cc1Cl,chembl_active,active
COc1cccc(-c2cnc(Nc3c(C)cccc3C)c3cncn23)c1,chembl_active,active
CN1CCN(Cc2cc(-c3ccc4c(Nc5ccc(Cl)cc5Cl)c(C#N)cnc4c3)co2)CC1,chembl_active,active
CCCCNCc1ccc(-c2cc3ncc(C#N)c(Nc4cc(OC)c(Cl)cc4Cl)c3s2)cc1,chembl_active,active
COc1cc(Nc2c(C#N)cnc3cc(/C=C/c4cc[n+]([O-])cc4)ccc23)cc(OC)c1OC,chembl_active,active
CCOc1cc2ncc(C#N)c(Nc3ccc(Cl)cc3Cl)c2cc1OCC,chembl_active,active
Cc1ccc(C(=O)Nc2cc(CN3CCN(C)CC3)cc(C(F)(F)F)c2)cc1C#Cc1nn(C(C)C)c2ncnc(N)c12,chembl_active,active
CCN(CC)CCCOc1ccc(Nc2cc3nc(O)c(-c4c(Cl)cccc4Cl)cc3cn2)cc1,chembl_active,active
COc1ccc(Nc2nnc3cc(-c4cc(O)ccc4Cl)cc(C)c3n2)cn1,chembl_active,active
Cc1cc(NC(=O)c2nn(C3CC4CCC3C4)c3ncnc(N)c23)n[nH]1,chembl_active,active
COc1cc(Nc2c(C#N)cnc3cc(C#Cc4cccnc4)c(OC)cc23)c(Cl)cc1Cl,chembl_active,active
COc1ccc(N(C(=O)Oc2c(C)cccc2C)c2ccnc(Nc3ccc(OCCCN4CCCCC4)c(F)c3)n2)c(OC)c1,chembl_active,active
Cc1cccc(C)c1Nc1ncc(-c2cccs2)n2cncc12,chembl_active,active
Cc1ccc(-n2nc(C(C)(C)C)cc2NC(=O)Nc2ccc(Oc3ccnc(Nc4ccc5c(cnn5C)c4)n3)c3ccccc23)cc1,chembl_active,active
Cc1ccc(C#N)cc1-c1cc2nnc(Nc3ccc(S(=O)(=O)NCCN4CCCC4)cc3)nc2cc1C,chembl_active,active
Cc1cccc(C)c1-c1cc(C)c2nc(Nc3ccc(C(=O)N4CCNCC4)cc3)nnc2c1,chembl_active,active
Cc1cc2nc(Nc3ccc(OCCN4CCCC4)cc3)nnc2cc1-c1c(C)cccc1C,chembl_active,active
COc1cc(Nc2nn3c(N[C@@H](CO)Cc4ccccc4)cc(C4CC4)nc3c2C(N)=O)cc(OC)c1,chembl_active,active
CN1CCN(Cc2ccc(-c3ccc4c(Nc5ccc(Cl)cc5Cl)c(C#N)cnc4c3)nc2)CC1,chembl_active,active
Cc1ccc(C(=O)Nc2cc(C(F)(F)F)cc(C(F)(F)F)c2)cc1C#Cc1cc(-c2cnn(C)c2)cnc1N,chembl_active,active
Cc1ccc(C(=O)Nc2ccc(CN3CCN(C)CC3)c(C(F)(F)F)c2)cc1C#Cc1nn(C(=O)OC(C)(C)C)c2ncnc(N)c12,chembl_active,active
COc1cc(CO)cc(Nc2cc(Oc3ccc(NC(=O)Nc4cc(C(C)(C)C)cc(P(C)(C)=O)c4OC)c4ccccc34)ccn2)c1,chembl_active,active
COc1ccc(-n2nc(C(C)(C)C)cc2NC(=O)Nc2ccc(Oc3ccnc4[nH]c(=O)n(C(C)C)c34)c3ccccc23)cc1,chembl_active,active
CC(C)c1cc(NC(=O)Nc2ccc(Oc3ccnc(Nc4ccccc4)n3)c3ccccc23)n(-c2ccc(P(C)(C)=O)cc2)n1,chembl_active,active
Cc1nc(O)c2c(ccc3[nH]c(Nc4c(Cl)cccc4Cl)nc32)c1C,chembl_active,active
COc1ccc(Cl)c(Nc2c(C#N)cnc3cc(OCC4CCN(C)CC4)c(OC)cc23)c1,chembl_active,active
COC(=O)c1cc2cc(NCc3ccccc3C)cnc2[nH]1,chembl_active,active
Cc1ccc(C(=O)Nc2ccc(CN3CCN(C)CC3)c(C(F)(F)F)c2)cc1C#Cc1nn(C2CCNCC2)c2ncnc(N)c12,chembl_active,active
COc1ccc(-n2nc(C(C)(C)C)cc2NC(=O)Nc2ccc(Oc3ccnc4[nH]c(=O)cnc34)c3ccccc23)cc1,chembl_active,active
COCCOc1cc2ncc(C#N)c(Nc3ccc(Cl)cc3Cl)c2cc1OCCOC,chembl_active,active
Cc1cc(-c2cc(O)ccc2Cl)cc2nnc(Nc3ccc(C(=O)NCCN4CCCC4)o3)nc12,chembl_active,active
Cc1cc(-c2c(Cl)cccc2Cl)cc2nnc(Nc3ccnc(OCCN4CCCC4)c3)nc12.Cl,chembl_active,active
Cc1cc(-c2c(Cl)cccc2Cl)cc2nnc(Nc3ccnc(OCCN4CCCC4)c3)nc12,chembl_active,active
Cc1cc(NC(=O)c2c(C#Cc3cnn(C)c3)n(C3(C)CC3)c3ncnc(N)c23)n[nH]1,chembl_active,active
O=C(Nc1cccc(-c2nc3sccn3c2-c2ccnc(Nc3cccc(N4CCCC4=O)c3)n2)c1)c1c(F)cccc1F,chembl_active,active
Cc1cc(-c2c(O)cccc2Cl)cc2nnc(Nc3ccc(S(=O)(=O)NCCN4CCCC4)cc3)nc12,chembl_active,active
Cc1cccc(NC(=O)Nc2ccc(-c3csc4c(-c5cn[nH]c5)cnc(N)c34)cc2)c1,chembl_active,active
Cc1cccc(C)c1-c1cc(C)c2nc(Nc3ccc(OCCCN4CCCC4)cc3)nnc2c1,chembl_active,active
COc1cc(-c2nn([C@H]3CC[C@H](N4CCN(C)CC4)CC3)c3ncnc(N)c23)ccc1NC(=O)OCc1ccccc1,chembl_active,active
Cc1ccc(NC(=O)c2cccc(C(F)(F)F)c2)cc1N1Cc2cnc(N)nc2N(C)C1=O,chembl_active,active
Cc1cccc(C)c1-c1cc(C)c2nc(Nc3ccc(C(=O)NN4CCNCC4)cc3)nnc2c1,chembl_active,active
Cn1c(=O)c(-c2c(Cl)cccc2Cl)cc2cnc(Nc3ccc(CC(N)=O)cc3)nc21,chembl_active,active
Cc1cccc(C)c1OC(=O)N(c1ccnc(Nc2ccc(N3CCN(C)CC3)cc2)n1)c1ccc(F)cc1OC(C)C,chembl_active,active
Cc1cccc(Cl)c1NC(=O)c1ccc2nc(Nc3cccc(NCCO)n3)sc2c1,chembl_active,active
CNC(=O)c1ccc(Nc2ncc3c(n2)CCN(c2cc(NC(=O)c4cccc(C(F)(F)F)c4)ccc2Cl)C3)cc1,chembl_active,active
Cc1cc(NC(=O)c2c(C#CC3CCOCC3)n(C3(C)CC3)c3ncnc(N)c23)[nH]n1,chembl_active,active
CNS(=O)(=O)Cc1ccc(-n2nc(C(C)(C)C)cc2NC(=O)Nc2ccc(Oc3ccnc4[nH]c(=O)cnc34)c3ccccc23)cc1,chembl_active,active
COc1cc(Nc2c(C#N)cnc3cc(OCC4CCN(C)CC4)c(OC)cc23)c(C)cc1C,chembl_active,active
COc1cc(Nc2c(C#N)cnc3cc(-c4ccc(C(=O)N5CCN(C)CC5)cc4)sc23)c(Cl)cc1Cl,chembl_active,active
COc1cc(Nc2c(C#N)cnc3cc(-c4ccc(CN5CCN(C)CC5)cc4)sc23)c(Cl)cc1Cl,chembl_active,active
COc1cc2cc3ncc(C#N)c(Nc4ccc(Cl)cc4Cl)c3cc2cc1OCCN1CCOCC1,chembl_active,active
COc1cc(Nc2c(C#N)cnc3cc(-c4ccc(N5CCN(C)CC5)cc4)sc23)c(Cl)cc1Cl,chembl_active,active
COc1cc(Nc2c(C#N)cnc3cc(-c4ccc(CN5CCN(C)CC5)o4)c(OC)cc23)c(Cl)cc1Cl,chembl_active,active
COc1cc(Nc2c(C#N)cnc3cc(-c4ccc(CN(C)C)cn4)sc23)c(Cl)cc1Cl,chembl_active,active
Cc1cccc(C)c1Nc1ncc(-c2ccccc2)n2cncc12,chembl_active,active
COc1cc(Nc2c(C#N)cnc3cc(-c4ccc(CN5CCN(C)CC5)cn4)sc23)c(Cl)cc1Cl,chembl_active,active
COc1cc(Nc2c(C#N)cnc3cc(-c4coc(CN5CCNCC5)c4)sc23)c(Cl)cc1Cl,chembl_active,active
Cc1cccc(C)c1-c1cc(C)c2nc(Nc3cccc(C(=O)NCCCN(C)C)c3)nnc2c1,chembl_active,active
Cc1cc2nc(Nc3ccc(OCCN4CCCC4)cc3)nnc2cc1-c1cc(O)ccc1F,chembl_active,active
C=CC(=O)Nc1ccccc1Nc1nc(Nc2ccc(N3CCN(C)CC3)cc2)ncc1C(=O)Nc1c(C)cc(C#N)cc1Cl,chembl_active,active
Cc1cc(-c2c(Cl)cccc2Cl)cc2nnc(Nc3ccc(S(=O)(=O)NCCN4CCCC4)cc3)nc12,chembl_active,active
Nc1ncnc2c1c(-c1cnc3[nH]ccc3c1)nn2C1CCCC1,chembl_active,active
CCN(CC)C(=O)c1ccc(Nc2ncc3cc(-c4c(Cl)cccc4Cl)c(=O)n(C)c3n2)cc1,chembl_active,active
COc1cc(Nc2cc(Oc3ccc(NC(=O)Nc4cc(C(C)(C)C)cc(NS(C)(=O)=O)c4OC)c4ccccc34)ccn2)ccc1C(=O)O,chembl_active,active
COCCOc1cc2ncc(C#N)c(Nc3cc(OC)c(OC)c(OC)c3)c2cc1OC,chembl_active,active
Cc1cc(NC(=O)c2c(C#Cc3cncn3C)n(C3(C)CC3)c3ncnc(N)c23)[nH]n1,chembl_active,active
COc1cc(Nc2c(C#N)cnc3cc(-c4cccc(CN5CCN(C)CC5)c4)ccc23)c(Cl)cc1Cl,chembl_active,active
Nc1ncnc2c1c(-c1ccc(F)c(O)c1)nn2[C@H]1CCOC1,chembl_active,active
Cc1ccc(-n2nc(C(C)(C)C)cc2NC(=O)Nc2ccc(Oc3ccnc(Nc4ccc5[nH]nnc5c4)n3)c3ccccc23)cc1,chembl_active,active
Cc1ccc(-n2nc(C(C)(C)C)cc2NC(=O)Nc2ccc(Oc3ccnc(Nc4cnc5[nH]ccc5c4)n3)c3ccccc23)cc1,chembl_active,active
COc1c(NC(=O)Nc2ccc(Oc3ccnc(Nc4ccccc4)n3)c3ccccc23)cc(C(C)(C)C)cc1P(C)(C)=O,chembl_active,active
Nc1ncnc2c1c(-c1ccc(F)c(O)c1)nn2C1CCCCCC1,chembl_active,active
Cc1ccc(-n2nc(C(C)(C)C)cc2NC(=O)Nc2ccc(Oc3ccnc(Nc4cnc5[nH]ncc5c4)n3)c3ccccc23)cc1,chembl_active,active
COc1cc(Nc2c(C#N)cnc3cc(-c4ccc(CCN5CCOCC5)cc4)ccc23)c(Cl)cc1Cl,chembl_active,active
COc1cc2c(Nc3cccc4c3OCO4)ncnc2cc1OCCCN1CCOCC1,chembl_active,active
Cc1cccc(C)c1-c1cc2cnc(Nc3ccccc3)nc2n(C)c1=O,chembl_active,active
COc1cc(Nc2c(C#N)cnc3cc(-c4csc(CN(C)C)c4)sc23)c(Cl)cc1Cl,chembl_active,active
COc1cc(Nc2c(C#N)cnc3cc(-c4ccc(C(=O)N5CCN(C)CC5)cn4)sc23)c(Cl)cc1Cl,chembl_active,active
Cc1cccc(C)c1OC(=O)N(c1ccc2ccccc2c1)c1ccnc(Nc2ccc(N3CCN(C)CC3)cc2)n1,chembl_active,active
CCO/N=C(\C)c1ccc2c(c1)c1c3c(c4c(c1n2C(C)C)CCc1nn(C)cc1-4)C(=O)NC3,chembl_active,active
CC(C)(C)n1nc(Cc2csc3ccccc23)c2c(N)ncnc21,chembl_active,active
Cc1cccc(C)c1-c1cc(C)c2nc(Nc3nc(C(=O)NCCN4CCCC4)cs3)nnc2c1,chembl_active,active
Cc1cccc(C)c1-c1cc(C)c2nc(Nc3ccc(S(=O)(=O)NCCN(C)C)cc3)nnc2c1,chembl_active,active
C=CC(=O)N[C@H]1CC[C@@H](n2nc(-c3ccc(Oc4ccccc4)cc3)c3c(N)ncnc32)CC1,chembl_active,active
CC(C)n1nc(-c2cccc(O)c2)c2c(N)ncnc21,chembl_active,active
COCCNCCN1CCC(n2cc(-c3cccc(OC)c3)c3c(N)ncnc32)CC1,chembl_active,active
COc1cc(Nc2c(C#N)cnc3cc(-c4ccc(CCN5CCN(C)CC5)cc4)sc23)c(Cl)cc1Cl,chembl_active,active
Cc1cccc(C)c1-c1ccc2nc(Nc3ccc(OCCN4CCCC4)cc3)nnc2c1,chembl_active,active
Cc1cc(-c2c(Cl)cccc2Cl)cc2nnc(Nc3ccc(OCCN4CCCC4)nc3)nc12,chembl_active,active
CCOC(=O)C[C@H]1C[C@@H](n2cc(-c3ccccc3)c3c(N)ncnc32)CN1,chembl_active,active
C=CC(=O)N1CCC(n2nc(C#Cc3cc(C(=O)Nc4ccc(CN5CCN(C)CC5)c(C(F)(F)F)c4)ccc3C)c3c(N)ncnc32)CC1,chembl_active,active
Cc1cc2c(Nc3ccc4nc(N)sc4c3)c(C#N)cnc2cc1OCCN1CCCCC1,chembl_active,active
CNC(=O)c1ccc(Nc2ncc3c(n2)CCN(c2cc(NC(=O)c4cc(C(F)(F)F)ccn4)ccc2Cl)C3)cc1,chembl_active,active
CC(C)n1cc(C(=O)Nc2cc(Br)[nH]n2)c2c(N)ncnc21,chembl_active,active
COc1ncc(Cl)c(Nc2ncnc3cc(OCCN4CCN(C(C)=O)CC4)cc(OC(C)C)c23)n1,chembl_active,active
COc1ccc(Cl)c(Nc2ncnc3cc(OCCN4CCCC4)cc(OC(C)C)c23)n1,chembl_active,active
COc1ccc(-c2cnc(Nc3c(C)cccc3C)c3cncn23)cc1,chembl_active,active
Cc1cccc(C)c1-c1cc(C)c2nc(Nc3ccc(C(=O)NN4CCN(C)CC4)cc3)nnc2c1,chembl_active,active
COc1cc(Nc2c(C#N)cnc3cc(C#Cc4ccc(CN(C)C)s4)c(OC)cc23)c(Cl)cc1Cl,chembl_active,active
Cc1cccc(C)c1Nc1ncc(-c2ccc(OCCN3CCCC3)cc2)n2cncc12,chembl_active,active
CC(C)(C)c1cc(NC(=O)Nc2ccc(Oc3ccnc(Nc4ccccc4)n3)c3ccccc23)n(-c2ccc(P(C)(C)=O)cc2)n1,chembl_active,active
Nc1ncnc2c1c(-c1ccc(F)c(O)c1)nn2[C@H]1CCNC1,chembl_active,active
CC(C)n1nc(C#Cc2cc(C(=O)Nc3ccc(CN4CCN(C)CC4)c(C(F)(F)F)c3)ccc2Cl)c2c(N)ncnc21,chembl_active,active
COc1cc(Nc2c(C#N)cnc3cc(-c4ccc(CN5CCOCC5)cc4)c(OC)cc23)c(Cl)cc1Cl,chembl_active,active
COc1cc(Nc2nccc(Oc3ccc(NC(=O)Nc4cc(C(C)(C)C)cc(P(C)(C)=O)c4OC)c4ccccc34)n2)cc(OC)c1,chembl_active,active
Cc1cc(O)ccc1-c1nn(C(C)C)c2ncnc(N)c12,chembl_active,active
COc1cc2ncc(C#N)c(Nc3ccc(Br)cc3Cl)c2cc1OC,chembl_active,active
COc1cc(OCCCN2CCCC2)cc2ncnc(Nc3c(Cl)ccc4c3OCO4)c12,chembl_active,active
COc1cc(Nc2c(C#N)cnc3cc(/C=C/c4cccnc4)ccc23)c(Cl)cc1Cl,chembl_active,active
COc1cc(Nc2c(C#N)cnc3cc(/C=C/CCN4CCOCC4)ccc23)c(Cl)cc1Cl,chembl_active,active
Cc1ccc2nc(Nc3c(C#N)cnc4cc(OCCCN5CCCCC5)c(C)cc34)sc2c1,chembl_active,active
Cc1cc(CC(=O)c2cn(C(C)(C)c3cccs3)c3ncnc(N)c23)n[nH]1,chembl_active,active
COC(=O)c1ccc2c(c1)NC(=O)/C2=C(\Nc1ccc(N(C)C(=O)CN2CCN(C)CC2)cc1)c1ccccc1,chembl_active,active
CCC(C)n1nc(-c2ccc(C)c(O)c2)c2c(N)ncnc21,chembl_active,active
Cc1cc(NC(=O)c2cn(C34CC(C3)C4)c3ncnc(N)c23)n[nH]1,chembl_active,active
Cn1c(=O)c(-c2c(Cl)cccc2Cl)cc2cnc(Nc3ccccc3)nc21,chembl_active,active
COc1ccc(-n2nc(C(C)(C)C)cc2NC(=O)Nc2ccc(Oc3ccnc(Nc4ccc5c(cnn5C)c4)n3)c3ccccc23)cc1,chembl_active,active
CC(C)(C)c1cc(NC(=O)Nc2ccc(Oc3ccnc(Nc4ccc5[nH]ccc5c4)n3)c3ccccc23)n(-c2ccc(O)cc2)n1,chembl_active,active
COc1cc(Nc2c(C#N)cnc3cc4[nH]cnc4cc23)c(Br)cc1Cl,chembl_active,active
Cc1ccc(-n2nc(C(C)(C)C)cc2NC(=O)Nc2ccc(Oc3cc(Nc4ccc5[nH]ncc5c4)ncn3)c3ccccc23)cc1,chembl_active,active
COCCOc1cc2c(cc1OC)Cc1c(Nc3ccc(Cl)cc3Cl)ncnc1N2,chembl_active,active
COc1cc2c(Nc3cccc4occc34)ncnc2cc1OCCCN1CCOCC1,chembl_active,active
COc1ccc(Cl)c(Nc2c(C#N)cnc3cc(/C=C/c4ccncc4)ccc23)c1,chembl_active,active
COc1ccc(-n2nc(C(C)(C)C)cc2NC(=O)Nc2ccc(Oc3ccnc4[nH]c(=O)n(C)c34)c3ccccc23)cn1,chembl_active,active
CC(C)(C)c1cc(NC(=O)Nc2ccc(Oc3ccnc4[nH]c(=O)cnc34)c3ccccc23)n(-c2ccc(Cl)cc2)n1,chembl_active,active
C=CC(=O)N1CCC[C@@H](n2nc(-c3ccc(Oc4ccccc4)cc3)c3c(N)ncnc32)C1,chembl_active,active
Cc1ccc(NC(=O)c2cccc(C(F)(F)F)c2)cc1N1CCc2nc(Nc3ccc(OCCN4CCCC4)cc3)ncc2C1=O,chembl_active,active
Cc1cccc(C)c1-c1cc(C)c2nc(Nc3ccc(N(CCN4CCCC4)C(=O)c4ccccc4)cc3)nnc2c1,chembl_active,active
COc1ccc(-n2nc(C(C)(C)C)cc2NC(=O)Nc2ccc(Oc3ccnc(Nc4cccc(OS(C)(=O)=O)c4)n3)c3ccccc23)cn1,chembl_active,active
Cc1ccc(NC(=O)c2cccc(C(F)(F)F)c2)cc1N1CCc2nc(Nc3ccc(S(=O)(=O)NC4CC4)cc3)ncc2C1,chembl_active,active
CCOC(=O)C[C@@H]1C[C@H](n2cc(-c3ccccc3)c3c(N)ncnc32)CN1,chembl_active,active
O=C(Nc1cnc2[nH]cc(-c3ccccc3)c2c1)c1c(F)cccc1F,chembl_active,active
CN1CCN(CCOc2ccc(Nc3cc4c(cn3)cc(-c3c(Cl)cccc3Cl)c(=O)n4C)cc2)CC1,chembl_active,active
CCOc1ccc(NC(=O)Nc2ccc(-c3csc4c(-c5cnn(C)c5)cnc(N)c34)cc2)cc1,chembl_active,active
CNC(=O)C(C)n1cc(-c2cnc(N)c3c(-c4ccc(NC(=O)Nc5ccc(C)cc5)cc4)csc23)cn1,chembl_active,active
Cc1cc(Nc2cc(N3CCN(C)CC3)nc(C=Cc3ccccc3)n2)n[nH]1,chembl_active,active
Cc1ccc(F)c(-c2ccc3nnc(N)n3c2)c1,chembl_active,active
Cc1cccc(C)c1-c1cc(C)c2nc(Nc3ccc(C(=O)NCCN4CCCC4)cc3)nnc2c1,chembl_active,active
CCOc1ccc(Nc2ncc3cc(-c4c(Cl)cccc4Cl)c(=O)n(C)c3n2)cc1,chembl_active,active
Cc1cc(Nc2ncc3cc(-c4c(Cl)cccc4Cl)c(=O)n(C)c3n2)ccc1F,chembl_active,active
COc1cc(Nc2cc(Oc3ccc(NC(=O)Nc4cc(C(C)(C)C)cc([S+](C)[O-])c4OC)c4ccccc34)ccn2)ccc1C(=O)O,chembl_active,active
CP(C)(=O)c1ccc(Nc2ncnc3c2ncn3/C=C/c2cccc3[nH]ncc23)cc1,chembl_active,active
CNc1ncc2cc(-c3cc(C(=O)Nc4cc(C(F)(F)F)ccc4OC4CCN(C)CC4)ccc3C)ccc2n1,chembl_active,active
C=CC(=O)Nc1cccc(Oc2nc(Nc3n[nH]c4ccccc34)cc(N3CCN(C)CC3)n2)c1,chembl_active,active
COc1cc(Nc2c(C#N)cnc3cc(-c4ccc(CN5CCCCC5)cc4)sc23)c(Cl)cc1Cl,chembl_active,active
COc1cc2c(Nc3cc(OC)c(OC)c(OC)c3)c(C#N)cnc2cc1/C=C/c1ccncc1,chembl_active,active
CNc1cc(Nc2nc3ccc(C(=O)Nc4c(C)cccc4Cl)cc3s2)ncn1,chembl_active,active
Oc1ccc(Cl)c(Nc2ncnc3c2cnn3CC(Cl)c2ccccc2)c1,chembl_active,active
Cc1ccc(-n2nc(C(C)(C)C)cc2NC(=O)Nc2ccc(Oc3ccnc(Nc4ccc5[nH]cnc5c4)n3)c3ccccc23)cc1,chembl_active,active
COc1ccc(-c2nn(C(C)C)c3ncnc(N)c23)cc1O,chembl_active,active
Nc1ncnc2c1c(-c1ccc3cc[nH]c3c1)nn2C1CCCC1,chembl_active,active
Nc1ncnc2c1c(-c1ccc(F)c(O)c1)nn2C1CNC1,chembl_active,active
CCN(CC)CCOc1cccc(Nc2ncc3cc(-c4c(Cl)cccc4Cl)c(=O)n(C)c3n2)c1,chembl_active,active
Cc1ccc(-n2nc(C(C)(C)C)cc2NC(=O)Nc2ccc(Oc3ccnc4[nH]c(=O)cnc34)c3ccccc23)s1,chembl_active,active
Cc1ccc(NC(=O)c2cccc(C(F)(F)F)c2)cc1N1CCc2nc(Nc3ccc(N4CCNCC4)cc3)ncc2C1=O,chembl_active,active
Cc1ccc(NC(=O)c2cccc(C(F)(F)F)c2)cc1N1CCc2nc(Nc3ccc(C(=O)NCCCN4CCCC4)cc3)ncc2C1=O,chembl_active,active
Cc1cccc(C)c1-c1cc(C)c2nc(Nc3ccc(C(=O)NCCN4CCCC4)o3)nnc2c1,chembl_active,active
Cc1cccc(C)c1-c1cc(C)c2nc(Nc3cccc(C(=O)NCCN4CCCC4)c3)nnc2c1,chembl_active,active
Cc1cccc(C)c1-c1cc(C)c2nc(Nc3cccc(N(CCN4CCCC4)C(=O)c4ccccc4)c3)nnc2c1,chembl_active,active
CSc1nc(Nc2cccc(Br)c2)c2cnn(CC(C)c3ccccc3)c2n1,chembl_active,active
Cc1ccc(-n2nc(C(C)(C)C)cc2NC(=O)Nc2ccc(Oc3ccnc(Nc4ccc5ncsc5c4)n3)c3ccccc23)cc1,chembl_active,active
N#Cc1ccc(-c2nc(Nc3cc(C4CC4)[nH]n3)c3ccccc3n2)cc1,chembl_active,active
N#CCCCCn1nc(-c2ccc(F)c(O)c2)c2c(N)ncnc21,chembl_active,active
COc1cc(Nc2c(C#N)cnc3cc(/C=C/CCCCN4CCOCC4)c(OC)cc23)c(Cl)cc1Cl,chembl_active,active
Cn1c(=O)c(-c2c(Cl)cccc2Cl)cc2cnc(Nc3ccc(NC(=O)CCN)cc3)nc21,chembl_active,active
COc1cc(Nc2c(C#N)cnc3cc(C#Cc4cc(CN(C)C)ccn4)c(OC)cc23)c(Cl)cc1Cl,chembl_active,active
Cc1ccc(-n2nc(C(C)(C)C)cc2NC(=O)Nc2ccc(Oc3ccnc(Nc4ccc5scnc5c4)n3)c3ccccc23)cc1,chembl_active,active
Cc1cc2nc(Nc3ccc(OCCN4CCCC4)cc3)nnc2cc1-c1cccc(O)c1,chembl_active,active
COc1cc(Nc2c(C#N)cnc3cc(-c4ccc(CN5CCN(C)CC5)cn4)ccc23)cc(OC)c1OC,chembl_active,active
COc1cc2cc3ncc(C#N)c(Nc4ccc(Cl)cc4Cl)c3cc2cc1OC,chembl_active,active
Cc1cc(Nc2ncc3cc(-c4cccc(NC(=O)c5cccc(C(F)(F)F)c5)c4)c(=O)n(C[C@H]4CCCO4)c3n2)ccc1N1CCN(C)CC1,chembl_active,active
Cc1cccc(C)c1-c1cc(C)c2nc(Nc3ccc(C(=O)NCCCN4CCCC4)o3)nnc2c1,chembl_active,active
Cc1cccc(C)c1-c1cc(C)c2nc(Nc3cccc(C(=O)NC4CCNC4)c3)nnc2c1,chembl_active,active
CC(C)Oc1cc(-n2cnc3ccc(N[C@@H](C)c4ccc(F)cn4)nc32)n[nH]1,chembl_active,active
N#Cc1cnc2cc(OCCCN3CCOCC3)c(OCCCN3CCOCC3)cc2c1Nc1ccc(Cl)cc1Cl,chembl_active,active
Cc1cc(NC(=O)c2cn(C3CCCC3)c3ncnc(N)c23)n[nH]1,chembl_active,active
COc1cc(Nc2c(C#N)cnc3cc(/C=C/c4ccccn4)ccc23)c(Cl)cc1Cl,chembl_active,active
COc1cc(Nc2c(C#N)cnc3cc(/C=C/c4ccncc4)ccc23)cc(OC)c1OC,chembl_active,active
Cc1cccc(C)c1Nc1ncc(-c2ccc(N(C)C)cc2)n2cncc12,chembl_active,active
Cc1cccc(C)c1Nc1ncc(-c2cccc(OCC3CCCN(C)C3)c2)n2cncc12,chembl_active,active
COc1c(NC(=O)Nc2ccc(Oc3ccnc(Nc4cc(C)c5[nH]ncc5c4)n3)c3ccccc23)cc(C(C)(C)C)cc1P(C)(C)=O,chembl_active,active
Cc1ccc(C(=O)Nc2ccc(CN3CCN(C)CC3)c(C(F)(F)F)c2)cc1C#Cc1nn(C2CCCC2)c2ncnc(N)c12,chembl_active,active
Cc1ccc(-n2nc([Si](C)(C)C)cc2NC(=O)Nc2ccc(Oc3ccnc(Nc4ccc5c(c4)NC(=O)C5)n3)c3ccccc23)cc1,chembl_active,active
Cc1ccc(NC(=O)c2cccc(C(F)(F)F)c2)cc1N1CCc2nc(Nc3ccc(C(=O)N4CCN(C)CC4)cc3)ncc2C1=O,chembl_active,active
Cc1ccc(NC(=O)c2cccc(Br)c2)cc1N1CCc2nc(Nc3ccc(N4CCN(C)CC4)cc3)ncc2C1=O,chembl_active,active
Cc1ccc(-n2nc(C(C)(C)C)cc2NC(=O)Nc2ccc(Oc3ccnc(Nc4ccc5[nH]ncc5c4)n3)c3ccccc23)cc1,chembl_active,active
COCCOc1cccc(-n2nc(C(C)(C)C)cc2NC(=O)Nc2ccc(Oc3ccnc(Nc4cc(C)c5[nH]ncc5c4)c3)c3ccccc23)c1,chembl_active,active
Cc1cccc(C)c1Nc1ncc(-c2ccc(OCC3CCCN(C)C3)cc2)n2cncc12.Cl,chembl_active,active
Cc1cccc(C)c1Nc1ncc(-c2ccc(OCC3CCCN(C)C3)cc2)n2cncc12,chembl_active,active
Cc1cc(F)ccc1-c1cc2nnc(Nc3ccc(S(=O)(=O)NCCN4CCCC4)cc3)nc2cc1C,chembl_active,active
Cc1ccc(-n2nc(C(C)C)cc2NC(=O)Nc2ccc(Oc3ccnc(Nc4cccc(OS(C)(=O)=O)c4)n3)c3ccccc23)cc1,chembl_active,active
Nc1ncnc2c1c(-c1cccc(O)c1)nn2-c1cccc(P(=O)(O)CC(=O)O)c1,chembl_active,active
CC(C)n1nc(-c2cnc3[nH]ccc3c2)c2c(N)ncnc21,chembl_active,active
COc1ccc(Nc2ncc3cc(-c4c(Cl)cccc4Cl)c(=O)n(C)c3n2)cc1,chembl_active,active
COc1cccc(-c2cn(-c3ccc(CCN4CCC(O)CC4)cc3)c3ncnc(N)c23)c1,chembl_active,active
CNS(=O)(=O)c1ccc2c(c1)/C(=C/c1[nH]c3c(c1CCCN1CCN(CC(=O)O)CC1)CCCC3)C(=O)N2,chembl_active,active
COc1cc2c(Nc3cccc4c(Cl)c[nH]c34)ncnc2cc1OCCCN1CCOCC1,chembl_active,active
Cc1ccc(NC(=O)Nc2cccc(C(F)(F)F)c2)cc1C#CC(=N)c1c(N)ncnc1NC(C)C,chembl_active,active
Cn1cc(-c2cnc(N)c3c(-c4ccc(NC(=O)Nc5ccc(OC(F)F)cc5)cc4)csc23)cn1,chembl_active,active
COc1ccc(Cl)c(Nc2ncnc3cc(OCCN4CCOCC4)cc(OC(C)C)c23)n1,chembl_active,active
Nc1ncnc2c1c(-c1ccc(O)cc1)cn2C1CCCC1,chembl_active,active
O=C(CCS)Nc1cccc(Nc2nccc(Nc3cc(C4CC4)[nH]n3)n2)c1,chembl_active,active
CNC1CC2OC(C)(C1OC)n1c3ccccc3c3c4c(c5c6ccccc6n2c5c31)C(=O)NC4,chembl_active,active
CCN(CC)CCNC(=O)C=Cc1cnc(N)c2c(-c3ccc(NC(=O)Nc4cccc(C)c4)cc3)csc12,chembl_active,active
Cc1cccc(NC(=O)Nc2ccc(-c3cnc4c(-c5cnn(C)c5)cnn4c3N)cc2)c1,chembl_active,active
COc1cccc(-c2cn(C3CCN(CC(N)=O)CC3)c3ncnc(N)c23)c1,chembl_active,active
COc1ccc(Cl)c(Nc2ncnc3cc(OCCCN4CCN(C(C)=O)CC4)cc(OC(C)C)c23)n1,chembl_active,active
Cc1cc(Nc2ncc3c(n2)CCN(c2cc(NC(=O)c4cccc(C(F)(F)F)c4)ccc2Cl)C3=O)ccc1N1CCN(C)CC1,chembl_active,active
Nc1ncnc2c1c(-c1cccc(Cl)c1)cn2-c1ccc(OCCNCCO)cc1,chembl_active,active
Nc1ncnc2c1c(-c1cccc(F)c1)cn2-c1ccc(OCCNCCO)cc1,chembl_active,active
COc1cccc(-c2cn(-c3ccc(OCCNCCO)cc3)c3ncnc(N)c23)c1,chembl_active,active
COc1cccc(-c2cn(-c3ccc(CCNCCO)cc3)c3ncnc(N)c23)c1,chembl_active,active
COc1cccc(-c2cn(-c3ccc(CC(=O)NCCO)cc3)c3ncnc(N)c23)c1,chembl_active,active
CC(=O)N1CCN(CCOc2cc(OC(C)C)c3c(Nc4c(F)ccc5c4OCO5)ncnc3c2)CC1,chembl_active,active
Nc1ncnc2c1c(-c1ccccc1)cn2-c1ccc(CO)cc1,chembl_active,active
CNC(=O)c1ccc(Nc2ncc3c(n2)CCN(c2cc(NC(=O)c4cc(F)cc(C(F)(F)F)c4)ccc2Cl)C3)cc1,chembl_active,active
NS(=O)(=O)c1ccc(Nc2nc(N3CCOCC3)nc3[nH]cnc23)cc1,chembl_active,active
COc1cc2c(Oc3ccc(NC(=O)C4(C(=O)Nc5ccc(F)cc5)CC4)cc3F)ccnc2cc1OCCCN1CCOCC1,chembl_active,active
COc1ccc(Cl)c(Nc2ncnc3cc(OCCCN4CCOCC4)cc(OC4CCCCC4)c23)c1,chembl_active,active
Cc1n[nH]c2ccc(-c3cncc(OCC(CN)Cc4ccccc4)c3)cc12,chembl_active,active
Cc1cccc(C)c1-c1cc(NS(C)(=O)=O)c2nc(Nc3ccc(OCCN4CCCC4)cc3)nnc2c1,chembl_active,active
Cc1cccc(C)c1-c1cc(C)c2nc(Nc3ccc(OCCN4CCN(C)CC4)cc3)nnc2c1,chembl_active,active
Cc1ccc(C(=O)Nc2cccc(C(C)C)c2)cc1Nc1nc2ccccc2n1-c1cc(N)ncn1,chembl_active,active
Cc1ccc(C(=O)Nc2ccc(CN3CCOCC3)c(C(F)(F)F)c2)cc1C#Cc1nn(C(C)C)c2ncnc(N)c12,chembl_active,active
COc1cc2c(Nc3ccc4nc(N)sc4c3)c(C#N)cnc2cc1OCCCN1CCNCC1,chembl_active,active
COc1cc2c(Nc3cc(OC)c(OC)c(OC)c3)c(C#N)cnc2cc1C#CCCN1CCN(C)CC1,chembl_active,active
Cc1cc(-c2c(Cl)cccc2Cl)cc2nnc(Nc3ccc(C#N)c(OCCN4CCCC4)c3)nc12,chembl_active,active
COc1cc(Nc2c(C#N)cnc3cc(-c4cccc(N5CCN(C)CC5)c4)sc23)c(Cl)cc1Cl,chembl_active,active
CCOC1CN(C)CCN1c1ccc(Nc2nnc3cc(-c4c(C)cccc4C)cc(C)c3n2)cc1,chembl_active,active
COc1cc(-c2nn(CCN3CCN(C)CC3)c3ncnc(N)c23)ccc1NC(=O)OC(C)(C)C,chembl_active,active
COc1cc(Nc2c(C#N)cnc3cc(-c4cccc(CN5CCN(C)CC5)c4)sc23)c(Cl)cc1Cl,chembl_active,active
COc1ccc(C)c(Nc2c(C#N)cnc3cc(/C=C/c4ccncc4)ccc23)c1,chembl_active,active
CNC(=O)c1cc(C(C)(C)C)cc(NC(=O)Nc2ccc(Oc3ccnc(Nc4cc(CO)cc(OC)c4)c3)c3ccccc23)c1OC,chembl_active,active
Cc1ccc(-n2nc(C(C)(C)C)cc2NC(=O)Nc2ccc(Oc3ccnc(Nc4ccc5[nH]ccc5c4)n3)c3ccccc23)cc1,chembl_active,active
Cc1ccc(-n2nc(C(C)(C)C)cc2NC(=O)Nc2ccc(Oc3ccnc(Nc4cccc5[nH]ncc45)n3)c3ccccc23)cc1,chembl_active,active
Nc1cc(-c2cnn3cc(-c4ccc(OCCN5CCOCC5)cc4)cnc23)ccn1,chembl_active,active
Cc1cc(-c2c(Cl)cccc2Cl)cc2nnc(Nc3ccc(S(=O)(=O)CCCN4CCCC4)cc3)nc12,chembl_active,active
Cc1cc(-c2cc(O)ccc2Cl)cc2nnc(Nc3cccc(N(C)C)c3)nc12,chembl_active,active
C=CC(=O)Nc1ccccc1Nc1nc(Nc2cccc(N3CCN(C)CC3)c2)ncc1C(=O)Nc1c(C)cccc1Cl,chembl_active,active
Cc1ccc(-n2nc(C3CC3)cc2NC(=O)Nc2ccc(Oc3ccnc4[nH]c(=O)cnc34)c3ccccc23)cc1,chembl_active,active
Cc1ccc(-n2nc(C(C)(C)C)cc2NC(=O)Nc2ccc(Oc3ccnc(Nc4cccc5[nH]ccc45)n3)c3ccccc23)cc1,chembl_active,active
N#Cc1cccc(-c2nc(Nc3cc(C4CC4)[nH]n3)c3ccccc3n2)c1,chembl_active,active
COc1cc(Nc2c(C#N)cnc3cc(C#Cc4cccc(CN(C)C)n4)ccc23)c(Cl)cc1Cl,chembl_active,active
CCN(CC)CCOc1ccc(Nc2ncc3cc(-c4c(C)cccc4C)c(=O)n(C)c3n2)cc1,chembl_active,active
Cc1nc(Nc2ncc(C(=O)Nc3c(C)nn(C)c3C)s2)cc(N2CCN(CCO)CC2)n1,chembl_active,active
COc1cc(Nc2nccc(Oc3ccc(NC(=O)Nc4cc(C(C)(C)C)nn4-c4ccc(C)cc4)c4ccccc34)n2)cc(SCCO)c1,chembl_active,active
Cc1cc(-c2c(Cl)cccc2Cl)cc2nnc(Nc3ccc(S(=O)(=O)N(CCN4CCCC4)C(C)C)cc3)nc12,chembl_active,active
CC(Cn1ncc2c(Nc3cc(O)ccc3Cl)nc(NCCO)nc21)c1ccccc1,chembl_active,active
CN1CCN(c2ccc(Nc3cc4c(cn3)cc(-c3c(Cl)cccc3Cl)c(=O)n4C)cc2)CC1,chembl_active,active
COc1cc(Nc2c(C#N)cnc3cc(-c4ccc(C(=O)N(C)C)cc4)sc23)c(Cl)cc1Cl,chembl_active,active
COc1cc(-c2nn(C(C)C)c3ncnc(N)c23)ccc1N,chembl_active,active
NC(=O)c1c(-c2ccc(Oc3ccccc3)cc2)[nH]c(C(=O)c2c(F)cccc2F)c1N,chembl_active,active
Cc1ccc(-n2nc(C(C)(C)C)cc2NC(=O)Nc2ccc(Oc3ccnc(Nc4ccc5c(c4)OCO5)n3)c3ccccc23)cc1,chembl_active,active
Cc1cc(NC(=O)c2cn(C3(C)CCC3)c3ncnc(N)c23)n[nH]1,chembl_active,active
CCNC(=O)Nc1nc2nc(NCCCCN(CC)CC)ncc2cc1-c1c(Cl)cccc1Cl,chembl_active,active
COc1ccc(-c2cnc(Nc3c(C)cccc3C)c3cncn23)cc1OC,chembl_active,active
Cc1cc(-c2c(Cl)cccc2Cl)cc2nnc(Nc3ccc(OCCN4CCN(C)CC4)cc3)nc12,chembl_active,active
CCN(CC)CCCCCNc1cc2c(cn1)cc(-c1c(Cl)cccc1Cl)c(=O)n2C,chembl_active,active
COc1ccc(C)c(Nc2c(C#N)cnc3cc(OCC4CCN(C)CC4)c(OC)cc23)c1,chembl_active,active
Nc1ncnc2c1c(-c1ccc(F)c(O)c1)nn2C1CCC1,chembl_active,active
C#CC(C)(C)c1cc(NC(=O)Nc2ccc(Oc3ccnc(Nc4cc(C)c5[nH]ncc5c4)n3)c3ccccc23)n(-c2ccc(C)cc2)n1,chembl_active,active
COc1cc(Nc2c(C#N)cnc3cc(-c4cccc(CN5CCOCC5)n4)ccc23)c(Cl)cc1Cl,chembl_active,active
CC(C)(C)OC(=O)N1C[C@@H](n2cc(-c3ccc(O)cc3)c3c(N)ncnc32)C[C@@H]1CO,chembl_active,active
COc1cc(Nc2nn3c(N4CCC[C@H]4CO)cc(C4CC4)nc3c2C(N)=O)cc(OC)c1,chembl_active,active
CC(C)n1nc(-c2cccc(O)c2F)c2c(N)ncnc21,chembl_active,active
COc1cc(N2CCC(N3CCN(C)CC3)CC2)ccc1Nc1ncc(Cl)c(Nc2ccccc2S(=O)(=O)C(C)C)n1,chembl_active,active
CSc1nc(Nc2ccccc2)c2cnn(CC(C)c3ccccc3)c2n1,chembl_active,active
CSc1nc(Nc2cccc(Cl)c2)c2cnn(CC(C)c3ccccc3)c2n1,chembl_active,active
Cc1ccc(NC(=O)Nc2ccc(-c3csc4c(-c5cnn(C)c5)cnc(N)c34)cc2)cc1,chembl_active,active
Cc1cc(-c2c(Cl)cccc2Cl)cc2nnc(Nc3ccc(OCCN4CCCC4)c(C#N)c3)nc12,chembl_active,active
COc1cc(Nc2c(C#N)cnc3cc(-c4ccc(CN5CCN(C)CC5)s4)sc23)c(Cl)cc1Cl,chembl_active,active
Cc1cc(-c2c(Cl)cccc2Cl)cc2nnc(Nc3ccc(OCCCN4CCN(C)CC4)cc3)nc12,chembl_active,active
Nc1ncnc2c1c(-c1ccc(Cl)c(O)c1)nn2CC1CCNC1,chembl_active,active
Cc1cccc(NC(=O)Nc2ccc(-c3csc4c(-c5cnn(CC(C)O)c5)cnc(N)c34)cc2)c1,chembl_active,active
CNC(=O)c1cnc(N)c2c(-c3ccc(NC(=O)Nc4cc(C)ccc4F)cc3)csc12,chembl_active,active
Cc1cccc(NC(=O)Nc2ccc(-c3csc4c(-c5cnn(C)c5)cnc(N)c34)cc2)c1,chembl_active,active
CCn1cnc2c(Nc3ccc(P(C)(C)=O)cc3)nc(C(C)C)nc21,chembl_active,active
COc1cccc(-c2cn(C3CCN(CCO)CC3)c3ncnc(N)c23)c1,chembl_active,active
CC(C)(C)OC(=O)N1C[C@H](n2cc(-c3ccc(O)cc3)c3c(N)ncnc32)C[C@H]1CO,chembl_active,active
Cc1ccc(C#N)cc1-c1cc(C)c2nc(Nc3ccc(S(=O)(=O)NCCN4CCCC4)cc3)nnc2c1,chembl_active,active
COCCOc1cc2ncc(C#N)c(Nc3cc(OC)c(OC)c(OC)c3)c2cc1OCCOC,chembl_active,active
Cn1cc(-c2cnn3c(N)c(-c4ccc(NC(=O)Nc5cccc(C(F)(F)F)c5)cc4)cnc23)cn1,chembl_active,active
Cc1cccc(C)c1-c1cc(C)c2nc(Nc3ccc(S(=O)(=O)N(C)CCN4CCCC4)cc3)nnc2c1,chembl_active,active
CC(=O)N[C@@H](Cc1ccc(OP(=O)(O)O)cc1)C(=O)N[C@H]1CCCCN(Cc2ccc(-c3ccccc3C#N)cc2)C1=O,chembl_active,active
Cc1cccc(C)c1-c1cc(C)c2nc(Nc3cccc(NS(=O)(=O)CCN4CCCC4)c3)nnc2c1,chembl_active,active
Cc1cc(F)ccc1-c1cc2nnc(Nc3ccc(OCCN4CCCC4)cc3)nc2cc1C,chembl_active,active
Cc1cccc(C)c1-c1cc(C)c2nc(Nc3cccc(S(=O)(=O)NCCN4CCCC4)c3)nnc2c1,chembl_active,active
COc1cc(Nc2c(C#N)cnc3cc(-c4cc(CN5CCOCC5)ccn4)ccc23)c(Cl)cc1Cl,chembl_active,active
Cc1ccc(NC(=O)CCC(F)(F)F)cc1N1CCc2nc(Nc3ccc(C(=O)N4CCN(C)CC4)cc3)ncc2C1,chembl_active,active
Cc1cc(Nc2cc(C)c(C#N)c(NC(C)CCCC(C)(C)O)n2)n[nH]1.Cl,chembl_active,active
Cc1cc2nc(Nc3cccnc3)nnc2cc1-c1cc(O)ccc1F,chembl_active,active
Cc1ccc(NC(=O)c2cc(C(F)(F)F)ccn2)cc1N1CCc2nc(Nc3ccc(C(=O)N4CCN(C)CC4)cc3)ncc2C1,chembl_active,active
COc1cc2c(N[C@@H]3C[C@H]3c3ccccc3)c(C#N)cnc2cc1OCCCN1CCN(C)CC1,chembl_active,active
CCOc1cc2nc(Nc3ccc(S(=O)(=O)NCCN4CCCC4)cc3)nnc2cc1-c1ccccc1C,chembl_active,active
Cc1cc(-c2c(Cl)cccc2Cl)cc2nnc(Nc3cccnc3)nc12,chembl_active,active
Cc1ccc(NC(=O)c2cc(C(F)(F)F)ccn2)cc1N1CCc2nc(Nc3ccc(N4CCN(C)CC4)cc3)ncc2C1=O,chembl_active,active
CN1CCN(c2ccc(Nc3ncc4c(n3)CCN(c3cc(NC(=O)c5cccc(C(F)(F)F)c5)ccc3Cl)C4=O)cc2)CC1,chembl_active,active
Cc1nn(C(C)C)c(C)c1-c1nc2c(-c3ccc4c(c3)CCCC[C@H]4NC(=O)c3nc(C(C)(C)C)no3)ccnc2[nH]1,chembl_active,active
COc1c(NC(=O)Nc2ccc(Oc3ccnc(Nc4ccn(C)n4)c3)c3ccccc23)cc(C(C)(C)C)cc1P(C)(C)=O,chembl_active,active
CN(C)CC1CCN(CCn2nc(-c3cnc4[nH]ccc4c3)c3c(N)ncnc32)CC1,chembl_active,active
COc1cc(Cc2nn([C@H]3CC[C@H](N4CCN(C)CC4)CC3)c3ncnc(N)c23)ccc1NC(=O)[C@@H]1C[C@H]1c1ccccc1,chembl_active,active
Cc1cc(-c2c(Cl)cccc2Cl)cc2nnc(Nc3cccc(OCCN4CCN(C)CC4)c3)nc12,chembl_active,active
O=C(Cc1cccc(Br)c1)Nc1ccc2ncnc(Nc3ccc(Br)cc3)c2c1,chembl_active,active
Cc1cccc(C)c1-c1cc(C)c2nc(Nc3cccc(C(=O)NCCCN4CCN(C)CC4)c3)nnc2c1,chembl_active,active
Cc1cc(NC(=O)c2cn(C3CCC(C)(C)CC3)c3ncnc(N)c23)n[nH]1,chembl_active,active
COc1cc(CO)cc(Nc2cc(Oc3ccc(NC(=O)Nc4cc(C(C)(C)C)cc(C(N)=O)c4OC)c4ccccc34)ccn2)c1,chembl_active,active
COc1cc(Nc2c(C#N)cnc3cc(-c4cccc(CN5CCOCC5)c4)ccc23)c(Cl)cc1Cl,chembl_active,active
CN1CCN(CCCOc2ccc(Nc3cc4c(cn3)cc(-c3c(Cl)cccc3Cl)c(=O)n4C)cc2)CC1,chembl_active,active
COc1cc(Nc2c(C#N)cnc3cc(OC)c(OCCCN4CCOCC4)cc23)c(Cl)cc1Cl,chembl_active,active
COc1cc2c(Nc3c(F)ccc4c3OCO4)ncnc2cc1OCCCN1CCOCC1,chembl_active,active
COc1cc(Nc2c(C#N)cnc3cc(C#CCCN4CCN(C)CC4)ccc23)c(Cl)cc1Cl,chembl_active,active
C=CC(=O)Nc1cccc(Oc2nc(Nc3cc(C)[nH]n3)cc(N3CCN(C)CC3)n2)c1,chembl_active,active
Cc1ccc(NC(=O)c2cccc(C(C)(C)C)c2)cc1N1CCc2nc(Nc3ccc(N4CCN(C)CC4)cc3)ncc2C1=O,chembl_active,active
CN1CCN(Cc2ccc(NC(=O)Nc3ccc(Oc4ccncc4)cc3)cc2C(F)(F)F)CC1,chembl_active,active
COc1ccc(-n2nc(C(C)(C)C)cc2NC(=O)Nc2ccc(Oc3ccnc(Nc4cccc(C#N)c4)n3)c3ccccc23)cn1,chembl_active,active
Cc1cc(NC(=O)c2cn(C3CC4CCC3C4)c3ncnc(N)c23)n[nH]1,chembl_active,active
Cc1cc(-c2c(Cl)cccc2Cl)cc2nnc(Nc3cccc(OCCCN4CCN(C)CC4)c3)nc12,chembl_active,active
Cc1cccc(C)c1-c1cc(C)c2nc(Nc3ccc(S(=O)(=O)NCCCN4CCCC4)cc3)nnc2c1,chembl_active,active
COc1cc(Nc2c(C#N)cnc3cc4c(cc23)ncn4CCN2CCOCC2)c(C)cc1Cl,chembl_active,active
COC(=O)c1cc2cc(NC(=O)c3c(Cl)cccc3Cl)cnc2[nH]1,chembl_active,active
Cc1cccc(C)c1-c1cc(C)c2nc(Nc3cccc(S(=O)(=O)NCCN4CCNCC4)c3)nnc2c1,chembl_active,active
COc1cc(Nc2c(C#N)cnc3cc(-c4cccc(CCN5CCOCC5)c4)ccc23)c(Cl)cc1Cl,chembl_active,active
CC(C)n1nc(Cc2cccc(C(=O)CF)c2)c2c(N)ncnc21,chembl_active,active
COc1cc2c(Nc3cc(OC)c(OC)c(OC)c3)c(C#N)cnc2cc1C#Cc1cccc(CN(C)C)n1,chembl_active,active
COc1cc2c(Nc3cccc4ccoc34)ncnc2cc1OCCCN1CCOCC1,chembl_active,active
CSc1nc(Nc2cccc(O)c2)c2cnn(CC(Cl)c3ccccc3)c2n1,chembl_active,active
Nc1ncnc2c1c(-c1ccc(Cl)c(O)c1)nn2[C@@H]1CCNC1,chembl_active,active
Cc1ccc(NC(=O)c2cccc(C(F)(F)F)c2)cc1N1CCc2nc(Nc3ccc(CC(=O)N4CCN(C)CC4)cc3)ncc2C1=O,chembl_active,active
CC(=O)Nc1cc(-c2c(C)cccc2C)cc2nnc(Nc3ccc(S(=O)(=O)NCCN4CCCC4)cc3)nc12,chembl_active,active
Clc1cccc(Cl)c1-c1ccc2nc(Nc3ccc(OCCN4CCCC4)cc3)nnc2c1,chembl_active,active
COc1ccc(Cl)c(Nc2c(C#N)cnc3cc4[nH]cnc4cc23)c1,chembl_active,active
CNS(=O)(=O)c1ccc2c(c1)/C(=C/c1[nH]c3c(c1CCCN1CCN(CCO)CC1)CCCC3)C(=O)N2,chembl_active,active
CNS(=O)(=O)c1ccc2c(c1)/C(=C/c1[nH]c3c(c1CCC(N)=O)CCCC3)C(=O)N2,chembl_active,active
Cn1c(=O)c(-c2c(Cl)cccc2Cl)cc2cnc(Nc3ccc(OC4OC(CO)C(O)C(O)C4O)cc3)nc21,chembl_active,active
COc1ccc(Cl)c(Nc2ncnc3cc(OC)cc(OC4CCN(C)CC4)c23)c1,chembl_active,active
COc1ccc(Cl)c(Nc2ncnc3cc(OCCCN4CCOCC4)cc(OC(C)C)c23)n1,chembl_active,active
CN1CCN(CCCNc2ncc3cc(-c4c(Cl)cccc4Cl)c(NC(=O)NC(C)(C)C)nc3n2)CC1,chembl_active,active
Nc1c(C(=O)c2ccc3ncccc3c2)cnn1-c1cc(O)ccc1Cl,chembl_active,active
CC(C)n1nc(-c2cc(O)cc(Br)c2)c2c(N)ncnc21,chembl_active,active
Nc1ncnc2c1c(-c1ccc(F)c(O)c1)nn2[C@@H]1CCOC1,chembl_active,active
Cn1cc(-c2cnc(N)c3c(-c4ccc(NC(=O)Nc5cccc(F)c5)cc4)csc23)cn1,chembl_active,active
c1ccc(-c2cccc(Nc3ncnc4cc5c(cc34)OCO5)c2)cc1,chembl_active,active
CCN(CC)CCCOc1ccc(Nc2cc3c(cn2)cc(-c2c(Cl)cccc2Cl)c(=O)n3C)cc1,chembl_active,active
Nc1ncc(-c2cnn(CCO)c2)c2scc(-c3ccc(NC(=O)Nc4cccc(F)c4)cc3)c12,chembl_active,active
CN1CCN(c2ccc(C(=O)Nc3n[nH]c4ccc(Cc5cc(F)cc(F)c5)cc34)c(NC3CCOCC3)c2)CC1,chembl_active,active
COc1cccc(-c2cn(-c3ccc(CCN(C)CCO)cc3)c3ncnc(N)c23)c1,chembl_active,active
COc1cccc(-c2cn(-c3ccc(CNCCO)cc3)c3ncnc(N)c23)c1,chembl_active,active
Nc1ncnc2c1c(-c1ccccc1)cn2-c1ccc(CNCCO)cc1,chembl_active,active
CCOC(=O)C[C@@H]1C[C@@H](n2cc(-c3ccc(O)cc3)c3c(N)ncnc32)CN1C(=O)OC(C)(C)C,chembl_active,active
COc1cc(Nc2cc(Oc3ccc(NC(=O)Nc4cc(C(C)(C)C)cc(P(C)(C)=O)c4OC)c4ccccc34)ccn2)cc(C(N)=O)c1,chembl_active,active
Cl.c1ccc(-c2cccc(Nc3ncnc4cc5c(cc34)OCO5)c2)cc1,chembl_active,active
CCCP(=O)(CCC)c1ccc(Nc2nc(C(C)C)nc3c2ncn3/C=C/c2ccccc2)cc1,chembl_active,active
Cc1nc(Nc2n[nH]c3c2CN(C(=O)N[C@H](CN(C)C)c2ccccc2)C3(C)C)c2sccc2n1,chembl_active,active
COc1cc(Nc2ncc([N+](=O)[O-])c(Nc3ccccc3C(N)=O)n2)cc(OC)c1OC,chembl_active,active
Cn1c(=O)c(-c2c(Cl)cccc2Cl)cc2cnc(Nc3ccc(CCCC(=O)O)cc3)nc21,chembl_active,active
CCCn1cc(-c2cnc(N)c3c(-c4ccc(NC(=O)Nc5cccc(F)c5)cc4)csc23)cn1,chembl_active,active
Cc1cccc(C)c1-c1cc([N+](=O)[O-])c2nc(Nc3ccc(OCCN4CCCC4)cc3)n[n+]([O-])c2c1,chembl_active,active
CCN1CCN(Cc2ccc(C(=O)Nc3ccc(C)c(Nc4nc5ccccc5n4-c4cc(N)ncn4)c3)cc2Cl)CC1,chembl_active,active
CN(C)CCNc1cc(-c2ccccc2)c2c(N)c(C(=O)N/N=C/c3cncn3C)sc2n1,chembl_active,active
O=C1NN=Cc2c[nH]c3cc(NC(=O)C4CC4c4ccccc4)cc1c23,chembl_active,active
COc1c(NC(=O)Nc2ccc(Oc3ccnc(Nc4ccccc4)c3)c3ccccc23)cc(C(C)(C)C)cc1P(C)(C)=O,chembl_active,active
CCOC1CN(c2ccc(Nc3nnc4cc(-c5c(C)cccc5C)cc(C)c4n3)cc2)CCO1,chembl_active,active
Cc1cccc(C)c1-c1cc(C)c2nc(Nc3ccc(OCCN4CCOCC4)cc3)nnc2c1,chembl_active,active
CCN1CCC(Nc2ccc3c(c2)C(=C(c2ccc(Cl)cc2)c2ncc[nH]2)C(=O)N3)CC1,chembl_active,active
CC(Cn1ncc2c(Nc3cc(O)ccc3Cl)nc(NCCN)nc21)c1ccccc1,chembl_active,active
C=CC(=O)Nc1ccc(Nc2nc(Nc3ccc(N4CCN(C)CC4)cc3)ncc2C(=O)Nc2c(C)cccc2Cl)cc1,chembl_active,active
CC(C)n1nc(-c2cc(O)cc(F)c2)c2c(N)ncnc21,chembl_active,active
Cc1cccc(C)c1-c1cc(C)c2nc(Nc3cccc(OCCN4CCOCC4)c3)nnc2c1,chembl_active,active
Nc1nccn2c([C@@H]3CC[C@H]4CCC(=O)N4C3)nc(-c3ccc(C(=O)Nc4cc(C(F)(F)F)ccn4)cc3)c12,chembl_active,active
COc1cc(CO)cc(Nc2cc(Oc3ccc(NC(=O)Nc4cc(C(C)(C)C)cc(CC(N)=O)c4OC)c4ccccc34)ccn2)c1,chembl_active,active
COc1cc(Nc2nccc(Oc3ccc(NC(=O)Nc4cc(C(C)(C)C)cc(OCP(C)(C)=O)c4OC)c4ccccc34)n2)cc(OC)c1,chembl_active,active
C=CC(=O)N1CCC[C@H](n2nc(-c3ccc(Oc4ccccc4)cc3C)c3c(N)ncnc32)C1,chembl_active,active
CNC(=O)c1cc(Oc2ccc(NC(=O)Nc3cc(C(C)(C)C)nn3-c3ccc4ncccc4c3)c(F)c2)ccn1,chembl_active,active
COc1cc2ncc(C#N)c(Nc3cc(OC)c(OC)c(OC)c3)c2cc1OC,chembl_active,active
CC(=O)Nc1cc(-c2c(C)cccc2C)cc2nnc(Nc3ccc(S(=O)(=O)N(CCN4CCCC4)C(C)=O)cc3)nc12,chembl_active,active
COc1cc(Nc2c(C#N)cnc3cc(-c4ccc(N5CCOCC5)cc4)sc23)c(Cl)cc1Cl,chembl_active,active
COc1cc(Nc2cc(Oc3ccc(NC(=O)Nc4cc(C(C)(C)C)cc(CC(N)=O)c4OC)c4ccccc34)ccn2)cc(C(N)=O)c1,chembl_active,active
COc1cc2c(Nc3cc(OC)c(OC)c(OC)c3)c(C#N)cnc2cc1C#Cc1cccnc1,chembl_active,active
CN1CCN([C@H]2CC[C@H](n3nc(-c4ccc(Oc5ccccc5)cc4)c4c(N)ncnc43)CC2)CC1,chembl_active,active
Cc1cc(-c2ccccc2Cl)cc2nnc(Nc3ccc(OCCN4CCCC4)cc3)nc12,chembl_active,active
CN1CCN(c2ccc(Nc3ncc4c(=O)n(-c5c(Cl)cc(Cl)cc5Cl)c5nc6ccccc6n5c4n3)cc2)CC1,chembl_active,active
Cc1ccc(-n2nc(C(C)(C)C)cc2NC(=O)Nc2ccc(Oc3ncnc4[nH]c(=O)[nH]c34)c3ccccc23)cc1,chembl_active,active
Cc1cccc(C)c1-c1cc(C)c2nc(Nc3cccc(S(=O)(=O)CCCN4CCCC4)c3)nnc2c1,chembl_active,active
CC(C)n1nc(-c2ccc(Cl)c(Cl)c2)c2c(N)ncnc21,chembl_active,active
CCOC(=O)C[C@H]1C[C@H](n2cc(-c3ccc(O)cc3)c3c(N)ncnc32)CN1C(=O)OC(C)(C)C,chembl_active,active
CN1CCN(C(=O)c2ccc(Nc3ncc4cc(-c5c(Cl)cccc5Cl)c(=O)n(C)c4n3)cc2)CC1,chembl_active,active
CN1CCN(CCCCCNc2cc3c(cn2)cc(-c2c(Cl)cccc2Cl)c(=O)n3C)CC1,chembl_active,active
Cc1ccc(N2CN(C(C)(C)C)c3[nH]ncc3C2=N)cc1,chembl_active,active
COc1ccc(-n2nc(C(C)(C)C)cc2NC(=O)Nc2ccc(OCc3ccnc4[nH]c(=O)cnc34)c3ccccc23)cc1,chembl_active,active
COc1cc(Nc2ncnc3cc(OCCCN4CCOCC4)cc(OC(C)C)c23)c(Cl)cn1,chembl_active,active
Cc1cccc(C)c1-c1cc(C)c2nc(Nc3ccc(OCCCN4CCN(C)CC4)cc3)nnc2c1,chembl_active,active
Cc1cc(NC(=O)c2cn(C(C)C)c3ncnc(N)c23)n[nH]1,chembl_active,active
Cc1cccc(C)c1-c1cc(C)c2nc(Nc3ccncc3)nnc2c1,chembl_active,active
CC(C)(C)c1cc(NC(=O)Nc2ccc(Oc3ccnc4[nH]c(=O)[nH]c34)c3ccccc23)n(-c2ccccc2)n1,chembl_active,active
CNC(=O)c1cc(Oc2ccc(NC(=O)Nc3ccc(CN4CCN(C)CC4)c(C(F)(F)F)c3)cc2)ccn1,chembl_active,active
CC(C)(C)n1nc(-c2ccc(Cl)cc2)c2c(N)ncnc21,chembl_active,active
COc1cc(Nc2c(C#N)cnc3cc(-c4cncc(CN5CCOCC5)c4)ccc23)c(Cl)cc1Cl,chembl_active,active
Cn1c(=O)c(-c2c(Cl)cccc2Cl)cc2cnc(Nc3ccc(N)cc3)nc21,chembl_active,active
Cc1cc2c(Nc3ccc4nc(N)sc4c3)c(C#N)cnc2cc1OCCCN1CC(C)NC(C)C1,chembl_active,active
Cc1ccn(-c2ccc(C(C)(C)C)cc2)c(=O)c1-c1ccc2nc(N)ncc2c1,chembl_active,active
Cc1cccc(C)c1-c1cc(C)c2nc(Nc3ccc(OCC(C)N4CCN(C)CC4)cc3)nnc2c1,chembl_active,active
CCCOC1CN(C)CCN1c1ccc(Nc2nnc3cc(-c4c(C)cccc4C)cc(C)c3n2)cc1,chembl_active,active
CC(C)(C)n1nc(C(=O)Nc2cc(C(F)(F)F)[nH]n2)c2c(N)ncnc21,chembl_active,active
Cc1ccc(-n2nc([Si](C)(C)C)cc2NC(=O)Nc2ccc(Oc3ccnc(Nc4ccc5onc(N)c5c4)n3)c3ccccc23)cc1,chembl_active,active
O=C(NCC(F)(F)F)c1cc(-c2cnn3cc(-c4ccc(OCCN5CCCCC5)cc4)cnc23)cs1,chembl_active,active
CC(C)Cn1c2ccc(Nc3ncccn3)cc2c2c3c(c4c(c21)CCc1nn(C)cc1-4)C(=O)NC3,chembl_active,active
COc1cc(Nc2cc(Oc3ccc(NC(=O)Nc4cc(C(C)(C)C)cc([S+](C)[O-])c4OC)c4ccccc34)ccn2)cc(C(N)=O)c1,chembl_active,active
Nc1nc(Nc2ccc3c(c2)CC[C@@H](N2CCCC2)CC3)nn1-c1cc2c(nn1)-c1ccccc1CCC2,chembl_active,active
Nc1ncnc2c1c(-c1ccc(O)cc1)cn2C1CCNC1,chembl_active,active
COc1cc(Cl)c(Cl)c(Nc2c(C#N)cnc3cc(/C=C/c4cnccn4)ccc23)c1,chembl_active,active
COc1cccc(Nc2ncnc3cc(OCCCN4CCOCC4)c(OC)cc23)c1,chembl_active,active
Cc1cccc(C)c1Nc1ncc(-c2ccc(OCCN3CCOCC3)cc2)n2cncc12,chembl_active,active
CC(C)n1nc(-c2cccc3[nH]ccc23)c2c(N)ncnc21,chembl_active,active
COc1cc(Nc2nccc(Oc3ccc(NC(=O)Nc4cc(C(C)C)nn4-c4ccc(C)cc4)c4ccccc34)n2)cc(C(=O)NCCO)c1,chembl_active,active
COc1cccc(-c2cn(C3CCN(CC(N)=O)C3)c3ncnc(N)c23)c1,chembl_active,active
CC(C)n1nc(-c2ccc3cc(OCc4ccccc4)ccc3c2)c2c(N)ncnc21,chembl_active,active
COc1cc2nc(Nc3ccc(S(=O)(=O)NCCN4CCCC4)cc3)nnc2cc1-c1cccc(O)c1,chembl_active,active
Cn1c(=O)c(-c2c(Cl)cccc2Cl)cc2cnc(Nc3cccc(N)c3)nc21,chembl_active,active
Cn1c(=O)c(-c2c(Cl)cccc2Cl)cc2cnc(Nc3ccc(NCC(O)CO)cc3)nc21,chembl_active,active
Cc1cc(C)c(Nc2ncc(-c3ccccc3)n3cncc23)c(C)c1,chembl_active,active
COc1cc(Nc2nccc(Oc3ccc(NC(=O)Nc4cc(C(C)C)nn4-c4ccc(C)cc4)c4ccccc34)n2)cc(OS(C)(=O)=O)c1,chembl_active,active
CC(C)n1nc(-c2ccc3[nH]ccc3c2)c2c(N)ncnc21,chembl_active,active
Cc1cccc(C)c1-c1cc(C)c2nc(Nc3cccc(OCC(C)N4CCN(C)CC4)c3)nnc2c1,chembl_active,active
Cc1cccc(C)c1-c1cc(C)c2nc(Nc3cccc(OCCCN4CCN(C)CC4)c3)nnc2c1,chembl_active,active
Cc1ccc(NC(=O)c2cc(OC3CCN(C)CC3)cc(C(F)(F)F)c2)cc1Nc1nc2ccccc2n1-c1cc(N)ncn1,chembl_active,active
Cc1cccc(C)c1-c1cc(C)c2nc(Nc3cccc(OCCN4CCN(C)CC4)c3)nnc2c1,chembl_active,active
COc1cccc(-c2cn(C3CCC3)c3ncnc(N)c23)c1,chembl_active,active
Nc1ncnc2c1c(-c1cccc(O)c1)cn2-c1ccc(CCO)cc1,chembl_active,active
COC(=O)c1cc2cc(NCc3cc(NC(=O)c4cc(-n5cnc(C)c5)cc(C(F)(F)F)c4)ccc3C)cnc2[nH]1,chembl_active,active
COCCOC1CCC(n2nc(-c3ccc(Nc4nc5cc(C)cc(C)c5o4)cc3)c3c(N)ncnc32)CC1,chembl_active,active
OCCNCCOc1ccc(-n2cc(-c3cccc(O)c3)c3cncnc32)cc1,chembl_active,active
CNC(=O)CNCCOc1ccc(-n2cc(-c3cccc(OC)c3)c3c(N)ncnc32)cc1,chembl_active,active
COc1ccc(Cl)c(Nc2ncnc3cc(OCCCN4CCOCC4)cc(OC(C)C)c23)c1,chembl_active,active
CCc1ccc2nc(Nc3cc(Cc4ccccc4)nc(N[C@H]4CC[C@H](O)CC4)n3)sc2c1,chembl_active,active
COc1cccc(-c2cn(-c3ccc(CCN(C)C)cc3)c3ncnc(N)c23)c1,chembl_active,active
c1cc(Nc2ncnc3cc(OCCCN4CCCC4)cc(OC4CCOCC4)c23)c2c(c1)OCO2,chembl_active,active
CN(C)CCNc1cc(Cc2ccccc2)c2c(N)c(C(=O)N/N=C/c3cccn3C)sc2n1,chembl_active,active
CNc1nccc(-c2c[nH]c(=O)c(NC(=O)c3ccc(N4CCCCC4)cc3)c2)n1,chembl_active,active
Cl.Oc1cccc(Nc2nc(SCCN3CCOCC3)nc3c2cnn3CCc2ccccc2)c1,chembl_active,active
CCCOC1CN(C)CCN1c1cccc(Nc2nnc3cc(-c4c(C)cccc4C)cc(C)c3n2)c1,chembl_active,active
CCS(=O)(=O)c1ccc2c(c1)/C(=C/c1[nH]c3c(c1CCC(N)=O)CCCC3)C(=O)N2,chembl_active,active
COc1cc2ncc(C#N)c(Nc3cc(Cl)ccc3Cl)c2cc1OC,chembl_active,active
CC(C)(C)c1cc(NC(=O)Nc2ccc(Oc3ccnc(Nc4ccccc4)n3)c3ccccc23)n(-c2cccc(CP(C)(C)=O)c2)n1,chembl_active,active
CC(C)n1nc(-c2ccc(N)c(O)c2)c2c(N)ncnc21,chembl_active,active
COc1cc2c(Nc3cccc4c3ccn4C)ncnc2cc1OCCCN1CCOCC1,chembl_active,active
Nc1ncnc2c1c(-c1ccc(Oc3ccccc3)cc1)cn2C1CCCC1O,chembl_active,active
CN(CCO)CCc1ccc(-n2cc(-c3cccc(O)c3)c3c(N)ncnc32)cc1,chembl_active,active
COc1cc(Nc2nn3c(N[C@@H](CO)C(C)C)cc(C(C)C)nc3c2C(N)=O)cc(OC)c1,chembl_active,active
N#Cc1cnc2cc(/C=C/CCN3CCOCC3)ccc2c1Nc1ccc(Cl)cc1Cl,chembl_active,active
CC(C)n1nc(-c2ccc3cc(OCc4ccccc4)ccc3c2)c2c(N)ncnc21.Cl,chembl_active,active
COCC(C)(C)n1cc(C(=O)Nc2cc(C)[nH]n2)c2c(N)ncnc21,chembl_active,active
CCOC1CN(C)CCN1c1cccc(Nc2nnc3cc(-c4c(C)cccc4C)cc(C)c3n2)c1,chembl_active,active
N[C@H]1CC[C@H](Nc2nc(Nc3ccc(P(=O)(O)CP(=O)(O)O)cc3)c3ncn(C4CCCC4)c3n2)CC1,chembl_active,active
CN1CCN(CCCCNc2cc3c(cn2)cc(-c2c(Cl)cccc2Cl)c(=O)n3C)CC1,chembl_active,active
N#Cc1cnc2cc(/C=C/c3ccncc3)ccc2c1Nc1ccc(Cl)cc1Cl,chembl_active,active
CCN(CC)CCCCNc1cc2nc(O)c(-c3c(Cl)cccc3Cl)cc2cn1,chembl_active,active
Cc1cc(-c2c(Cl)cccc2Cl)cc2nnc(Nc3ccncc3)nc12,chembl_active,active
Cc1cccc(C)c1Nc1ncc(-c2ccc(F)cc2)n2cncc12,chembl_active,active
Cn1cc(-c2cnc3c(-c4csc(C(=O)NCC(F)(F)F)c4)cnn3c2)cn1,chembl_active,active
Cc1cccc(C)c1-c1cc(C)c2nc(Nc3cccc(S(=O)(=O)NCCN(C)C)c3)nnc2c1,chembl_active,active
CCn1cnc2c(Nc3ccc(P(C)(C)=O)cc3)nc(NC3CCOCC3)nc21,chembl_active,active
Clc1cccc(Cl)c1Nc1ncc(-c2ccccc2)n2cncc12,chembl_active,active
CC(C)n1nc(-c2ccc3cc[nH]c3c2)c2c(N)ncnc21,chembl_active,active
CCN(CC)CCCOc1cc2ncc(C#N)c(Nc3ccc4nc(N)sc4c3)c2cc1C,chembl_active,active
Nc1ncnc2c1c(-c1ccc(F)c(O)c1)nn2Cc1ocnc1-c1ccccc1,chembl_active,active
Nc1ncnc2c1c(-c1ccc3cn[nH]c3c1)nn2C1CCCC1,chembl_active,active
CN1CCN([C@H]2CC[C@@H](n3cc(-c4ccc(Oc5ccccc5)cc4)c4c(N)ncnc43)CC2)CC1,chembl_active,active
Cc1cccc(C)c1/C=C/n1cnc2c(Nc3ccc(P(C)(C)=O)cc3)nc(-c3ccccn3)nc21,chembl_active,active
C=CC(=O)Nc1ccc2c(Nc3cc[nH]n3)nc(-c3ccccc3)nc2c1,chembl_active,active
Cc1cc(-n2ccc(C)c(-c3ccc4nc(N)ncc4c3)c2=O)ccc1F,chembl_active,active
CO/N=C(\C)c1ccc2c(c1)c1c3c(c4c(c1n2CC(C)C)CCc1nn(C)cc1-4)C(=O)NC3,chembl_active,active
CC(C)n1nc(-c2ccc(O)c(F)c2)c2c(N)ncnc21,chembl_active,active
COc1cncc(Nc2cc(Oc3ccc(NC(=O)Nc4cc(C(C)(C)C)cc(P(C)(C)=O)c4OC)c4ccccc34)ccn2)c1,chembl_active,active
COc1cc(-c2nn([C@H]3CC[C@H](N4CCN(C)CC4)CC3)c3ncnc(N)c23)ccc1NC(=O)c1cc2ccccc2o1,chembl_active,active
COc1ccc(Cl)c(Nc2c(C#N)cnc3cc4c(cc23)ncn4CCN2CCOCC2)c1,chembl_active,active
Cn1c(=O)c(-c2c(Cl)cccc2Cl)cc2cnc(Nc3cccc(O)c3)nc21,chembl_active,active
CC(=O)Nc1ccc(Nc2ncc3cc(-c4c(Cl)cccc4Cl)c(=O)n(C)c3n2)cc1,chembl_active,active
COc1cc(Nc2cc(Oc3ccc(NC(=O)Nc4cc(C(C)(C)C)cc(P(C)(C)=O)c4OC)c4ccccc34)ccn2)cc(OC)c1,chembl_active,active
COc1cccc(Nc2cc(Oc3ccc(NC(=O)Nc4cc(C(C)(C)C)cc(CC(N)=O)c4OC)c(Cl)c3Cl)ccn2)c1,chembl_active,active
Cc1cc(-c2c(Cl)cccc2Cl)cc2nnc(Nc3ccc(S(=O)(=O)N(C)CCN4CCCC4)cc3)nc12,chembl_active,active
CCN(CC)CCCCNc1cc2c(cn1)cc(-c1c(Cl)cccc1Cl)c(=O)n2C,chembl_active,active
COc1cc2c(Oc3ccc(NS(=O)(=O)c4c(F)cccc4F)cc3F)ccnc2cc1OCCCN1CCN(C)CC1,chembl_active,active
CCN(CC)CCCCNc1ncc2cc(-c3c(Cl)cccc3Cl)c(NC(=O)NC(C)(C)C)nc2n1,chembl_active,active
COc1cc(Nc2ncc3c(=O)n(-c4c(C)cccc4C)c4nc5ccccc5n4c3n2)cc(OC)c1OCCN1CCOCC1,chembl_active,active
Fc1cccc(CNc2ncnc3c2cnn3CC(Cl)c2ccc(Br)cc2)c1,chembl_active,active
Cc1ccncc1-c1cc2nnc(Nc3ccc(OCCN4CCCC4)cc3)nc2cc1C,chembl_active,active
Cc1cc(NC(=O)c2cn(C3(C4CC4)CC3)c3ncnc(N)c23)n[nH]1,chembl_active,active
Cc1ccc(-n2nc([Si](C)(C)C)cc2NC(=O)Nc2ccc(Oc3ccnc(Nc4ccc5[nH]ncc5c4)n3)c3ccccc23)cc1,chembl_active,active
Cn1c(=O)c(-c2c(Cl)cccc2Cl)cc2cnc(NCCCCN3CCOCC3)cc21,chembl_active,active
c1ccc(-c2c(-c3ccc(OCCN4CCCC4)cc3)oc3ncnc(NCCN4CCNCC4)c23)cc1,chembl_active,active
COc1cc2c(N[C@@H]3C[C@H]3c3ccccc3)c(C#N)cnc2cc1OCCCN1CCOCC1,chembl_active,active
CCCCn1c(-c2cc(-c3cccc4[nH]ncc34)ccc2C)cn2c3c(=O)[nH]c(=O)n(C)c3nc12,chembl_active,active
Cc1ccc(Nc2c(C#N)cnc3cc(/C=C/c4ccncc4)ccc23)c(C)c1,chembl_active,active
COc1c(NC(=O)Nc2ccc(Oc3ccnc(Nc4cnccn4)c3)c3ccccc23)cc(C(C)(C)C)cc1P(C)(C)=O,chembl_active,active
Nc1ncnc2c1c(-c1ccc(F)c(O)c1)nn2[C@@H]1CCNC1,chembl_active,active
Cc1ccc(-n2nc(C(C)(C)C)cc2NC(=O)Nc2ccc(Oc3ccnc(Nc4cccc5cn[nH]c45)n3)c3ccccc23)cc1,chembl_active,active
CC(C)n1nc(-c2ccc3c(ccn3C(=O)OC(C)(C)C)c2)c2c(N)ncnc21,chembl_active,active
Oc1ccc(Cl)c(-c2cc(OCCN3CCCC3)c3nc(Nc4cccnc4)nnc3c2)c1,chembl_active,active
Cc1ccc(NC(=O)c2cc(N3CCN(C)CC3)cc(C(F)(F)F)c2)cc1Nc1nc2ccccc2n1-c1cc(N)ncn1,chembl_active,active
COc1c(CC(N)=O)cc(C(C)(C)C)cc1NC(=O)Nc1ccc(Oc2ccnc(Nc3ccn(C)n3)c2)c2ccccc12,chembl_active,active
CN1CCN(Cc2ccc(-c3cc4ncc(C#N)c(Nc5ccc(Cl)cc5Cl)c4s3)nc2)CC1,chembl_active,active
COc1cc(Nc2c(C#N)cnc3cc(C#Cc4cccnc4)ccc23)c(Cl)cc1Cl,chembl_active,active
COCCN(C)CCN1CCC(n2cc(-c3cccc(OC)c3)c3c(N)ncnc32)CC1,chembl_active,active
CC(C)c1cc(NC(=O)Nc2ccc(Oc3ccnc(Nc4ccccc4)c3)c3ccccc23)n(-c2cccc(CP(C)(C)=O)c2)n1,chembl_active,active
Cc1ccncc1-c1cc2nnc(Nc3ccc(C(=O)N4CCN(C)CC4)cc3)nc2cc1C,chembl_active,active
COc1cc(Nc2nccc(Oc3ccc(NC(=O)Nc4cc(C(C)C)nn4-c4ccc(C)cc4)c4ccccc34)n2)cc(SCCO)c1,chembl_active,active
Cc1cccc(C)c1-c1cc(C)c2nc(Nc3cccc(S(=O)(=O)N4CCNCC4)c3)nnc2c1,chembl_active,active
CC(C)n1cc(-c2ccc(Oc3ccccc3)cc2)c2c(N)ncnc21,chembl_active,active
COc1c(NC(=O)Nc2ccc(Oc3ccnc(Nc4cc(C)cc(C)c4)c3)c3ccccc23)cc(C(C)(C)C)cc1P(C)(C)=O,chembl_active,active
CNc1cc(C(C)(C)C)cc(NC(=O)Nc2ccc(Oc3ccnc(Nc4cc(OC)cc(S(=O)(=O)C5CC5)c4)n3)c3ccccc23)c1OC,chembl_active,active
CCC(=O)Nc1ccc2c(Nc3cc[nH]n3)nc(-c3ccccc3)nc2c1,chembl_active,active
COc1cc2c(N[C@@H]3C[C@H]3c3ccccc3)c(C#N)cnc2cc1OCCCc1cccnc1,chembl_active,active
Nc1ncnc2c1c(-c1ccc3[nH]ncc3c1)nn2C1CCCC1,chembl_active,active
CN1CCN(c2ccc(Nc3ncc4c(=O)n(-c5c(Cl)cccc5Cl)c5nc6ccccc6n5c4n3)cc2)CC1,chembl_active,active
COc1cc2c(Oc3ccc4[nH]c(C)cc4c3F)ncnc2cc1OCCCN1CCCC1,chembl_active,active
COc1cc2ncnc(Nc3c(Cl)ccc4c3OCO4)c2cc1OCCCN1CCOCC1,chembl_active,active
CNC(=O)C=Cc1cnc(N)c2c(-c3cc(F)c4[nH]c(C)cc4c3)csc12,chembl_active,active
COc1cccc(-c2cn(-c3ccc(CC(=O)O)cc3)c3ncnc(N)c23)c1,chembl_active,active
CN1CCN(Cc2ccc(-c3cc4ncc(C#N)c(Nc5ccc(Cl)cc5Cl)c4s3)cc2)CC1,chembl_active,active
COc1cc(Nc2nccc(Nc3cc(C4CCCCC4)no3)n2)cc(OC)c1OC,chembl_active,active
CSc1nc(Nc2cc(O)ccc2Cl)c2cnn(CC(C)c3ccccc3)c2n1,chembl_active,active
c1cc(-c2cnn3cc(-c4ccc(OCCN5CCOCC5)cc4)cnc23)ccn1,chembl_active,active
Clc1nc(NCc2ccccn2)c2c(-c3ccccc3)cccc2n1,chembl_active,active
CNS(=O)(=O)c1ccc2c(c1)/C(=C/c1[nH]c3c(c1CCCN1CCC(O)CC1)CCCC3)C(=O)N2,chembl_active,active
COc1ccc(C=NNc2ncnc3c2[nH]c2ccccc23)cc1OC,chembl_active,active
CC(O)Cn1cc(-c2cnc(N)c3c(-c4ccc(NC(=O)Nc5cccc(F)c5)cc4)csc23)cn1,chembl_active,active
COc1cccc(-c2cn(-c3ccccc3)c3ncnc(N)c23)c1,chembl_active,active
Nc1ncnc2c1c(-c1ccc(O)cc1)cn2[C@H]1CN[C@@H](CO)C1,chembl_active,active
Cc1cc2c(Nc3ccc4nc(N)sc4c3)c(C#N)cnc2cc1OCCCN1CCN(C)CC1,chembl_active,active
Nc1ncnc2c1c(-c1ccc(O)cc1)cn2[C@@H]1CN[C@H](CO)C1,chembl_active,active
CC(C)Oc1cc(OCCCN2CCCC2)cc2ncnc(Nc3c(Cl)ccc4c3OCO4)c12,chembl_active,active
CN1CCN(CCCOc2cc(OC3CCOCC3)c3c(Nc4c(Cl)ccc5c4OCO5)ncnc3c2)CC1,chembl_active,active
COC(=O)CN1CCC(n2cc(-c3cccc(OC)c3)c3c(N)ncnc32)C1,chembl_active,active
Cc1cc(-c2cc(N)ccc2Cl)cc2nnc(Nc3ccc(S(=O)(=O)NCCN4CCCC4)cc3)nc12,chembl_active,active
COC(=O)c1cc2cc(NC(=O)c3ccccc3C)cnc2[nH]1,chembl_active,active
COc1cc(Nc2c(C#N)cnc3cc(-c4cccc(CN5CCN(C)CC5)n4)sc23)c(Cl)cc1Cl,chembl_active,active
COc1cccc(-c2cn(C3CCNC3)c3ncnc(N)c23)c1,chembl_active,active
Cc1cccc(C)c1Nc1ncc(-c2ccc(C(=O)N(C)C)cc2)n2cncc12,chembl_active,active
CO[C@@H](C(=O)N1Cc2[nH]nc(NC(=O)c3ccc(N4CCN(C)CC4)cc3)c2C1)c1ccccc1,chembl_active,active
Cc1cc(-c2cc(O)ccc2Cl)cc2nnc(Nc3cccc(S(=O)(=O)N4CCNCC4)c3)nc12,chembl_active,active
Cc1cn(-c2cc(C(=O)Nc3cccc(Nc4ccc5c(c4)NC(=O)/C5=C\c4ccc[nH]4)c3)cc(C(F)(F)F)c2)cn1,chembl_active,active
COc1cc2ncc(C#N)c(Nc3ccc(Cl)cc3)c2cc1OC,chembl_active,active
Nc1ncnc2c1c(-c1ccc(Oc3ccccc3)cc1)nn2C[C@H]1SSC[C@H]1O,chembl_active,active
COc1cc2ncc(C#N)c(Nc3ccc(Cl)cc3F)c2cc1OC,chembl_active,active
Nc1ncnc2c1c(-c1ccc(Oc3ccccc3)cc1)nn2C[C@H]1SSC[C@@H]1O,chembl_active,active
COc1cc(Nc2c(C#N)cnc3cc(-c4ccc(CN5CCSCC5)cc4)sc23)c(Cl)cc1Cl,chembl_active,active
CN(C)Cc1ccc(-c2cc3ncc(C#N)c(Nc4ccc(Cl)cc4Cl)c3s2)cc1,chembl_active,active
COc1cc(Nc2c(C#N)cnc3cc(-c4ccc(CN5CCNCC5)o4)sc23)c(Cl)cc1Cl,chembl_active,active
Cc1cccc(C)c1Nc1ncc(-c2ccc(CN3CCCC3)s2)n2cncc12.Cl,chembl_active,active
CC(=O)Oc1ccc(Cl)c(-c2cc(C)c3nc(Nc4ccc(OCCN5CCCC5)cc4)nnc3c2)c1,chembl_active,active
Cc1cc2c(Nc3ccc4nc(N)sc4c3)c(C#N)cnc2cc1OCCCN1CCC(C)CC1,chembl_active,active
CC(C)n1nc(-c2cc(F)c(O)cc2F)c2c(N)ncnc21,chembl_active,active
COC(=O)c1cc2cc(NC(=O)c3c(C)cccc3Cl)cnc2[nH]1,chembl_active,active
COc1cccc(Nc2cc(Oc3ccc(NC(=O)Nc4cc(C(C)(C)C)cc(CNC(C)=O)c4OC)c4ccccc34)ccn2)c1,chembl_active,active
COc1cc(Nc2cc(Oc3ccc(NC(=O)Nc4cc(C(C)(C)C)cc(OC(CO)CO)c4OC)c4ccccc34)ccn2)cc(C(N)=O)c1,chembl_active,active
COCC(=O)N1CCC[C@@H](c2nc(-c3ccc(C(=O)Nc4cc(C(F)(F)F)ccn4)cc3F)c3c(N)nccn23)C1,chembl_active,active
CCN1CCN(CC/C=C/c2ccc3c(Nc4ccc(Sc5nccn5C)c(Cl)c4)c(C#N)cnc3c2)CC1,chembl_active,active
Clc1ccc2c(c1Nc1ncnc3cccc(Oc4ccncc4)c13)OCO2,chembl_active,active
CN1CCN([C@H]2CC(F)(F)c3cc(NC(=O)c4ccc(F)c(C#Cc5cncc(N6CCOCC6)c5)c4)ccc32)CC1,chembl_active,active
COc1cc(-c2nn(CCN3CCC(N(C)C)CC3)c3ncnc(N)c23)ccc1Cc1ncc(C)o1,chembl_active,active
CN(C)C1CCN(CCn2nc(-c3cnc4[nH]ccc4c3)c3c(N)ncnc32)CC1,chembl_active,active
CN(C)C1CCN(CCn2nc(-c3ccc(NC(=O)OC(C)(C)C)cc3)c3c(N)ncnc32)CC1,chembl_active,active
Cc1cccc(C)c1Nc1ncc(-c2cccc(OCCN3CCCC3)c2)n2cncc12.Cl,chembl_active,active
CC(C)n1nc(-c2ccc3cc(O)ccc3c2)c2c(N)ncnc21,chembl_active,active
CC(C)(C)n1nc(C(=O)Nc2cc(C#N)[nH]n2)c2c(N)ncnc21,chembl_active,active
Cc1ccc(NC(=O)c2ccncc2C(C)(C)C)cc1Nc1nc2ccccc2n1-c1cc(N)ncn1,chembl_active,active
Cc1ccc(-c2cn([C@H]3CC[C@@H](N)CC3)c3ncnc(N)c23)c(F)c1,chembl_active,active
COc1cc(Nc2c(C#N)cnc3cc(-c4csc(CN5CCN(C)CC5)n4)sc23)c(Cl)cc1Cl,chembl_active,active
CC(C)(C)c1cc(NC(=O)Nc2ccc(Oc3ccnc(Nc4ccccc4)c3)c3ccccc23)n(-c2cccc(CP(C)(C)=O)c2)n1,chembl_active,active
COc1cc(-c2nn([C@H]3CC[C@H](N4CCN(C)CC4)CC3)c3ncnc(N)c23)ccc1NC(=O)c1cc2ccccc2[nH]1,chembl_active,active
Cc1ccc(NC(=O)c2cc(C3CC3)n[nH]2)cc1Nc1nc2ccccc2n1-c1cc(N)ncn1,chembl_active,active
COc1cc2ncc(C#N)c(Nc3ccc(Cl)c(Cl)c3)c2cc1OC,chembl_active,active
Nc1ncnc2c1c(-c1cccc3[nH]ccc13)nn2C1CCCC1,chembl_active,active
CC(C)n1nc(-c2ccc3c(N)n[nH]c3c2)c2c(N)ncnc21,chembl_active,active
COC(=O)c1ccc(CN2CCCC[C@H](NC(=O)[C@H](Cc3ccc(OP(=O)(O)O)cc3)NC(C)=O)C2=O)cc1,chembl_active,active
COc1cccc(Nc2cc(Oc3ccc(NC(=O)Nc4cc(C(C)(C)C)cc(C(=O)NC5COC5)c4OC)c4ccccc34)ccn2)c1,chembl_active,active
COc1cc(Nc2c(C#N)cnc3cc(C#Cc4ccccc4)c(OC)cc23)c(Cl)cc1Cl,chembl_active,active
CCN1CCN(c2cc(C(=O)Nc3ccc(C)c(Nc4nc5ccccc5n4-c4cc(N)ncn4)c3)cc(C(F)(F)F)c2)CC1,chembl_active,active
CCn1nc(C#Cc2cc(C(=O)Nc3ccc(CN4CCN(C)CC4)c(C(F)(F)F)c3)ccc2OC)c2c(N)ncnc21,chembl_active,active
COc1cccc(-c2cnc(Nc3c(C)cccc3Cl)c3cncn23)c1,chembl_active,active
CN1CCN(CCCNc2cc3c(cn2)cc(-c2c(Cl)cccc2Cl)c(=O)n3C)CC1,chembl_active,active
COc1ccc(-c2ccc3c(c2)NC(=O)/C3=C\c2[nH]c3c(c2CCC(=O)O)CCCC3)cc1,chembl_active,active
CCc1cc(NC(=O)c2nn(C(C)(C)C)c3ncnc(N)c23)[nH]n1,chembl_active,active
Cc1cc2nc(Nc3ccc(OCCN4CCCC4)cc3)nnc2cc1-c1sccc1C,chembl_active,active
O=C(O)CCc1c(/C=C2\C(=O)Nc3ccc(C(=O)O)cc32)[nH]c2c1CCCC2,chembl_active,active
CN1CCN(CCCCCNc2ncc3cc(-c4c(Cl)cccc4Cl)c(=O)n(C)c3n2)CC1,chembl_active,active
COc1cc(Nc2cc(Oc3ccc(NC(=O)Nc4cc(C(C)(C)C)cc(CC(N)=O)c4OC)c4ccccc34)ccn2)cc(OC)c1,chembl_active,active
Cc1cc(-c2c(Cl)cccc2Cl)cc2nnc(Nc3ccc(S(=O)(=O)N4CCNCC4)cc3)nc12,chembl_active,active
C#CC(C)(C)c1cc(NC(=O)Nc2ccc(Oc3ccnc(Nc4ccccc4)n3)c3ccccc23)n(-c2ccc(C)cc2)n1,chembl_active,active
ClC(Cn1ncc2c(Nc3ccccc3)ncnc21)c1ccc(Br)cc1,chembl_active,active
CC(Cn1ncc2c(Nc3cc(O)ccc3Cl)nc(SCCN3CCOCC3)nc21)c1ccccc1,chembl_active,active
COc1cc2c(Nc3c(Br)ccc4c3OCO4)ncnc2cc1OCCCN1CCOCC1,chembl_active,active
CNS(=O)(=O)c1ccc2c(c1)/C(=C/c1[nH]c3c(c1CCCN1CCOCC1)CCCC3)C(=O)N2,chembl_active,active
COc1ccc(Cl)c(Nc2ncnc3cc(OCCCN4CCN(C)CC4)cc(OC(C)C)c23)n1,chembl_active,active
Nc1ncnc2c1c(-c1cccc(O)c1)cn2-c1ccc(CCOP(=O)(O)CP(=O)(O)O)cc1,chembl_active,active
CCS(=O)(=O)c1ccc2c(c1)/C(=C/c1[nH]c3c(c1CCCN(C)C)CCCC3)C(=O)N2,chembl_active,active
COc1c(NC(=O)Nc2ccc(Oc3ccnc(Nc4ccccc4)n3)c3ccccc23)cc(C(C)(C)C)cc1OCP(C)(C)=O,chembl_active,active
Cn1nc(-c2ccc(Br)c(O)c2)c2c(N)ncnc21,chembl_active,active
O=c1ccc(-c2cnn3cc(-c4ccc(OCCN5CCOCC5)cc4)cnc23)c[nH]1,chembl_active,active
COc1cc2c(Oc3ccc(NC(=O)NN4C(=O)CSC4c4c(F)cccc4F)c(F)c3)ccnc2cc1OCCCN1CCCC1,chembl_active,active
COc1cc2ncc(C#N)c(Nc3c(Cl)cccc3Cl)c2cc1OC,chembl_active,active
C=C(CF)n1nc(C(=O)Nc2cc(C)[nH]n2)c2c(N)ncnc21,chembl_active,active
Cc1cc(-c2cc(O)ccc2Cl)cc2nnc(Nc3ccc(S(=O)(=O)N4CCN(C)CC4)cc3)nc12,chembl_active,active
COc1cc2c(Nc3ccc(C)cc3C)c(C#N)cnc2cc1OCC1CCN(C)CC1,chembl_active,active
CCOc1c(OC)cc(Nc2c(C#N)cnc3cc(OC)c(OC)cc23)cc1OC,chembl_active,active
COc1cccc(Nc2cc(Oc3ccc(NC(=O)Nc4cc(C(C)(C)C)cc(CC(N)=O)c4OC)c4ccccc34)ccn2)c1,chembl_active,active
Nc1ncnc2c1c(-c1ccccc1)cn2-c1cccc(CO)c1,chembl_active,active
COc1cccc(-c2cn(-c3cccc(CO)c3)c3ncnc(N)c23)c1,chembl_active,active
COc1cccc(-c2cn(C3CCN(CC(=O)N(C)C)CC3)c3ncnc(N)c23)c1,chembl_active,active
CCCc1cc(NCCN(C)C)nc2sc(C(=O)N/N=C/c3cccn3C)c(N)c12,chembl_active,active
COc1ccc(NC(=O)Nc2ccc(-c3csc4c(-c5cnn(CC(C)(C)O)c5)cnc(N)c34)cc2)cc1,chembl_active,active
COCCOC1CCC(n2nc(-c3ccc(Nc4nc5cc(C)cc(Cl)c5o4)cc3)c3c(N)ncnc32)CC1,chembl_active,active
Nc1ncc(-c2ccncc2)c2scc(-c3ccc(NC(=O)Nc4cc(C(F)(F)F)ccc4F)cc3)c12,chembl_active,active
NS(=O)(=O)c1cccc(Nc2ncc3ccn(Cc4ccccc4)c3n2)c1,chembl_active,active
CN1CCN(c2ccc3nc(-c4c(N)c5c(F)cccc5[nH]c4=O)[nH]c3c2)CC1,chembl_active,active
O=C(Cc1ccccc1)Nc1cccc(-c2nc3sccn3c2-c2ccnc(Nc3cccc(N4CCOCC4)c3)n2)c1,chembl_active,active
CC(=O)NCC(=O)N1C2CCC1c1cc(Nc3ncc(C(F)(F)F)c(NC4CCC4)n3)ccc12,chembl_active,active
Nc1ncnc2c1c(-c1cccc(O)c1)cn2[C@H]1C[C@@H](CO)C1,chembl_active,active
C=CS(=O)(=O)Nc1cccc(-c2nn(C(C)C)c3ncnc(N)c23)c1,chembl_active,active
CC(C)n1nc(-c2ccc3ccccc3c2)c2c(N)ncnc21,chembl_active,active
CN1CCN([C@H]2CC[C@H](n3nc(-c4ccc(Nc5ccccc5)cc4)c4c(N)ncnc43)CC2)CC1,chembl_active,active
CC(C)n1nc(-c2ccc3ccccc3c2)c2c(N)ncnc21.Cl,chembl_active,active
O=C(Nc1nnc(SCc2cccc(F)c2)s1)c1ccc(Cl)cc1,chembl_active,active
COc1cc(Nc2c(C#N)cnc3cc(/C=C/c4ccccc4)c(OC)cc23)c(Cl)cc1Cl,chembl_active,active
CCn1c2ccccc2c2cc(/C=N/OCCO/N=C/c3ccc(O)c(O)c3)ccc21,chembl_active,active
CCn1c2ccccc2c2cc(/C=N\OCCO/N=C/c3ccc(O)c(O)c3)ccc21,chembl_active,active
CN1CCN(CCOc2cc(OC3CCOCC3)c3c(Nc4c(Cl)ccc5c4OCCO5)ncnc3c2)CC1,chembl_active,active
Clc1ccc2c(c1Nc1ncnc3cc(OCCCN4CCCC4)cc(OC4CCOCC4)c13)OCO2,chembl_active,active
Nc1n[nH]c2cccc(C#Cc3cccc(NC(=O)c4ccc(N5CCOCC5)c(C(F)(F)F)c4)c3)c12,chembl_active,active
COc1cc(N2CCN(C)CC2)ccc1Nc1ncc2cc(-c3ccccc3Cl)c(=O)n(C[C@H]3CCCO3)c2n1,chembl_active,active
Cc1ccc(NC(=O)CC(C)C(F)(F)F)cc1N1CCc2nc(Nc3ccc(OCCN4CCN(C)CC4)cc3)ncc2C1,chembl_active,active
Cn1c(=O)c(-c2c(Cl)cccc2Cl)cc2cnc(Nc3ccc(F)cc3)nc21,chembl_active,active
COc1cc(Nc2c(C#N)cnc3cc(OC)c(OC)cc23)c(F)cc1Cl,chembl_active,active
Cn1c(=O)c(-c2c(Cl)cccc2Cl)cc2cnc(Nc3cccc(COCC(O)CO)c3)nc21,chembl_active,active
Cc1cc2nc(Nc3ccc(S(=O)(=O)NCCN4CCCC4)cc3)nnc2cc1-c1ccccc1C(F)(F)F,chembl_active,active
CCN(CC)CCOc1ccc(Nc2cc(NC(=O)Nc3c(Cl)cccc3Cl)ncn2)cc1,chembl_active,active
COc1ccc(C)c(Nc2c(C#N)cnc3cc4[nH]c(NCCN5CCOCC5)nc4cc23)c1,chembl_active,active
COc1cc(Nc2cc(Oc3ccc(NC(=O)Nc4cc(C(C)(C)C)cc(CNC(C)=O)c4OC)c4ccccc34)ccn2)cc(OC)c1,chembl_active,active
CN1CCN(Cc2cc(-c3cc4ncc(C#N)c(Nc5ccc(Cl)cc5Cl)c4s3)cs2)CC1,chembl_active,active
CCn1cnc2c(Nc3ccc(P(=O)(O)CP(=O)(O)O)cc3)nc([C@H]3CC[C@H](N)CC3)nc21,chembl_active,active
CN(C)CCNc1cc(-c2ccccc2)c2c(N)c(C(=O)N/N=C/c3cccn3C)sc2n1,chembl_active,active
COc1cc(Nc2nn3c(N[C@@H](CO)C(C)C)cc(-c4ccccc4)nc3c2C(N)=O)cc(OC)c1,chembl_active,active
COc1cc(-c2nn([C@H]3CC[C@H](N4CCN(C)CC4)CC3)c3ncnc(N)c23)ccc1NCc1ccccc1,chembl_active,active
Cc1cc2cn[nH]c2cc1-c1cccc2c(N)c(C(N)=O)nnc12,chembl_active,active
CCn1nc(-c2ccc(OC)c(O)c2)c2c(N)ncnc21,chembl_active,active
Nc1ncnc2c1c(-c1ccc(Oc3ccccc3)cc1)cn2C1CCCC1,chembl_active,active
O=C(CCCCCC(=O)N1CCC[C@@H]1c1ccco1)Nc1cccc(Nc2nccc(Nc3cc(C4CC4)[nH]n3)n2)c1,chembl_active,active
COc1c(CC(N)=O)cc(C(C)(C)C)cc1NC(=O)Nc1ccc(Oc2ccnc(Nc3cc(C)cc(C)c3)c2)c2ccccc12,chembl_active,active
CC1(C)OC(=O)N2C[C@H](c3nc(-c4ccc(C(=O)Nc5cc(C(F)(F)F)ccn5)cc4)c4c(N)nccn34)CC[C@H]21,chembl_active,active
COc1cc(-c2nn([C@H]3CC[C@H](N4CCN(C)CC4)CC3)c3ncnc(N)c23)ccc1NC(=O)c1cc2ccccc2n1C,chembl_active,active
COc1cc(Nc2ncc3c(=O)n(-c4c(C)cccc4C)c4nc5ccccc5n4c3n2)cc(OC)c1OCCCN1CCN(C)CC1,chembl_active,active
CCS(=O)(=O)c1ccc2c(c1)/C(=C/c1[nH]c3c(c1CN1CCOCC1)CCCC3)C(=O)N2,chembl_active,active
CCS(=O)(=O)c1ccc2c(c1)/C(=C/c1[nH]c3c(c1CCCN1CCC(O)CC1)CCCC3)C(=O)N2,chembl_active,active
CC(C)n1nc(-c2ccc3cn[nH]c3c2)c2c(N)ncnc21,chembl_active,active
CCS(=O)(=O)c1ccc2c(c1)/C(=C/c1[nH]c3c(c1CCCN1CCN(CCO)CC1)CCCC3)C(=O)N2,chembl_active,active
CCS(=O)(=O)c1ccc2c(c1)/C(=C/c1[nH]c3c(c1CCCN1CCN(CC(=O)O)CC1)CCCC3)C(=O)N2,chembl_active,active
CCOC(=O)CN1CCN(CCCc2c(/C=C3\C(=O)Nc4ccc(S(=O)(=O)NC)cc43)[nH]c3c2CCCC3)CC1,chembl_active,active
CNS(=O)(=O)c1ccc2c(c1)/C(=C/c1[nH]c3c(c1CCCN1CCN(C)CC1)CCCC3)C(=O)N2,chembl_active,active
CN1CCN(CCCCNc2ncc3cc(-c4c(Cl)cccc4Cl)c(=O)n(C)c3n2)CC1,chembl_active,active
Cc1nc(Nc2nnc3cc(-c4cc(O)ccc4Cl)cc(C)c3n2)cc(N2CCN(CCO)CC2)n1,chembl_active,active
Clc1cccc(CNc2ncnc3c2cnn3CC(Cl)c2ccc(Br)cc2)c1,chembl_active,active
CC(Cn1ncc2c(Nc3cccc(O)c3)nc(SCCN3CCOCC3)nc21)c1ccccc1.Cl,chembl_active,active
Cc1cc(-c2cc(O)ccc2Cl)cc2nnc(Nc3ccc(S(N)(=O)=O)cc3)nc12,chembl_active,active
CCCCn1c(-c2ccccc2C)cn2c3c(=O)[nH]c(=O)n(C)c3nc12,chembl_active,active
COc1cc(C(=O)Nc2cc(C(F)(F)F)ccn2)ccc1-c1nc([C@@H]2CC[C@H]3CCC(=O)N3C2)n2ccnc(N)c12,chembl_active,active
Cc1cccc(C)c1-c1cc(C)c2nc(Nc3ccc(C4(C#N)CC4)cc3)nnc2c1,chembl_active,active
CN(C)S(=O)(=O)c1ccc2c(c1)/C(=C/c1cc3c([nH]1)CCCC3)C(=O)N2,chembl_active,active
Cc1cc2nc(Nc3ccc(S(=O)(=O)NCCN4CCCC4)cc3)nnc2cc1-c1ccccc1CO,chembl_active,active
CC(C)n1nc(-c2ccc3[nH]ncc3c2)c2c(N)ncnc21,chembl_active,active
C[C@H](CN)n1nc(-c2ccc(Cl)c(O)c2)c2c(N)ncnc21,chembl_active,active
COCOc1cc(-c2nn(C(C)C)c3ncnc(N)c23)ccc1Br,chembl_active,active
C=CC(=O)Nc1ccc2ncnc(Nc3cccc(Br)c3)c2c1,chembl_active,active
C=CC(=O)N1CCC[C@@H](n2nc(-c3ccc(Oc4ccc(Cl)cc4)cc3)c(C(N)=O)c2N)C1,chembl_active,active
CCN(CC)CCCNc1ncc2cc(-c3c(Cl)cccc3Cl)c(NC(=O)NC(C)(C)C)nc2n1,chembl_active,active
COc1cccc(Nc2cc(Oc3ccc(NC(=O)Nc4cc(C(C)(C)C)cc([S+](C)[O-])c4OC)c4ccccc34)ccn2)c1,chembl_active,active
Cc1nc(Nc2ncc(C(=O)NC3CN4CCC3CC4)s2)cc(NN2CCN(CCO)CC2)n1,chembl_active,active
COc1cc(Nc2c(C#N)cnc3cc(-c4cccc(CCN5CCOCC5)c4)c(OC)cc23)c(Cl)cc1Cl,chembl_active,active
COc1c(NC(=O)Nc2ccc(Oc3ccnc(Nc4ccccc4)c3)c3ccccc23)cc(C(C)(C)C)cc1C(=O)NCCN1CCC1,chembl_active,active
OCCNc1nc(Nc2cc(O)ccc2Cl)c2cnn(CC(Cl)c3ccccc3)c2n1,chembl_active,active
Cc1cccc(C)c1-c1cc(C)c2nc(Nc3ccc(=O)n(CCCN4CCCC4)c3)nnc2c1,chembl_active,active
Cc1cc2c(Nc3ccccn3)c(C#N)cnc2cc1OCCCN1CCN(C)CC1,chembl_active,active
Clc1ccc2c(c1Nc1ncnc3cc(OCCN4CCCC4)cc(N4CCOCC4)c13)OCO2,chembl_active,active
CC(C)n1nc(-c2ccc(O)cc2)c2c(N)ncnc21,chembl_active,active
COc1cc(-c2nn(C(C)C)c3ncnc(N)c23)cc(OC)c1OC,chembl_active,active
Cc1cnc(Nc2ccc(OCCN3CCCC3)cc2)nc1Nc1cccc(S(=O)(=O)NC(C)(C)C)c1,chembl_active,active
N#Cc1cnc2cc3[nH]cnc3cc2c1Nc1ccc(Cl)cc1Br,chembl_active,active
Cc1cccc(C)c1-c1cc(C)c2nc(Nc3ccc(C4(CN)CC4)cc3)nnc2c1,chembl_active,active
Cc1cc(O)cc(C)c1-c1cc(C)c2nc(Nc3ccc(OCCN4CCCC4)cc3)nnc2c1,chembl_active,active
Cc1cccc(C)c1-c1ccc2nc(Nc3ccc(=O)n(CCCN4CCCC4)c3)nnc2c1,chembl_active,active
CC1(C)c2cc(C3CCN(CC4CCOCC4)CC3)ccc2C(=O)c2c1[nH]c1cc(C#N)ccc21,chembl_active,active
Cc1nc(Nc2nnc3cc(-c4cc(O)ccc4Cl)cc(C)c3n2)cc(OCCN2CCCC2)n1,chembl_active,active
CCNC(=O)Nc1nc2nc(N)ncc2cc1-c1c(Cl)cccc1Cl,chembl_active,active
Nc1nccn2c([C@@H]3CCCN(C4CCOCC4)C3)nc(-c3ccc(C(=O)Nc4cc(C(F)(F)F)ccn4)cc3F)c12,chembl_active,active
Cc1ccn(-c2ccc(-n3cccn3)cc2)c(=O)c1-c1ccc2nc(N)ncc2c1,chembl_active,active
COc1cc(Nc2cc(Oc3ccc(NC(=O)Nc4cc(C(C)(C)C)cc([S+](C)[O-])c4OC)c4ccccc34)ccn2)cc(OC)c1,chembl_active,active
Cc1ccc(NC(=O)c2cccc(C(F)(F)F)c2)cc1Nc1nc2ccccc2n1-c1cc(N)ncn1,chembl_active,active
Cc1ccc(-n2nc([Si](C)(C)C)cc2NC(=O)Nc2ccc(Oc3ccnc(Nc4ccccc4)n3)c3ccccc23)cc1,chembl_active,active
CCN(CC)CCOc1ccc(Nc2cc3c(cn2)cc(-c2c(Cl)cccc2Cl)c(=O)n3C)cc1,chembl_active,active
COc1cc(Nc2ncc3c(=O)n(-c4c(C)cccc4C)c4nc5ccccc5n4c3n2)cc(OC)c1OCCN1CCN(C)CC1,chembl_active,active
COc1cccc(Nc2cc(Oc3ccc(NC(=O)Nc4cc(C(C)(C)C)cc(P(C)(C)=O)c4OC)c4ccccc34)ccn2)c1,chembl_active,active
Cn1c(=O)c(-c2c(Cl)cccc2Cl)cc2cnc(Nc3cccc(P(=O)(O)CP(=O)(O)O)c3)nc21,chembl_active,active
COC(=O)CN1CCC(n2cc(-c3cccc(OC)c3)c3c(N)ncnc32)CC1,chembl_active,active
CN(C)C(=O)/C(C#N)=C/c1cccc(-n2cc(-c3ccc(Cl)cc3)c3c(N)ncnc32)c1,chembl_active,active
CNS(=O)(=O)c1ccccc1Nc1nc(Nc2cc(N3CCN(C(C)=O)CC3)ccc2OC)ncc1Br,chembl_active,active
Clc1cc(-c2c[nH]c3ncccc23)cc(NCc2ccccc2)n1,chembl_active,active
NS(=O)(=O)c1ccc2c(c1)/C(=C/c1cc3c([nH]1)CCCC3)C(=O)N2,chembl_active,active
c1cc(Nc2ncnc3cc(OCCN4CCCC4)cc(OC4CCOCC4)c23)c2c(c1)OCO2,chembl_active,active
Cc1cc(-c2cc(OC(=O)c3ccccc3)ccc2Cl)cc2nnc(Nc3ccc(S(=O)(=O)NCCN4CCCC4)cc3)nc12,chembl_active,active
Cc1cc(NC(=O)c2nn(CC3CCC3)c3ncnc(N)c23)n[nH]1,chembl_active,active
C=CC(=O)Nc1ccccc1Nc1nc(Nc2ccc(N3CCN(C)CC3)cc2)ncc1C(=O)Nc1ccccc1CC,chembl_active,active
COc1ccc(-c2cn(C3CCCC3)c3ncnc(N)c23)cc1,chembl_active,active
Fc1cccc(CNc2ncnc3c2cnn3CC(Cl)c2ccccc2)c1,chembl_active,active
COc1cc(Nc2ccnc3cc(OC)c(OC)cc23)c(Cl)cc1Cl,chembl_active,active
C#CC(C)(C)c1cc(NC(=O)Nc2ccc(Oc3ccnc(Nc4ccccc4)c3)c3ccccc23)n(-c2ccc(C)cc2)n1,chembl_active,active
Cc1cc2c(Nc3ccc4nc(N)sc4c3)c(C#N)cnc2cc1OCCCN1CCOCC1,chembl_active,active
Cc1nn(-c2ccccc2)nc1Cn1nc(-c2ccc(F)c(O)c2)c2c(N)ncnc21,chembl_active,active
Cc1cc(Nc2nc(-c3ccccc3)nc3ccccc23)n[nH]1,chembl_active,active
Cc1cn(-c2cc(NC(=O)c3ccc(C)c(/C=C/n4cnc5cncnc54)c3)cc(C(F)(F)F)c2)cn1,chembl_active,active
Nc1ncnc2c1c(-c1ccc(Oc3ccccc3)cc1)cn2C1CC(O)C(O)C1,chembl_active,active
COc1cc2nccc(Nc3ccc(Cl)cc3Cl)c2cc1OC,chembl_active,active
COc1cc(Nc2c(C#N)cnc3cc(C#Cc4ccncc4)ccc23)c(Cl)cc1Cl,chembl_active,active
COc1cc(Nc2c(C#N)cnc3ccc(-c4coc(CN5CCN(C)CC5)c4)cc23)c(Cl)cc1Cl,chembl_active,active
Cc1ccccc1Nc1nc2cc(F)c(N(C)C(=O)/C=C/CN(C)C)cc2n2cncc12,chembl_active,active
CCc1ccc(C(=O)Nc2ccc(CN3CCN(C)CC3)c(C(F)(F)F)c2)cc1C#Cc1nn(CC)c2ncnc(N)c12,chembl_active,active
COc1cc(Nc2cc(Oc3ccc(NC(=O)Nc4cc(C(C)(C)C)cc(CC(N)=O)c4OC)c4ccccc34)ccn2)cc(S(C)(=O)=O)c1,chembl_active,active
Cc1cc(NC(=O)c2cn(C3CCC(F)(F)C3)c3ncnc(N)c23)n[nH]1,chembl_active,active
N#Cc1cnc2ccc(-c3ccc(CN)cc3)cc2c1N[C@@H]1C[C@H]1c1ccccc1,chembl_active,active
c1cc(Nc2ncnc3cc(OCCN4CCCC4)cc(OC4CCOCC4)c23)c2c(c1)OCCO2,chembl_active,active
Nc1ncnc2c1c(-c1ccc(Oc3ccccc3)cc1)cn2C1CCC(O)C1,chembl_active,active
COc1cc(Nc2c(C#N)cnc3cc(OCC4CCCCN4C)c(OC)cc23)c(Cl)cc1Cl,chembl_active,active
COc1cc2c(Oc3ccc(NS(=O)(=O)c4cc(F)ccc4F)cc3F)ccnc2cc1OCCCN1CCN(C)CC1,chembl_active,active
CC(=O)N[C@@H](Cc1ccc(OP(=O)(O)O)cc1)C(=O)N[C@H]1CSCCN(Cc2ccc(-c3ccccc3)cc2)C1=O,chembl_active,active
CSc1nc(Nc2cccc(Cl)c2)c2cnn(CCc3ccccc3)c2n1,chembl_active,active
N#CCCCn1nc(-c2ccc(F)c(O)c2)c2c(N)ncnc21,chembl_active,active
CN1CCN(C(=O)CCSCCC(=O)Nc2cccc(Nc3nccc(Nc4cc(C5CC5)[nH]n4)n3)c2)C(c2ccccc2)C1,chembl_active,active
COc1cc(Nc2c(C#N)cnc3cc(C#Cc4cccnc4)ccc23)cc(OC)c1OC,chembl_active,active
CNc1nc(Nc2ccc(C)c(N)c2)ncc1C(=O)Nc1cc(NC(=O)c2cccc(C(F)(F)F)c2)ccc1C,chembl_active,active
COc1cc2ncc(C#N)c(Nc3cccc(Cl)c3Cl)c2cc1OC,chembl_active,active
Cc1cccc(C)c1-c1cc(C)c2nc(Nc3cccc(C(=O)N4CCN(C)CC4)c3)nnc2c1,chembl_active,active
C[C@H]1CC[C@@H](c2nc(-c3ccc(C(=O)Nc4cc(C(F)(F)F)ccn4)cc3F)c3c(N)nccn23)CN1C(=O)C1CC1,chembl_active,active
COCCOc1cc2ncnc(Nc3c(Cl)ccc4c3OCO4)c2cc1NC(=O)[C@@H]1CCCN1,chembl_active,active
CNc1cc(O)c2c(c1)/C=C/C[C@H](O)[C@H](O)C(=O)/C=C\[C@@H](C)[C@H](C)OC2=O,chembl_active,active
Nc1nccn2c([C@@H]3CC[C@H]4COC(=O)N4C3)nc(-c3ccc(C(=O)Nc4cc(C(F)(F)F)ccn4)cc3)c12,chembl_active,active
Cc1cc2nc(Nc3ccc(S(=O)(=O)NCCN4CCCC4)cc3)nnc2cc1N,chembl_active,active
CCS(=O)(=O)c1cccc(-c2cc(C(=O)NC3CCN(C)CC3)c(C)c3[nH]c4ncc(C)cc4c23)c1,chembl_active,active
Cc1cc(-c2c(Cl)cccc2Cl)cc2c1nc(Nc1ccc(OCCN3CCCC3)cc1)n[n+]2[O-],chembl_active,active
Cc1cc2nc(Nc3ccc(S(=O)(=O)NCCN4CCCC4)cc3)nnc2cc1-c1ccccc1N,chembl_active,active
Cc1cccc(C)c1-c1cc(C)c2nc(Nc3ccc(C(=O)N4CCN(C)CC4)o3)nnc2c1,chembl_active,active
COc1c(CC(N)=O)cc(C(C)(C)C)cc1NC(=O)Nc1ccc(Oc2ccnc(Nc3cccc(OS(C)(=O)=O)c3)c2)c2ccccc12,chembl_active,active
CNc1ncc2c(-c3ccc(N4CCN(C)CC4)cc3)nn(CC3CCCC3)c2n1,chembl_active,active
CN1CCN([C@H]2CC(F)(F)c3cc(NC(=O)c4ccc(F)c(C#Cc5cncc(N6CCC6)c5)c4)ccc32)CC1,chembl_active,active
COc1ccc(-n2nc([Si](C)(C)C)cc2NC(=O)Nc2ccc(Oc3ccnc(Nc4ccccc4)n3)c3ccccc23)cn1,chembl_active,active
CCS(=O)(=O)c1cc(Nc2ncc(F)c(N(Cc3ccccc3C#N)c3cc(CO)ccc3C)n2)ccc1N1CCN(C)CC1,chembl_active,active
NC(=O)c1c(Nc2ccccc2)nn2c(N)cc(C3CC3)nc12,chembl_active,active
Cc1cccc(Cl)c1Nc1nc2ccc(N3CCN[C@@H](C)C3)nc2n2cncc12,chembl_active,active
Nc1ncnc2c1c(-c1ccc(Cl)c(O)c1)nn2CC1CCCN1,chembl_active,active
CC(C)n1nc(-c2ccc3cc(OC(=O)c4cccc(Cl)c4)ccc3c2)c2c(N)ncnc21,chembl_active,active
Oc1ccc(-c2cnn3cc(-c4ccc(OCCN5CCOCC5)cc4)cnc23)cc1O,chembl_active,active
COc1cc2ncc(C#N)c(Nc3ccccc3Cl)c2cc1OC,chembl_active,active
COc1cc2ncc(C#N)c(Nc3ccc(I)cc3Cl)c2cc1OC,chembl_active,active
Nc1ncnc2c1c(-c1ccc(O)cc1)cn2[C@@H]1CN[C@@H](CO)C1,chembl_active,active
COc1cncc(Nc2cc(Oc3ccc(NC(=O)Nc4cc(C(C)(C)C)cc(CC(N)=O)c4OC)c4ccccc34)ccn2)c1,chembl_active,active
Cc1cccc(C)c1-c1cc(C)c2nc(Nc3ccc(C(=O)N4CCN(C)CC4)cc3)n[n+]([O-])c2c1,chembl_active,active
Cc1ccc(-c2nn(C)c3ncnc(N)c23)cc1O,chembl_active,active
CCN(CC)CCCCNc1cc(-n2c(Nc3cc(NC(=O)c4cccc(C(F)(F)F)c4)ccc3C)nc3ccccc32)ncn1,chembl_active,active
Cc1cccc(C)c1OC(=O)N(c1ccc(-c2ccccc2)cc1)c1ccnc(Nc2ccc(N3CCN(C)CC3)cc2)n1,chembl_active,active
COc1cc(-c2nn(C(C)C)c3ncnc(N)c23)ccc1F,chembl_active,active
COc1c(NC(=O)Nc2ccc(Oc3ccnc(Nc4ccccc4)c3)c3ccccc23)cc(C(C)(C)C)cc1C(=O)NC1COC1,chembl_active,active
COc1cc(Nc2cc(Oc3ccc(NC(=O)Nc4cc(C(C)(C)C)cc(OCCO)c4OC)c4ccccc34)ccn2)cc(C(N)=O)c1,chembl_active,active
Cc1nc(Nc2ncc(-c3ccccc3)s2)cc(N2CCN(CCO)CC2)n1,chembl_active,active
COc1cc(-c2nn([C@H]3CC[C@H](N4CCN(C)CC4)CC3)c3ncnc(N)c23)ccc1NCc1ccco1,chembl_active,active
C=Cc1ccc2c(Nc3cc(OC)c(Cl)cc3Cl)c(C#N)cnc2c1,chembl_active,active
CNS(=O)(=O)c1ccc2c(c1)/C(=C/c1[nH]c3c(c1CCCN(C)C)CCCC3)C(=O)N2,chembl_active,active
Cc1nc(N)cc(N(CC(=O)NO)c2ncc(C(=O)Nc3c(C)cccc3Cl)s2)n1,chembl_active,active
Cc1cc(Nc2nccc(C)n2)cc(-c2cnc([C@@]3(O)CC[C@H](C(=O)O)C(C)(C)C3)s2)c1,chembl_active,active
Cn1c(=O)c(-c2c(Cl)ccc(O)c2Cl)cc2cnc(Nc3ccc(OCCCC(=O)O)cc3)nc21,chembl_active,active
CCSc1nc(Nc2cccc(Br)c2)c2cnn(CC(C)c3ccccc3)c2n1,chembl_active,active
COc1cccc(-c2cn(-c3ccc(CCO)cc3)c3ncnc(N)c23)c1,chembl_active,active
Nc1ncnc2c1c(-c1ccccc1)cn2-c1ccccc1,chembl_active,active
CCNC(=O)c1cnc(N)c2c(-c3ccc(NC(=O)Nc4cccc(F)c4)cc3)csc12,chembl_active,active
CC(C)(C(N)=O)n1cc(-c2cnc(N)c3c(-c4ccc(NC(=O)Nc5cccc(F)c5)cc4)csc23)cn1,chembl_active,active
C[C@H](CN)n1nc(-c2ccc(F)c(O)c2)c2c(N)ncnc21,chembl_active,active
NS(=O)(=O)c1cccc(Nc2nc(N3CCNCC3)nc3[nH]cnc23)c1,chembl_active,active
Fc1ccc(C(Cl)Cn2ncc3c(Nc4cccc(F)c4)ncnc32)cc1,chembl_active,active
Nc1ncnc2c1c(-c1ccccc1)cn2C1CCC1,chembl_active,active
Nc1ncnc2c1c(-c1ccc(O)cc1)cn2[C@H]1CN[C@H](CO)C1,chembl_active,active
CCOC(=O)C[C@@H]1C[C@@H](n2cc(-c3ccc(O)cc3)c3c(N)ncnc32)CN1,chembl_active,active
O=C(N/N=C/c1cc(C(=O)O)c(Nc2ccc(I)cc2F)c(F)c1F)c1ccc(CO)o1,chembl_active,active
Nc1ncnc2c1ncn2[C@@H]1O[C@H](COP(=O)(O)O)[C@@H](O)[C@H]1O,chembl_active,active
COc1cc(Nc2ncc3c(=O)n(-c4c(C)cccc4C)c4nc5ccccc5n4c3n2)ccc1N1CCN(C)CC1,chembl_active,active
COc1ccc(Cl)c(Nc2ncnc3cc(OCCCN4CCOCC4)cc(OC4CCOC4)c23)c1,chembl_active,active
CN1CCC(Oc2cccc3ncnc(Nc4c(Cl)ccc5c4OCO5)c23)CC1,chembl_active,active
CC(C)Oc1cc(OC2CCN(C)CC2)c2c(Nc3c(Cl)ccc4c3OCO4)ncnc2c1,chembl_active,active
COc1cccc(-c2ccc3c(c2)NC(=O)/C3=C\c2[nH]c3c(c2CCC(=O)O)CCCC3)c1,chembl_active,active
CC[C@H](C)[C@H](NC(=O)[C@H](CCC(=O)O)NC(=O)[C@H](CCC(=O)O)NC(=O)[C@@H](N)Cc1ccc(OP(=O)(O)O)cc1)C(=O)O,chembl_active,active
COc1cc2c(Nc3c(Cl)ccc4c3OCO4)ncnc2cc1OCCCN1CCOCC1,chembl_active,active
CCNC(=O)Nc1nc2cc(N)ncc2cc1-c1c(Cl)cccc1Cl,chembl_active,active
CCOC(=O)C[C@H]1C[C@H](n2cc(-c3ccc(O)cc3)c3c(N)ncnc32)CN1,chembl_active,active
CC(=O)N[C@@H](Cc1ccc(OP(=O)(O)O)cc1)C(=O)N[C@H]1CCCCc2cc(OCC3CCCCC3)c(C(N)=O)cc21,chembl_active,active
Cc1cc(C=O)cc(C)c1OP(=O)(O)O,chembl_negative,negative
O=P(O)(O)Oc1ccccc1,chembl_negative,negative
CCc1ccc(NC(=O)P(=O)(O)O)cc1,chembl_negative,negative
O=P(O)(O)C(c1ccccc1)P(=O)(O)O,chembl_negative,negative
N#Cc1ccc2cccc(OP(=O)(O)O)c2n1,chembl_negative,negative
O=C(O)C(c1ccccc1)S(=O)(=O)O,chembl_negative,negative
O=C(O)C(C(=O)O)c1ccccc1,chembl_negative,negative
O=Cc1ccccc1OP(=O)(O)OCC1CCCCC1,chembl_negative,negative
O=Cc1cccc(OP(=O)(O)O)c1,chembl_negative,negative
O=Cc1ccccc1OP(=O)(O)OCc1ccccc1,chembl_negative,negative
COc1cccc(C=O)c1OP(=O)(O)O,chembl_negative,negative
Cc1cc(C=O)c(OP(=O)(O)O)c(C=O)c1,chembl_negative,negative
Cc1ccc(CC(=O)O)c(C=O)c1,chembl_negative,negative
O=Cc1ccccc1OP(=O)(O)O,chembl_negative,negative
O=[N+]([O-])c1cc2c(cc1C(O)P(=O)(O)O)OCO2,chembl_negative,negative
O=P(O)(O)Oc1cccc2c1NCCC2,chembl_negative,negative
O=C(O)C(c1ccc(O)cc1)S(=O)(=O)O,chembl_negative,negative
C=CC(=O)N1CCCC1c1ccco1,chembl_negative,negative
Cc1ccc(C(C(=O)O)C(=O)O)c(COC=O)c1,chembl_negative,negative
COC(=O)C(O)(O)C(=O)c1ccccc1,chembl_negative,negative
COc1ccc(C(c2c[nH]c3ccc(OC)cc23)N(C)c2ccccc2)cc1,chembl_negative,negative
CC(=O)N[C@@H](Cc1ccc(OP(=O)(O)O)cc1)C(=O)N[C@@H](CO)c1nc(Cc2ccc3ccccc3c2)no1,chembl_negative,negative
Nc1ncnc2c1c(-c1ccc3[nH]c(=O)ccc3c1)nn2C1CCCC1,chembl_negative,negative
Cc1ccc2c(C(=O)Nc3ccccc3)c(SSc3c(C(=O)Nc4ccccc4)c4ccc(C)cc4n3C)n(C)c2c1,chembl_negative,negative
Cc1ccc2cc(-c3nn(C(C)C)c4ncnc(N)c34)ccc2n1,chembl_negative,negative
CCOc1ccc(-c2n[nH]c3ncnc(N)c23)cc1OC,chembl_negative,negative
CC[C@H](NC(=O)[C@H](Cc1ccc(OP(=O)(O)O)cc1)NC(C)=O)c1nc(Cc2ccc(C(F)(F)F)cc2)no1,chembl_negative,negative
CN(c1ccccc1)C(c1ccc(Cl)cc1)c1cn(C)c2ccccc12,chembl_negative,negative
CC(=O)N[C@@H](Cc1ccc(OP(=O)(O)O)cc1)C(=O)N[C@@H](CCC(N)=O)c1nc(Cc2ccc(C(C)C)cc2)no1,chembl_negative,negative
O=C(NNC(=O)c1ccccc1F)C(=O)c1c[nH]c2ccccc12,chembl_negative,negative
CC(=O)N[C@@H](Cc1ccc(OP(=O)(O)O)cc1)C(=O)N[C@@H](CCc1ccccc1)c1nc(Cc2ccc(C(F)(F)F)cc2)no1,chembl_negative,negative
COc1cccc(O[C@@H]2O[C@H](CO)[C@@H](O)[C@H]2O)c1,chembl_negative,negative
COc1ccc(-n2nc3c(c2-c2ccc(Cl)c(Cl)c2)C(=O)CC(C)(C)C3)cc1,chembl_negative,negative
O=[N+]([O-])c1cccc(Nc2nccc(-c3cccnc3)n2)c1,chembl_negative,negative
Cc1ccc(NC(=O)c2cccc(C(F)(F)F)c2)cc1/C=C/n1cnc2c(NC3CC3)ncnc21,chembl_negative,negative
CC(=O)N[C@@H](Cc1ccc(OP(=O)(O)O)cc1)C(=O)N[C@@H](Cc1c[nH]c2ccccc12)c1nc(Cc2ccc(C(F)(F)F)cc2)no1,chembl_negative,negative
CC[C@@H](C)[C@H](NC(=O)C[C@H](NC(=O)[C@H](CCC(=O)O)NC(=O)[C@H](Cc1ccc(OP(=O)(O)O)cc1)NC(C)=O)C(=O)O)C(=O)O,chembl_negative,negative
CC(=O)N[C@@H](Cc1ccc(OP(=O)(O)O)cc1)C(=O)N[C@@H](CCC(=O)O)c1nc(Cc2ccccc2)no1,chembl_negative,negative
O=C(Cn1cc(-c2ccccc2)nn1)c1ccc(-c2cc3ccccc3oc2=O)cc1,chembl_negative,negative
N#Cc1cnc2cnc(NCCN3CCOCC3)cc2c1Nc1ccc(Oc2ccccc2)cc1,chembl_negative,negative
COC(=O)c1cccc(Nc2nccc(-c3cccnc3)n2)c1,chembl_negative,negative
O=C(Nc1cccc(Nc2nccc(-c3cccnc3)n2)c1)c1ccccn1,chembl_negative,negative
CC(=O)N[C@@H](Cc1ccc(OP(=O)(O)O)cc1)C(=O)N[C@@H](Cc1c[nH]c2ccccc12)c1nc(CCCC(C)C)no1,chembl_negative,negative
NC[C@@H]1CCn2cc(c3ccccc32)C2=C(C(=O)NC2=O)c2cn(c3ccccc23)CCO1,chembl_negative,negative
COc1ccc2[nH]cc(C(c3ccc(Cl)cc3)N(C)c3ccccc3)c2c1,chembl_negative,negative
COc1ccc(CC(=O)N[C@@H](Cc2ccc(OP(=O)(O)O)cc2)C(=O)N[C@@H](C)c2nc(Cc3ccc(C(F)(F)F)cc3)no2)cc1,chembl_negative,negative
CC1(C)CC(=O)c2c(nn(-c3ccc(Cl)cc3)c2-c2ccc(Cl)c(Cl)c2)C1,chembl_negative,negative
Cc1ccc(C(=O)Nc2cc(C(F)(F)F)ccc2F)cc1/C=C/n1cnc2c(NC3CC3)ncnc21,chembl_negative,negative
Cc1ccc(C(=O)Cn2cc(-c3ccc(F)c(C)c3)nn2)cc1,chembl_negative,negative
CC(C)[C@H](NC(=O)C[C@@H](CCC(=O)O)NC(=O)[C@@H](NC(=O)[C@@H](N)Cc1ccc(OP(=O)(O)O)cc1)C(=O)O)C(=O)O,chembl_negative,negative
COc1cccc(-n2nc3c(c2-c2ccc(C)c(Cl)c2)C(=O)CCC3)c1,chembl_negative,negative
CN1CCC(n2cc(C3=C(c4c[nH]c5ccccc45)C(=O)NC3=O)c3ccccc32)CC1,chembl_negative,negative
CC[C@@H](C)[C@H](NC(=O)CC[C@H](NC(=O)[C@H](CCC(=O)O)NC(=O)[C@H](Cc1ccc(OP(=O)(O)O)cc1)NC(C)=O)C(=O)O)C(=O)O,chembl_negative,negative
C[C@H](NC(=O)c1cc2cc(OP(=O)(O)O)ccc2[nH]1)c1nc(Cc2ccc(Cl)c(Cl)c2)no1,chembl_negative,negative
Cc1cc(-c2cn(CC(=O)c3ccccc3)nn2)ccc1F,chembl_negative,negative
Nc1c(-c2ccc(F)cc2)c(-c2ccncc2)nn1-c1ccc([N+](=O)[O-])cc1,chembl_negative,negative
Nc1ncnc2ncn(CC(=O)c3c[nH]c4ccccc34)c12,chembl_negative,negative
O=C1CCCc2nn(-c3ccc(Cl)cc3)c(-c3ccc(Cl)c(Cl)c3)c21,chembl_negative,negative
O=C(Nc1cccc(Nc2nccc(-c3cccnc3)n2)c1)c1ccncc1,chembl_negative,negative
CC1(C)CC(=O)c2c(nn(-c3cccs3)c2C2CCCCC2)C1,chembl_negative,negative
CC(=O)N[C@@H](Cc1ccc(OP(=O)(O)O)cc1)C(=O)N[C@@H](CCc1ccccc1)c1nc(Cc2ccc3ccccc3c2)no1,chembl_negative,negative
Cc1noc(C)c1-c1cc(C)c2nc(Nc3ccc(OCC[N+]4(C)CCN(C)CC4)cc3)nnc2c1,chembl_negative,negative
CC(C)[C@H](NC(=O)C[C@@H](CC(=O)O)NC(=O)[C@H](CCC(=O)O)NC(=O)[C@@H](N)Cc1ccc(OP(=O)(O)O)cc1)C(=O)O,chembl_negative,negative
CC(=O)N[C@@H](Cc1ccc(OP(=O)(O)O)cc1)C(=O)N[C@@H](CCC(=O)O)c1nc(CCC(C)C)cs1,chembl_negative,negative
O=c1c(-c2ccc(O)cc2)coc2cc(O)cc(O)c12,chembl_negative,negative
Cc1noc(C)c1-c1cc(C)c2nc(Nc3ccc(OCC[N+]4(C)CCN(C)CC4)cc3)nnc2c1.O=C([O-])C(F)(F)F,chembl_negative,negative
CC(=O)N[C@@H](Cc1ccc(OP(=O)(O)O)cc1)C(=O)N[C@@H](CO)c1nc(Cc2ccc(Cl)c(Cl)c2)no1,chembl_negative,negative
c1ccc(Nc2nc[nH]c3nnc(Nc4ccccc4)c2-3)cc1,chembl_negative,negative
CC[C@@H](C)[C@H](NC(=O)[C@H](CCC(=O)O)NC(=O)C[C@H](NC(=O)[C@H](Cc1ccc(OP(=O)(O)O)cc1)NC(C)=O)C(=O)O)C(=O)O,chembl_negative,negative
Nc1ncnc2c1ncn2CC(=O)c1cccnc1,chembl_negative,negative
CCCCCCCCCCc1c(C)c2ccc(N)cc2oc1=O,chembl_negative,negative
Cc1ccc(-c2c3c(nn2-c2ccncc2)CC(C)(C)CC3=O)cc1Cl,chembl_negative,negative
O=C(/C=C/c1ccc(O)c(O)c1)O[C@@H](C(=O)O)[C@@H](O)C(=O)O,chembl_negative,negative
CC(=O)N[C@@H](Cc1ccc(OP(=O)(O)O)cc1)C(=O)N[C@@H](C)c1nc(Cc2ccc(C(F)(F)F)cc2)no1,chembl_negative,negative
CC(=O)N[C@@H](Cc1ccc(OP(=O)(O)O)cc1)C(=O)N[C@@H](CCC(N)=O)c1nc(Cc2ccccc2)no1,chembl_negative,negative
CCCN1CCC(n2cc(CNc3cc(Cl)c4ncc(C#N)c(Nc5ccc(F)c(Cl)c5)c4c3)nn2)CC1,chembl_negative,negative
COc1ccc(C(=O)Cn2cc(-c3cccc(C)c3)nn2)cc1,chembl_negative,negative
CN(c1ccccc1)C(c1ccccc1)c1c[nH]c2ccc(Br)cc12,chembl_negative,negative
CC(=O)N[C@@H](Cc1ccc(OP(=O)(O)O)cc1)C(=O)N[C@@H](C)c1nc(Cc2ccc(Cl)c(Cl)c2)no1,chembl_negative,negative
CC(=O)c1cc(CNC(=O)c2ccc(OP(=O)(O)O)cc2)ccc1OCC1CCCCC1,chembl_negative,negative
CC[C@@H](C)[C@H](NC(=O)[C@H](CCC(=O)O)NC(=O)CC[C@H](NC(=O)[C@H](Cc1ccc(OP(=O)(O)O)cc1)NC(C)=O)C(=O)O)C(=O)O,chembl_negative,negative
O=C(Cc1ccc(-c2ccc(N3CCOCC3)cc2)cn1)NCc1cccc(F)c1,chembl_negative,negative
Cn1cc(C2=C(c3cn(C4CCN(CC5CC5)CC4)c4ccccc34)C(=O)NC2=O)c2ccccc21,chembl_negative,negative
COc1ccc(-c2nnc3n(-c4ccccc4)c(=O)c4cnn(-c5ccccc5)c4n23)cc1,chembl_negative,negative
CC(=O)N[C@@H](Cc1ccc(OP(=O)(O)O)cc1)C(=O)N[C@@H](C)c1nc(Cc2cccc(Cl)c2)no1,chembl_negative,negative
O=C(Cc1ccccc1)N[C@@H](Cc1ccc(OP(=O)(O)O)cc1)C(=O)N[C@@H](CO)c1nc(Cc2ccc3ccccc3c2)no1,chembl_negative,negative
O=C1CCCc2nn(-c3ccccc3)c(-c3ccc(Cl)c(Cl)c3)c21,chembl_negative,negative
O=c1oc2cc3ncnc(Nc4ccc(O)cc4)c3cc2n1CCCN1CCOCC1,chembl_negative,negative
CC(=O)N[C@@H](Cc1ccc(OP(=O)(O)O)cc1)C(=O)N[C@@H](C)c1nc(Cc2ccc(Cl)cc2)no1,chembl_negative,negative
Cc1ccc(-c2cn(C3CCCCCC3=O)nn2)cc1,chembl_negative,negative
CC1(C)CC(=O)c2c(nn(-c3ccc(O)cc3)c2-c2ccc(Cl)c(Cl)c2)C1,chembl_negative,negative
O=C(/C=C/c1ccc(O)c(O)c1)c1ccc(O)cc1O,chembl_negative,negative
CCCCCc1noc([C@H](CC)NC(=O)[C@H](Cc2ccc(OP(=O)(O)O)cc2)NC(C)=O)n1,chembl_negative,negative
CC(=O)N[C@@H](Cc1ccc(OP(=O)(O)O)cc1)C(=O)N[C@@H](C)c1nc(Cc2ccc3ccccc3c2)no1,chembl_negative,negative
CC(=O)N[C@@H](Cc1ccc(OP(=O)(O)O)cc1)C(=O)N[C@@H](C)c1nc(Cc2ccc(C)cc2)no1,chembl_negative,negative
COc1ccc(Nc2cc3c(cc2Nc2ccccc2)C(=O)NC3=O)cc1,chembl_negative,negative
CC(C)(C)c1cc(NC(=O)Nc2cccc3ccccc23)n(-c2cccc(N)c2)n1,chembl_negative,negative
O=c1c2c(O)c(O)ccc2c2cc(O)c(O)cc2n1Cc1ccc([N+](=O)[O-])cc1,chembl_negative,negative
C[C@H](NC(=O)[C@H](Cc1ccc(OP(=O)(O)O)cc1)NC(=O)Cc1c[nH]c2ccccc12)c1nc(Cc2ccc(C(F)(F)F)cc2)no1,chembl_negative,negative
CC1(C)CC(=O)c2c(nn(-c3ccccc3)c2-c2ccc(Cl)c(Cl)c2)C1,chembl_negative,negative
CC(=O)N[C@@H](Cc1ccc(OP(=O)(O)O)cc1)C(=O)N[C@@H](Cc1c[nH]c2ccccc12)c1nc(CC2CCCCC2)no1,chembl_negative,negative
CC(=O)N[C@@H](Cc1ccc(OP(=O)(O)O)cc1)C(=O)N[C@@H](CCC(=O)O)c1nc(CCC(C)C)no1,chembl_negative,negative
Cc1ccc(-c2cn(C3CCCC3=O)nn2)cc1,chembl_negative,negative
Cc1ccc(C(c2cn(C)c3ccccc23)N(C)c2ccccc2)cc1,chembl_negative,negative
CC(=O)N[C@@H](Cc1ccc(OP(=O)(O)O)cc1)C(=O)N[C@@H](CCc1ccccc1)c1nc(Cc2ccc(Cl)c(Cl)c2)no1,chembl_negative,negative
O=C1CCCc2nn(-c3cccc(Cl)c3)c(C3CCCCC3)c21,chembl_negative,negative
CN(c1ccccc1)C(c1cccc([N+](=O)[O-])c1)c1c[nH]c2ccccc12,chembl_negative,negative
Cc1ccc(-n2nc3c(c2C2CCCCC2)C(=O)CCC3)cc1,chembl_negative,negative
Clc1ccc(C(Cl)Cn2ncc3c(NCc4ccncc4)ncnc32)cc1,chembl_negative,negative
Nc1c(C(=O)O)c(-c2ccncc2)nn1-c1c(Cl)cc(Cl)cc1Cl,chembl_negative,negative
O=C(O)C[C@@H](Cc1ccc(OP(=O)(O)O)cc1)C(=O)N[C@@H](CO)c1nc(Cc2ccc(Cl)c(Cl)c2)no1,chembl_negative,negative
Nc1c(-c2ccc(F)cc2)c(-c2ccncc2)nn1-c1ccccc1,chembl_negative,negative
C[C@H](NC(=O)[C@@H](CC(=O)O)Cc1ccc(OP(=O)(O)O)cc1)c1nc(Cc2ccc(Cl)c(Cl)c2)no1,chembl_negative,negative
Cc1ccc(-n2nc(-c3ccncc3)c(-c3ccc(F)cc3)c2N)cc1,chembl_negative,negative
CNc1ncnc2c1ncn2/C=C/c1cc(NC(=O)c2cccc(C(F)(F)F)c2)ccc1C,chembl_negative,negative
CCN1CCC(n2cc(CNc3cc(Cl)c4ncc(C#N)c(Nc5ccc(F)c(Cl)c5)c4c3)nn2)CC1,chembl_negative,negative
O=C(O)CCc1c(SSc2[nH]c3ccccc3c2CCC(=O)O)[nH]c2ccccc12,chembl_negative,negative
CC1(C)CC(=O)c2c(nn(-c3cccc(Cl)c3)c2-c2ccc(Cl)c(Cl)c2)C1,chembl_negative,negative
c1ccc(-n2cnc3cc(OCC4CO4)ccc32)cc1,chembl_negative,negative
O=C1NC(=O)c2cc(Nc3ccc(F)cc3)c(Nc3ccc(F)cc3)cc21,chembl_negative,negative
Oc1cc2ncn(-c3ccccc3)c2cc1O,chembl_negative,negative
COc1cc2ncn(-c3ccccc3)c2cc1CO,chembl_negative,negative
c1ccc(-n2cnc3cc(OCCCN4CCOCC4)ccc32)cc1,chembl_negative,negative
CN(C)CCCCOc1ccc2c(c1)ncn2-c1ccccc1,chembl_negative,negative
c1ccc(-n2cnc3cc(OCCN4CCOCC4)ccc32)cc1,chembl_negative,negative
C=C(CN(C)C)C(=O)c1ccc(OCc2ccccc2)c(O)c1.Cl,chembl_negative,negative
C=C(CN(C)C)C(=O)c1ccc(OS(=O)(=O)c2ccc(C(=O)O)c(O)c2)cc1,chembl_negative,negative
CC(=O)N[C@@H](Cc1ccc(OP(=O)(O)O)cc1)C(=O)N[C@@H](C)c1nc(Cc2ccc(I)c(Cl)c2)no1,chembl_negative,negative
Cc1ccc(F)c(NC(=O)Nc2ccc(-c3cccc4[nH]nc(N)c34)cc2)c1,chembl_negative,negative
O=C(Nc1cccc(-c2cn3ccnc3c(NCc3ccncc3)n2)c1)Nc1cccc(C(F)(F)F)c1,chembl_negative,negative
Cn1cc(/C=C2\Oc3cccc(O)c3C2=O)c2c(-c3ccc(C(=O)NCCO)cc3)ccnc21,chembl_negative,negative
CC(C)n1nc(-c2cncnc2)c2c(N)ncnc21,chembl_negative,negative
Cc1ccc(C(=O)Cn2cc(-c3ccc(C)cc3)nn2)cc1,chembl_negative,negative
CN(c1ccccc1)C(c1ccccc1)c1c[nH]c2ccccc12,chembl_negative,negative
COc1cc(C2=C(c3cn(COc4ccccc4)c4ccccc34)CNC2=O)cc(OC)c1OC,chembl_negative,negative
C[C@H](NC(=O)[C@H](Cc1ccc(OP(=O)(O)O)cc1)NC(=O)Cc1ccc2ccccc2c1)c1nc(Cc2ccc(C(F)(F)F)cc2)no1,chembl_negative,negative
O=P(O)(O)C(O)(CCCNc1nc(Nc2ccccc2)c2ncn(C3CCCC3)c2n1)P(=O)(O)O,chembl_negative,negative
Cn1c(SSc2c(C(=O)Nc3ccccn3)c3ccccc3n2C)c(C(=O)Nc2ccccn2)c2ccccc21,chembl_negative,negative
CC(Oc1ccc2ncc(/C=C/CN)cc2c1)c1c(Cl)ccc(F)c1Cl,chembl_negative,negative
O=C1NC(=O)c2c1c(-c1ccccc1)cc1c2c2cc(O)ccc2n1CCCN1CCOCC1,chembl_negative,negative
Cc1ccc(C(=O)Nc2cccc(C(C)C)c2)cc1/C=C/n1cnc2c(NC3CC3)ncnc21,chembl_negative,negative
Cc1ccc(C(=O)Nc2cc(C(C)(C)C)nn2C)cc1/C=C/n1cnc2c(NC3CC3)ncnc21,chembl_negative,negative
O=C(Nc1cccc(Nc2nccc(-c3cccnc3)n2)c1)C1CCCCC1,chembl_negative,negative
CC(=O)N[C@@H](Cc1ccc(OP(=O)(O)O)cc1)C(=O)N[C@@H](C)c1nc(Cc2ccc(Cl)c(Br)c2)no1,chembl_negative,negative
Cc1ccc(C(=O)Nc2ccc(Cl)c(C(F)(F)F)c2)cc1/C=C/n1cnc2c(NC3CC3)ncnc21,chembl_negative,negative
O=C(O)c1ccccc1C(=O)Nc1cccc(Nc2nccc(-c3cccnc3)n2)c1,chembl_negative,negative
COCC(=O)Nc1cccc2c1Cc1c-2n[nH]c1-c1csc(C#CCOc2ccccc2)c1,chembl_negative,negative
O=C1CCCCC1n1cc(-c2ccccc2)nn1,chembl_negative,negative
Cc1ccc(-c2cn(CC(=O)c3ccccc3)nn2)cc1,chembl_negative,negative
N#Cc1cnc2c(Br)cc(NCc3c[nH]nn3)cc2c1Nc1ccc(F)c(Cl)c1,chembl_negative,negative
Cc1ccc(C(=O)Nc2cc(N3CCN(C)CC3)cc(C(F)(F)F)c2)cc1/C=C/n1cnc2c(NC3CC3)ncnc21,chembl_negative,negative
CO/N=C/c1ccc(O)c(O)c1,chembl_negative,negative
COc1cc(C2=C(c3c[nH]c4ccccc34)C(=O)NC2)cc(OC)c1OC,chembl_negative,negative
COc1cccc(-c2cn(-c3ccc(C(=O)Nc4ccc(C(P(=O)(O)O)P(=O)(O)O)cc4)cc3)c3ncnc(N)c23)c1,chembl_negative,negative
COc1ccc2c(ncn2-c2ccccc2)c1O,chembl_negative,negative
CCn1c2ccccc2c2cc(/C=N/OC)ccc21,chembl_negative,negative
COc1cc2ncn(-c3ccccc3)c2cc1OC,chembl_negative,negative
Cc1ccc(NC(=O)c2ccc(CN3CCN(C)CC3)cc2)cc1Nc1nccc(-c2cccnc2)n1,chembl_negative,negative
N#Cc1cnc2cnc(NCCN3CCOCC3)cc2c1Nc1ccc(F)c(Cl)c1,chembl_negative,negative
Cc1cncc(Oc2ccc(C(=O)NNC(=O)C(=O)c3c[nH]c4ccccc34)cc2)n1,chembl_negative,negative
CCOCn1cc(C2=C(c3cc(OC)c(OC)c(OC)c3)C(=O)NC2)c2ccccc21,chembl_negative,negative
CCn1c2ccccc2c2cc(/C=N\OC)ccc21,chembl_negative,negative
NC(=O)[C@H](Cc1c[nH]c2ccccc12)NC(=O)C(CCC(=O)O)NC(=O)C(Cc1ccc(OP(=O)(O)O)cc1)c1ccc2ccccc2c1,chembl_negative,negative
CC(=O)N[C@@H](Cc1ccc(OP(=O)(O)O)cc1)C(=O)N[C@@H](C)c1nc(Cc2ccc(I)c(Br)c2)no1,chembl_negative,negative
CC(=O)N[C@@H](Cc1ccc(OP(=O)(O)O)cc1)C(=O)N[C@@H](C)c1nc(Cc2ccc(Br)c(Br)c2)no1,chembl_negative,negative
COc1ccc(C2=C(c3cn(C)c4ccccc34)C(=O)NC2)cc1,chembl_negative,negative
O=C(NCc1cccc(O)c1)c1cc2cc(O)ccc2[nH]1,chembl_negative,negative
CCc1nc(O)c2c(n1)Nc1ccccc1C2,chembl_negative,negative
Nc1cccc(-c2cc(=O)c3c(N)c(O)c(N)cc3o2)c1,chembl_negative,negative
N#Cc1cnc2cnc(NCc3cccnc3)cc2c1NC1CCCCCC1,chembl_negative,negative
Cc1cc([C@@H](C)Nc2ccccc2C(=O)O)c2nc(N3CCOCC3)cc(=O)n2c1,chembl_negative,negative
CC(=O)N[C@@H](Cc1ccc(OP(=O)(O)O)cc1)C(=O)N[C@@H](CO)c1nc(Cc2ccc(I)cc2)no1,chembl_negative,negative
O=C1C(O)=C(c2ccc(O)cc2)C(=O)C(O)=C1c1ccccc1,chembl_negative,negative
O=C(/C=C/c1ccc(O)c(O)c1/C=C/c1ccc(O)c(O)c1)O[C@H](Cc1ccc(O)c(O)c1)C(=O)O,chembl_negative,negative
Br.CCCCCCc1c(C)c2ccc(N(CC)CCCC(=O)O)cc2oc1=O,chembl_negative,negative
COc1cccc(-c2cc3cnc(N)nc3nc2NC(=O)NC(C)(C)C)c1,chembl_negative,negative
CCCCCc1noc([C@H](Cc2c[nH]c3ccccc23)NC(=O)[C@H](Cc2ccc(OP(=O)(O)O)cc2)NC(C)=O)n1,chembl_negative,negative
CC(C)(NC(=O)CCc1ccc(OCC(=O)O)c(P(=O)(O)O)c1)c1ccc(OCC2CCCCC2)c(C(N)=O)c1,chembl_negative,negative
CC(C)=CCC[C@H](C)c1ccc(C)cc1O,chembl_negative,negative
CC(=O)N1CCN(C(=O)Cn2c(-c3ccccc3)csc2=N)CC1,chembl_negative,negative
CSc1nc(NCc2ccccc2)c2cnn(CC(Cl)c3ccc(F)cc3)c2n1,chembl_negative,negative
CC(C)N1CCC(n2cc(CNc3cc(Cl)c4ncc(C#N)c(Nc5ccc(F)c(Cl)c5)c4c3)nn2)CC1,chembl_negative,negative
Cc1cc(O)cc2oc3cc(O)cc(O)c3c(=O)c12,chembl_negative,negative
Cc1ccc(-n2nc(C(C)(C)C)cc2NC(=O)Nc2ccc(OCCN3CCOCC3)c3ccccc23)cc1,chembl_negative,negative
CCCCCCCc1noc([C@H](Cc2c[nH]c3ccccc23)NC(=O)[C@H](Cc2ccc(OP(=O)(O)O)cc2)NC(C)=O)n1,chembl_negative,negative
CC(=O)N[C@@H](Cc1ccc(OP(=O)(O)O)cc1)C(=O)N[C@@H](C(=O)O)C(=O)N[C@H](CCC(=O)O)CC(=O)N[C@H](C(=O)O)C(C)C,chembl_negative,negative
COc1ccc(-n2nc3c(c2-c2ccc(C(C)(C)C)cc2)C(=O)CC(C)(C)C3)cc1,chembl_negative,negative
O=C(Cc1ccccc1)N[C@@H](Cc1ccc(OP(=O)(O)O)cc1)C(=O)N[C@@H](CO)c1nc(Cc2ccc(Cl)c(Cl)c2)no1,chembl_negative,negative
Cc1ccc(-c2cn(C3CCCCC3=O)nn2)cc1,chembl_negative,negative
COc1cc(-c2csc3c(/C=C/CN4CCC(O)CC4)cnc(N)c23)ccc1NC(=O)c1cc2ccccc2n1C,chembl_negative,negative
O=C(O)c1cc2c(cc1O)ncn2-c1ccccc1,chembl_negative,negative
CN1CC[C@H](c2c(O)cc(O)c3c(=O)cc(-c4ccccc4Cl)oc23)[C@H](O)C1,chembl_negative,negative
Cc1ccc(-c2n[nH]c3ncnc(N)c23)cc1OCc1ccccc1,chembl_negative,negative
Cc1ccc(C(=O)Nc2cc(N3CCOCC3)cc(C(F)(F)F)c2)cc1/C=C/n1cnc2c(NC3CC3)ncnc21,chembl_negative,negative
COC(=O)C1=C(c2ccccc2)c2cc(C)ccc2C1=O.COC(=O)C1=C(c2ccccc2)c2ccc(C)cc2C1=O,chembl_negative,negative
CC(=O)N[C@@H](Cc1ccc(OP(=O)(O)O)cc1)C(=O)N[C@@H](Cc1c[nH]c2ccccc12)c1nc(CCC(C)C)no1,chembl_negative,negative
Nc1c(C(=O)c2cc3ccccc3[nH]2)cnn1-c1ccc2[nH]c(=O)[nH]c2c1,chembl_negative,negative
COC(=O)c1cc2c(cc1OC)ncn2-c1ccccc1,chembl_negative,negative
NCCn1cc(-c2ccc(Oc3ccccc3)cc2)c2c(N)ncnc21,chembl_negative,negative
O=C(Cn1cc(-c2ccccc2)nn1)c1ccc(-c2cccs2)cc1,chembl_negative,negative
CC(C)(C)c1cc(NC(=O)Nc2ccc(Cl)cc2)n(-c2cccc(N)c2)n1,chembl_negative,negative
COc1cc2cc3c(O)ncnc3nc2cc1OC,chembl_negative,negative
CC(=O)N[C@@H](Cc1ccc(OP(=O)(O)O)cc1)C(=O)N[C@H](C)c1ccc(OCC2CCCCC2)c(C(N)=O)c1,chembl_negative,negative
CC(=O)N[C@@H](Cc1ccc(OP(=O)(O)O)cc1)C(=O)N[C@@H](CO)c1nc(Cc2ccc(Br)cc2)no1,chembl_negative,negative
CN(C)CCn1c2ccc(O)cc2c2c3c(c(-c4ccccc4)cc21)C(=O)NC3=O,chembl_negative,negative
Nc1ccc2c(C(F)(F)F)cc(=O)oc2c1,chembl_negative,negative
CN1C(=S)C(C(=O)Nc2ccccc2)c2cccnc21,chembl_negative,negative
CC(=O)N[C@@H](Cc1ccc(OP(=O)(O)O)cc1)C(=O)N[C@@H](C)c1nc(Cc2ccc(Br)cc2)no1,chembl_negative,negative
CNC(=O)c1cc(CNC(=O)c2ccc(OP(=O)(O)O)cc2)ccc1OCC1CCCCC1,chembl_negative,negative
CC(=O)N[C@@H](Cc1ccc(C(F)(F)P(=O)(O)O)cc1)C(=O)N[C@@H](CCC(=O)O)C(=O)N(C)CCCC1CCCCC1,chembl_negative,negative
NC(=O)[C@H](Cc1c[nH]c2ccccc12)NC(=O)C(CCC(=O)O)NC(=O)/C=C/c1ccc(OP(=O)(O)O)cc1,chembl_negative,negative
COc1cc2c(N3CCN(C(=O)Nc4ccc(OC(C)C)cc4)CC3)ncnc2cc1OCCCN1CCCCC1,chembl_negative,negative
Cc1cc(OP(=O)(O)O)cc(C)c1CCC(=O)NC(CCC(=O)O)C(=O)N[C@@H](Cc1c[nH]c2ccccc12)C(N)=O,chembl_negative,negative
CN1CCN(Cc2ccc3c(c2)Cc2c(-c4csc(C#CCOc5ccccc5)c4)n[nH]c2-3)CC1,chembl_negative,negative
CC(C)n1nc(-c2cnc3nccnc3c2)c2c(N)ncnc21,chembl_negative,negative
NC(=O)[C@H](Cc1c[nH]c2ccccc12)NC(=O)C(CCC(=O)O)NC(=O)C(Cc1ccc(OP(=O)(O)O)cc1)c1cccc2ccccc12,chembl_negative,negative
CC(=O)N[C@@H](Cc1ccc(C(F)(F)P(=O)(O)O)cc1)C(=O)N[C@@H](CCC(=O)O)C(=O)N[C@@H](CCC1CCCCC1)C(N)=O,chembl_negative,negative
Nc1ncnc2c1c(-c1ccccc1)nn2CCn1cc(-c2ccc(F)cc2)nn1,chembl_negative,negative
Nc1ccc(-c2cc(=O)c3cc(N)ccc3o2)cc1,chembl_negative,negative
CCN(CC)CCOc1ccc(Nc2ccc3cc(-c4c(Cl)cccc4Cl)c(=O)n(C)c3n2)cc1,chembl_negative,negative
CC(=O)N[C@@H](Cc1ccc(OP(=O)(O)O)cc1)C(=O)N[C@@H](CCC(=O)O)c1nc(CC2CCCCC2)no1,chembl_negative,negative
COc1cc(C2=C(c3cn(COC(C)C)c4ccccc34)CNC2=O)cc(OC)c1OC,chembl_negative,negative
CN(C)CCOc1ccc2c(c1)ncn2-c1ccccc1,chembl_negative,negative
Cn1c(SSc2c(C#N)c3ccccc3n2C)c(C#N)c2ccccc21,chembl_negative,negative
O=C1/C(=C2\Nc3ccccc3C2=O)Nc2ccccc21,chembl_negative,negative
NC(=O)[C@H](Cc1c[nH]c2ccccc12)NC(=O)C(CCC(=O)O)NC(=O)C(Cc1ccc(OP(=O)(O)O)cc1)c1ccccc1,chembl_negative,negative
O=C1NC(=O)c2c1c(-c1ccccc1)cc1c2c2cc(O)ccc2n1CCn1ccnc1,chembl_negative,negative
COc1cc(-c2csc3c(/C=C/CN[C@H]4CC[C@@H](N)CC4)cnc(N)c23)ccc1NC(=O)c1cc2ccccc2n1C,chembl_negative,negative
Cc1ccc(NC(=O)c2cccc(C(F)(F)F)c2)cc1/C=C/n1cnc2c(Nc3ccncn3)ncnc21,chembl_negative,negative
CC(=O)N[C@@H](Cc1ccc(OP(=O)(O)O)cc1)C(=O)N[C@@H](CCC(=O)O)c1nc(CC2CCCCC2)cs1,chembl_negative,negative
O=C(/C=C/c1ccc(O)c(O)c1)O[C@H](Cc1ccc(O)c(O)c1)C(=O)O,chembl_negative,negative
CC[C@H](NC(=O)[C@H](Cc1ccc(OP(=O)(O)O)cc1)NC(C)=O)C(=O)N(C)CCCC1CCCCC1,chembl_negative,negative
CC(=O)N[C@@H](Cc1ccc(OP(=O)(O)O)cc1)C(=O)N[C@@H](CCC(=O)O)C(=O)N[C@H](CC(=O)O)CC(=O)N[C@H](C(=O)O)C(C)C,chembl_negative,negative
c1ccc(-n2cnc3cc(OCCCCN4CCOCC4)ccc32)cc1,chembl_negative,negative
OCCCCOc1ccc2c(c1)ncn2-c1ccccc1,chembl_negative,negative
CC(=O)N[C@@H](Cc1ccc(OP(=O)(O)O)cc1)C(=O)N[C@@H](Cc1c[nH]c2ccccc12)c1nc(Cc2ccccc2)no1,chembl_negative,negative
CCCCCCc1noc([C@H](CC)NC(=O)[C@H](Cc2ccc(OP(=O)(O)O)cc2)NC(C)=O)n1,chembl_negative,negative
COC(=O)C1=C(c2ccccc2)c2ccccc2C1=O,chembl_negative,negative
CSc1nc(NCCc2ccc(Cl)cc2)c2cnn(CC(Cl)c3ccccc3)c2n1,chembl_negative,negative
CSc1nc(NCCc2ccc(Cl)cc2)c2ccn(CC(Cl)c3ccccc3)c2n1,chembl_negative,negative
Cc1ccc(-n2ccc(C)c(-c3ccc4nc(N)ncc4c3)c2=O)cc1F,chembl_negative,negative
O=S(=O)(c1ccccc1)n1c2cc(O)c(O)cc2c2cc(O)c(O)cc21,chembl_negative,negative
COc1ccc(C(=O)NNc2nc3c(cnn3-c3ccccc3)c(=O)n2-c2ccccc2)cc1,chembl_negative,negative
CCCCCCc1noc([C@H](CCC(N)=O)NC(=O)[C@H](Cc2ccc(OP(=O)(O)O)cc2)NC(C)=O)n1,chembl_negative,negative
CSc1nc(NCc2ccc(Cl)cc2)c2cnn(CC(Cl)c3ccccc3)c2n1,chembl_negative,negative
O=C1C(c2ccccc2)=C(O)C(=O)c2c1oc1cc(O)c(O)cc21,chembl_negative,negative
Nc1ncnc2c1c(-c1ccccc1)nn2Cc1cn(CC(=O)Nc2ccccc2)nn1,chembl_negative,negative
COc1ccc(-n2nc(-c3ccncc3)c(-c3ccc(F)cc3)c2N)cc1,chembl_negative,negative
CC(C)n1nc(-c2ccn3ccnc3c2)c2c(N)ncnc21,chembl_negative,negative
Nc1c(-c2ccc(F)cc2)c(-c2ccncc2)nn1-c1ccc(Cl)cc1,chembl_negative,negative
CCSc1nc(N2CC(C)OC(C)C2)c2cnn(/C=C\c3ccccc3)c2n1,chembl_negative,negative
Cn1c(SSc2c(C(=O)NCC(O)CO)c3ccccc3n2C)c(C(=O)NCC(O)CO)c2ccccc21,chembl_negative,negative
CCCCCCCc1noc([C@H](CC)NC(=O)[C@H](Cc2ccc(OP(=O)(O)O)cc2)NC(C)=O)n1,chembl_negative,negative
Cc1nc(-c2ccc(C(=O)NNC(=O)C(=O)c3c[nH]c4ccccc34)cc2)no1,chembl_negative,negative
C[C@@H](Oc1ccc2ncccc2c1)c1c(Cl)ccc(F)c1Cl,chembl_negative,negative
N[C@H]1CC[C@H](Nc2nc(Nc3ccc(C(P(=O)(O)O)P(=O)(O)O)cc3)c3ncn(C4CCCC4)c3n2)CC1,chembl_negative,negative
NC(=O)[C@H](Cc1c[nH]c2ccccc12)NC(=O)C(CCC(=O)O)NC(=O)CCc1ccc(OP(=O)(O)O)cc1,chembl_negative,negative
CSc1nc(NCc2ccccc2F)c2cnn(CC(Cl)c3ccccc3)c2n1,chembl_negative,negative
Br.CCCCCCCCCCc1c(C)c2ccc(N(CC)CCCC(=O)O)cc2oc1=O,chembl_negative,negative
CCn1c(=O)ccc2cnc(Nc3ccccc3)nc21,chembl_negative,negative
COc1cc(C2=C(c3c[nH]c4ccccc34)C(=O)NC2=O)cc(OC)c1OC,chembl_negative,negative
CCCCCc1noc([C@H](CCC(=O)O)NC(=O)[C@H](Cc2ccc(OP(=O)(O)O)cc2)NC(C)=O)n1,chembl_negative,negative
O=c1c2c(O)c(O)ccc2c2cc(O)c(O)cc2n1Cc1ccccc1,chembl_negative,negative
CC(=O)N[C@@H](Cc1ccc(OP(=O)(O)O)cc1)C(=O)N[C@@H](Cc1ccc(O)cc1)C(=O)NCCCc1ccccc1,chembl_negative,negative
N=c1scc(-c2ccccc2)n1CC(=O)N1CCOCC1,chembl_negative,negative
C[C@H](Oc1ccc2ncccc2c1)c1c(Cl)ccc(F)c1Cl,chembl_negative,negative
COCc1c(C)c(O)c(O)c(O)c1C=O,chembl_negative,negative
COc1ccc(C2Sc3ccccc3N(CCCC3CCCCC3)C(=O)C2NC(=O)[C@H](Cc2ccc(O)cc2)NC(=O)OC(C)(C)C)cc1,chembl_negative,negative
CCN(CC)CCCCNc1ncc2cc(-c3cc(OC)cc(OC)c3)c(NC(=O)NC(C)(C)C)nc2n1,chembl_negative,negative
CC[C@H](C)[C@H](NC(=O)[C@H](CCC(=O)O)NC(=O)[C@H](CCC(=O)O)NC(=O)CCc1ccc(C(=O)C(O)(O)C(=O)OC)cc1)C(N)=O,chembl_negative,negative
N#Cc1cnc2c(F)cc(NCc3c[nH]cn3)cc2c1Nc1ccc(F)c(Cl)c1,chembl_negative,negative
N#Cc1cnc2c(Cl)cc(NCc3cnc[nH]3)cc2c1Nc1ccc(F)c(Cl)c1,chembl_negative,negative
CC(C)(C)NC(=O)Nc1nc2nc(N)ncc2cc1-c1ccccc1,chembl_negative,negative
COc1cc(-c2csc3c(/C=C/CN[C@H]4CC[C@H](N)CC4)cnc(N)c23)ccc1NC(=O)c1cc2ccccc2n1C,chembl_negative,negative
COc1cc2nc(C)oc2c(C[C@]2(C)[C@@H](C)CC[C@@]3(C)C(C)=CCC[C@@H]23)c1O,chembl_negative,negative
NC(=O)c1c(-c2ccncc2)nn(-c2ccccc2)c1N,chembl_negative,negative
COc1cccc(-c2cn(-c3cccc(C(=O)Nc4ccc(C(P(=O)(O)O)P(=O)(O)O)cc4)c3)c3ncnc(N)c23)c1,chembl_negative,negative
O=C(N[C@H]1CSCCN(Cc2ccc(C(=O)c3ccccc3)cc2)C1=O)c1ccc(OP(=O)(O)O)cc1,chembl_negative,negative
CC(=O)N[C@@H](Cc1ccc(OP(=O)(O)O)cc1)C(=O)N[C@H](C(=O)N[C@@H](C)C(=O)NCCC1CCCCC1)C(C)C,chembl_negative,negative
O=C1Nc2ccccc2/C1=C1/Nc2ccccc2C1=O,chembl_negative,negative
CC(=O)N[C@@H](Cc1ccc(OP(=O)(O)O)cc1)C(=O)N[C@@H](C)c1nc(Cc2ccc(I)cc2)no1,chembl_negative,negative
N[C@@H](Cc1ccc(O)cc1)C(=O)NO,chembl_negative,negative
N[C@H](COc1cncc(-c2ccc3cnc(F)cc3c2)c1)Cc1c[nH]c2ccccc12,chembl_negative,negative
CC(C)(C)OC(=O)N[C@H](Cc1ccc(OP(=O)(O)O)cc1)C(=O)NC1CSc2ccccc2N(CCCC2CCCCC2)C1=O,chembl_negative,negative
CC(=O)N[C@@H](Cc1ccc(OP(=O)(O)O)cc1)C(=O)N[C@H](C(=O)N[C@@H](C)C(=O)NCCc1ccccc1)C(C)C,chembl_negative,negative
c1nc(N2CCC3(CCCNC3)CC2)c2nc[nH]c2n1,chembl_negative,negative
CC[C@H](C)[C@H](NC(=O)[C@H](CCC(=O)O)NC(=O)[C@H](CCC(=O)O)NC(=O)CCc1cccc(C(=O)C(O)(O)C(=O)OC)c1)C(N)=O,chembl_negative,negative
Cc1ccc(-c2cc3cnc(N)nc3nc2NC(=O)NC(C)(C)C)cc1,chembl_negative,negative
COc1ccc(-c2cn(CCn3nc(-c4ccccc4)c4c(N)ncnc43)nn2)cc1,chembl_negative,negative
CN1CCN(CCCn2c3ccc(O)cc3c3c4c(c(-c5ccccc5)cc32)C(=O)NC4=O)CC1,chembl_negative,negative
CC(c1cc2cc(-c3cnn(C)c3)cnc2cc1F)n1nnc2ncc(-c3cnn(CCO)c3)nc21,chembl_negative,negative
Cc1ccccc1-n1c(Cn2nc(-c3cccc(O)c3)c3c(N)ncnc32)nc2cccc(C)c2c1=O,chembl_negative,negative
COc1cc(-c2nn(C3CCN(C4CCN(C(C)=O)CC4)CC3)c3ncnc(N)c23)ccc1NC(=O)c1cc2ccccc2n1C,chembl_negative,negative
Nc1cc2nc(N)c(-c3ccccc3)cc2cn1,chembl_negative,negative
N=c1scc(-c2ccc(Cl)cc2)n1CC(=O)N1CCOCC1,chembl_negative,negative
COc1cc(N2CCN(C)CC2)ccc1Nc1ncc(Cl)c(NC[C@H]2CCCO2)n1,chembl_negative,negative
Cc1ccc(NC(=O)c2cccc(C(F)(F)F)c2)cc1Nc1nc2ccccc2n1-c1cc(Cl)ncn1,chembl_negative,negative
C=CC(=O)Nc1ccc2ncnc(Nc3cccc4ccccc34)c2c1,chembl_negative,negative
Cc1cc(C)c(/C=C2\C(=O)Nc3ccccc32)[nH]1,chembl_negative,negative
Nc1ncnc2c1c(-c1ccccc1)nn2Cc1cn(CC(=O)Nc2ccc(F)cc2)nn1,chembl_negative,negative
O=C(NCc1ccccc1)c1c(SSc2[nH]c3ccccc3c2C(=O)NCc2ccccc2)[nH]c2ccccc12,chembl_negative,negative
CCCCCCc1noc([C@H](Cc2c[nH]c3ccccc23)NC(=O)[C@H](Cc2ccc(OP(=O)(O)O)cc2)NC(C)=O)n1,chembl_negative,negative
N[C@H]1CC[C@H](Nc2nc(Nc3ccc(P(=O)(O)O)c(P(=O)(O)O)c3)c3ncn(C4CCCC4)c3n2)CC1,chembl_negative,negative
O=C(Nc1cccc(Nc2nccc(-c3cccnc3)n2)c1)c1ccccc1,chembl_negative,negative
CCc1nc2cc(-n3ncc(C(=O)c4cc5ccccc5[nH]4)c3N)ccc2[nH]1,chembl_negative,negative
O=C(Nc1cccc(O)c1)c1cc2ccc(O)cc2cc1O,chembl_negative,negative
Nc1cccc(Nc2nccc(-c3ccncc3)n2)c1,chembl_negative,negative
O=C1NC(=O)c2cc(Nc3ccccc3)c(Nc3ccccc3)cc21,chembl_negative,negative
CC(=O)N[C@@H](Cc1ccc(OP(=O)(O)O)cc1)C(=O)N[C@@H](CCC(=O)O)c1ncc(CC2CCCCC2)s1,chembl_negative,negative
CN1C(=O)COc2c1cnc1ccc(Sc3nnc4c(F)cc(-c5cnn(C)c5)cn34)cc21,chembl_negative,negative
COC(=O)c1ccccc1NC(=O)c1c(SSc2c(C(=O)Nc3ccccc3C(=O)OC)c3ccccc3n2C)n(C)c2ccccc12,chembl_negative,negative
CC(=O)N1CCN(C(=O)Cn2c(-c3ccc(C)cc3)csc2=N)CC1,chembl_negative,negative
CC(=O)N[C@@H](Cc1ccc(OP(=O)(O)O)cc1)C(=O)N[C@@H](C)C(=O)NCCCc1ccccc1,chembl_negative,negative
O=C1Cc2c([nH]c3ccc(Br)cc23)-c2ccccc2N1,chembl_negative,negative
CC(C)n1nc(-c2ccc(C(N)=O)c(Cl)c2)c2c(N)ncnc21,chembl_negative,negative
CSc1nc(NCCc2ccc(C)cc2)c2cnn(CC(Cl)c3ccccc3)c2n1,chembl_negative,negative
C=CCn1nc(-c2ccc(OCC)c(OC)c2)c2c(N)ncnc21,chembl_negative,negative
Cc1ccc(-c2ccc(CN3CCCC[C@H](NC(=O)c4ccc(OP(=O)(O)O)cc4)C3=O)cc2)cc1,chembl_negative,negative
CN(C)CCNC(=O)c1c(SSc2c(C(=O)NCCN(C)C)c3ccccc3n2C)n(C)c2ccccc12,chembl_negative,negative
Cn1nc(-c2ccc3occc(=O)c3c2)c2c(N)ncnc21,chembl_negative,negative
O=S(=O)(c1ccccc1)n1c2cc(O)c(O)cc2c2ccc(O)c(O)c21,chembl_negative,negative
Nc1n[nH]c2cc(-c3ccc(C(=O)NCCNC(=O)c4ccc(Cl)c(C(F)(F)F)c4)cc3)ccc12,chembl_negative,negative
O=c1c(O)c(-c2ccc(O)c(O)c2)oc2cc(O)cc(O)c12,chembl_negative,negative
CC(=O)N1CCN(C(=O)Cn2c(-c3ccc(Cl)cc3)csc2=N)CC1,chembl_negative,negative
O=C1C(O)=C(c2ccc(O)c(O)c2)C(=O)C(O)=C1c1ccccc1,chembl_negative,negative
COc1ccc(/C=C/C(=O)c2c(O)ccc3c(C)cc(=O)oc23)cc1O,chembl_negative,negative
N#CN1CCC[C@@H](n2nc(-c3ccc(Oc4cccc(C(F)(F)F)n4)cc3)c(C(N)=O)c2N)C1,chembl_negative,negative
COc1cc(-c2csc3c(/C=C/CNC4CCNCC4)cnc(N)c23)ccc1NC(=O)c1cc2ccccc2n1C,chembl_negative,negative
N=c1scc(-c2ccccc2)n1CC(=O)N1CCN(c2ccccc2)CC1,chembl_negative,negative
CC(=O)N[C@@H](Cc1ccc(OP(=O)(O)O)cc1)C(=O)NCC(=O)N(CCCC(=O)O)CCCc1ccccc1,chembl_negative,negative
CN(C)CCCOc1ccc2c(c1)ncn2-c1ccccc1,chembl_negative,negative
O=S(=O)(Cc1ccccc1)n1c2cc(O)c(O)cc2c2ccc(O)c(O)c21,chembl_negative,negative
COc1cc(C2=C(c3c[nH]c4ccccc34)CNC2=O)cc(OC)c1OC,chembl_negative,negative
CCCCCCc1cnc([C@H](Cc2c[nH]c3ccccc23)NC(=O)[C@H](Cc2ccc(OP(=O)(O)O)cc2)NC(C)=O)s1,chembl_negative,negative
Nc1cccc(Nc2nccc(-c3cccnc3)n2)c1,chembl_negative,negative
O=C(CCc1c(SSc2[nH]c3ccccc3c2CCC(=O)NCCc2ccccc2)[nH]c2ccccc12)NCCc1ccccc1,chembl_negative,negative
Cc1ccc(-c2csc(=N)n2CC(=O)N2CCN(c3ccccc3)CC2)cc1,chembl_negative,negative
C[C@H](Cc1ccc(OP(=O)(O)O)cc1)C(=O)NC(CCC(=O)O)C(=O)N[C@@H](Cc1c[nH]c2ccccc12)C(N)=O,chembl_negative,negative
Cc1ccc(-c2csc(=N)n2CC(=O)N2CCOCC2)cc1,chembl_negative,negative
O=C(O)c1ccc(C(=O)/C(=C\c2ccc(F)c([N+](=O)[O-])c2)SCc2ccc(Br)cc2)cc1,chembl_negative,negative
CN(CCCC1CCCCC1)C(=O)[C@H](CCC(=O)O)NC(=O)Nc1cccc2cc(OP(=O)(O)O)ccc12,chembl_negative,negative
NS(=O)(=O)c1ccc2c(c1)/C(=C/c1[nH]cc3c1CCOC3=O)C(=O)N2,chembl_negative,negative
COc1cc2nccc(Oc3cc(C)c(C)cc3C(C)=O)c2cc1OC,chembl_negative,negative
O=C(O)CCn1c2ccc(O)cc2c2c3c(c(-c4ccccc4)cc21)C(=O)NC3=O,chembl_negative,negative
CSc1nc(NCCc2cccc(F)c2)c2cnn(CC(Cl)c3ccccc3)c2n1,chembl_negative,negative
Cc1n[nH]c2ccc(-c3cncc(OC[C@@H](N)Cc4ccccc4)c3)cc12,chembl_negative,negative
Cc1c(O)c(O)cc2oc3cc(O)cc(O)c3c(=O)c12,chembl_negative,negative
CCN(CC)CCNc1cc2c(cn1)cc(-c1c(Cl)cccc1Cl)c(=O)n2C,chembl_negative,negative
COC(=O)C1=C(c2ccccc2)c2c(OC)cccc2C1=O,chembl_negative,negative
CCOC(=O)Cn1cc(Cn2nc(-c3ccccc3)c3c(N)ncnc32)nn1,chembl_negative,negative
CCCCN(CCCC)C(=O)[C@H](C)NC(=O)[C@@H](NC(=O)[C@H](Cc1ccc(OP(=O)(O)O)cc1)NC(C)=O)C(C)C,chembl_negative,negative
COC1OC(=O)c2c(O)c(O)c(O)c(C)c21,chembl_negative,negative
Cn1nc(-c2ccc3ncccc3c2)c2c(N)ncnc21,chembl_negative,negative
CCOC(=O)c1cnc2cc(/C=C/c3ccncc3)ccc2c1Nc1ccc(Cl)cc1Cl,chembl_negative,negative
Fc1ccc(-c2cn(-c3ccc(C(F)(F)F)cc3)nc2-c2ccncc2)cc1,chembl_negative,negative
CN1CCN(Cc2ccc(NC(=O)Nc3ccc(Oc4ccc5cccnc5c4)cc3)cc2C(F)(F)F)CC1,chembl_negative,negative
CC(C)n1nc(-c2ccc(C#N)nc2)c2c(N)ncnc21,chembl_negative,negative
CC[C@@H](C)[C@H](NC(=O)[C@H](CCC(=O)O)NC(=O)C[C@@H]1NC(=O)[C@H](Cc2ccc(OP(=O)(O)O)cc2)NC1=O)C(=O)O,chembl_negative,negative
CC(C)(C)c1ccc(C(=O)n2c3cc(O)c(O)cc3c3c(Br)cc(O)c(O)c32)cc1,chembl_negative,negative
CCC[C@H](NC(=O)[C@H](Cc1ccc(OP(=O)(O)O)cc1)NC(C)=O)C(=O)NCCCc1ccccc1,chembl_negative,negative
O=[N+]([O-])c1ccc(S(=O)(=O)n2c3cc(O)c(O)cc3c3ccc(O)c(O)c32)cc1,chembl_negative,negative
C(=C\n1ncc2c(NC3CCCCC3)ncnc21)\c1ccccc1,chembl_negative,negative
CN(CCCC1CCCCC1)C(=O)[C@H](CCC(=O)O)NC(=O)NCc1ccc(OP(=O)(O)O)cc1,chembl_negative,negative
Nc1nnc2cc(-c3cccc(O)c3)ccc2n1,chembl_negative,negative
CCCCCCc1cnc([C@H](CC)NC(=O)[C@H](Cc2ccc(OP(=O)(O)O)cc2)NC(C)=O)s1,chembl_negative,negative
N[C@H](COc1cnc(Cl)c(-c2ccc3cnccc3c2)c1)Cc1c[nH]c2ccccc12,chembl_negative,negative
CC(C)n1nc(-c2cc3cc(C=O)ccc3s2)c2c(N)ncnc21,chembl_negative,negative
Nc1nnc2cc(-c3ccc4c(c3)OCO4)ccc2n1,chembl_negative,negative
CC(C)n1nc(-c2ccc3nccc(NC(=O)OC(C)(C)C)c3c2)c2c(N)ncnc21,chembl_negative,negative
O=C(N[C@H]1CSCCN(Cc2ccc(-c3ccccc3)cc2)C1=O)c1ccc(OP(=O)(O)O)cc1,chembl_negative,negative
COc1ccc(Nc2nnc3cc(-c4c(C)noc4C)cc(C)c3n2)cc1,chembl_negative,negative
COc1cc(N2CCN(C)CC2)ccc1Nc1ncc(Cl)c(NCCc2c(F)cccc2Cl)n1,chembl_negative,negative
CC(=O)c1c(SSc2c(C(C)=O)c3ccccc3n2C)n(C)c2ccccc12,chembl_negative,negative
C#Cc1nc(Nc2ccccc2)nc2[nH]cnc12,chembl_negative,negative
C#Cc1cccc(Nc2ncnc3cc(OC)c(OCCCCCCC(=O)NO)cc23)c1,chembl_negative,negative
CC(=O)Oc1cccc2c(C(=O)Nc3ccccc3)c(SSc3c(C(=O)Nc4ccccc4)c4cccc(OC(C)=O)c4n3C)n(C)c12,chembl_negative,negative
Nc1ncnc2c1c(-c1ccn3ccnc3c1)nn2C1CCCC1,chembl_negative,negative
CCn1c(=O)c2c(O)c(O)ccc2c2cc(O)c(O)cc21,chembl_negative,negative
COc1ccc2c(c1)/C(=C/c1cnc[nH]1)C(=O)N2,chembl_negative,negative
Cc1ccc(C(=O)Nc2cccc(C(F)(F)F)c2)cc1/C=C/n1cnc2c(NC3CC3)ncnc21,chembl_negative,negative
CC(C)n1nc(-c2ccc3ccncc3c2)c2c(N)ncnc21,chembl_negative,negative
CC(C)(C)OC(=O)N[C@@H](Cc1ccc(OP(=O)(O)O)cc1)C(=O)NC1CSc2ccccc2N(CCCC2CCCCC2)C1=O,chembl_negative,negative
CCN1CCC(n2cc(C3=C(c4cn(C)c5ccccc45)C(=O)NC3=O)c3ccccc32)CC1,chembl_negative,negative
O=C1NC(=O)C2=C1c1cn(c3ccccc13)CCO[C@H](CN1CCCC1)CCn1cc2c2ccccc21,chembl_negative,negative
CC(C)n1nc(-c2ccc(S(N)(=O)=O)cc2)c2c(N)ncnc21,chembl_negative,negative
Cc1c[nH]c(/C=C2\C(=O)Nc3ccccc32)c1CCC(=O)O,chembl_negative,negative
O=C(N[C@H]1CCCCN(Cc2cc(C(F)(F)F)cc(C(F)(F)F)c2)C1=O)c1ccc(OP(=O)(O)O)cc1,chembl_negative,negative
COc1ccccc1-c1cc2cnc(N)nc2nc1NC(=O)NC(C)(C)C,chembl_negative,negative
CCc1ccccc1-c1cc2cnc(N)nc2nc1NC(=O)NC(C)(C)C,chembl_negative,negative
O=C(Nc1ccc([N+](=O)[O-])cc1Cl)c1cc(Cl)ccc1O,chembl_negative,negative
CSc1nc(NCCc2ccccc2F)c2cnn(CC(Cl)c3ccccc3)c2n1,chembl_negative,negative
CCS(=O)(=O)Cc1ccc2c(c1)/C(=C/c1[nH]c3c(c1CCCN(C)C)CCCC3)C(=O)N2,chembl_negative,negative
CCOC(=O)c1ccc(-c2cn(-c3ccccc3)c3ncnc(N)c23)cc1,chembl_negative,negative
BrC(Cn1ncc2c(N3CCCC3)ncnc21)c1ccccc1,chembl_negative,negative
CCCNc1ncnc2c1cnn2CC(O)c1ccccc1,chembl_negative,negative
Cc1cc2nc(Nc3ccc(S(=O)(=O)NCCN4CCCC4)cc3)nnc2cc1Nc1cc(O)ccc1Cl,chembl_negative,negative
CC(=O)Nc1ccccc1-c1cc2nnc(Nc3ccc(S(=O)(=O)NCCN4CCCC4)cc3)nc2cc1C,chembl_negative,negative
Cc1cc2nc(Nc3ccc(S(=O)(=O)NCCN4CCCC4)cc3)nnc2cc1N(CCOCCO)C(C)C,chembl_negative,negative
Cc1cc(-c2cc(OC(=O)C(C)C)ccc2Cl)cc2nnc(Nc3ccc(OCCN4CCCC4)cc3)nc12,chembl_negative,negative
Cc1cc2nc(Nc3ccc(S(=O)(=O)NCCN4CCCC4)cc3)nnc2cc1N(CCO)C(C)C,chembl_negative,negative
Cc1cc2nc(Nc3ccc(C(=O)N4CCN(C)CC4)cc3)nnc2cc1-c1cnccc1Cl,chembl_negative,negative
CC(C)(C)n1nc(-c2cnc3cc(OC4CCC4)ccc3c2)c(C(N)=O)c1N,chembl_negative,negative
CCOc1ccc2cc(-c3nn(C4CCOC4)c(N)c3C(N)=O)ccc2n1,chembl_negative,negative
COc1cc(/C=C2\SC(=N)NC2=O)ccc1OCCCOc1cc(C)cc(C)c1,chembl_negative,negative
CC(C)(C)OC(=O)N[C@@H](CC(N)=O)C(=O)Oc1c(-c2ccc(O)c(O)c2)oc2cc(O)cc(O)c2c1=O,chembl_negative,negative
CC(=O)N[C@@H](Cc1ccc(OP(=O)(O)O)cc1)C(=O)N[C@@H](CCC(=O)O)C(=O)NCCCc1ccccc1,chembl_negative,negative
CCOc1ccc2cc(-c3nn(CC4CC4)c(N)c3C(N)=O)ccc2c1,chembl_negative,negative
CCOc1ccc2cc(-c3nn(C(C)CCO)c(N)c3C(N)=O)ccc2c1,chembl_negative,negative
CC(=O)N[C@@H](Cc1ccc(OP(=O)(O)O)cc1)C(=O)NCCCC(=O)NCCCc1ccccc1,chembl_negative,negative
CNc1ncnc2c1c(-c1ccccc1)cn2-c1ccccc1,chembl_negative,negative
O=c1[nH]cnc2c1c(-c1ccccc1)cn2-c1ccccc1,chembl_negative,negative
OC(Cn1ncc2c(NCc3ccc(F)cc3)ncnc21)c1ccccc1,chembl_negative,negative
ClC(Cn1ncc2c(NC3CC3)ncnc21)c1ccccc1,chembl_negative,negative
ClC(Cn1ncc2c(N3CCCCCC3)ncnc21)c1ccccc1,chembl_negative,negative
Cc1nc(Nc2ncc(C(=O)Nc3c(C)cccc3Cl)s2)cc(N2CCN(CCO)CC2)n1.O,reference,reference_holdout
CCN1Cc2c(ccc(F)c2C#N)O[C@@H](C)CNC(=O)c2c(N)nn3ccc1nc23,reference,reference_holdout
Nc1ncnc2c1c(-c1ccc(Cl)c(O)c1)nn2C1CCCC1,reference,reference_holdout
COc1cc(Nc2c(C#N)cnc3cc4cc(OCCN5CCOCC5)c(OC)cc4cc23)c(C)cc1Cl,reference,reference_holdout
Nc1c(C(=O)c2cc3ccccc3[nH]2)cnn1-c1cc(O)ccc1Cl,reference,reference_holdout
CCN(CC)C/C=C/c1nc(O)c2c(ccc3nc(Nc4c(Cl)cccc4Cl)n(C)c32)c1C,reference,reference_holdout
Cl.Cl.O=C1Nc2cc(Br)ccc2/C1=C1Nc2ccccc2C/1=N\OCCN1CCNCC1,reference,reference_holdout
CC(=O)N[C@@H](Cc1ccc(OP(=O)(O)O)c(C=O)c1)C(=O)N[C@H]1CCCCN(Cc2ccc(-c3ccccc3)cc2)C1=O,reference,reference_holdout
CN(C)CCCn1c(=O)c(-c2c(Cl)cccc2Cl)cc2cnc(Nc3ccc(P(=O)(O)CP(=O)(O)O)cc3)nc21,reference,reference_holdout
Nc1ncnc2c1c(-c1cccc(O)c1)cn2-c1ccc(OCCNCCO)cc1,reference,reference_holdout
CP(C)(=O)c1ccc(Nc2nc(C3CCCC3)nc3c2ncn3CCc2cccc(O)c2)cc1,reference,reference_holdout
Cc1cc(-c2c(Cl)ccc(O)c2F)cc2nnc(Nc3ccc(C(=O)N(C)CCN4CCCC4)cc3)nc12,reference,reference_holdout
COc1cc(-c2nn(CCN3CCC(N4CCCCC4)CC3)c3ncnc(N)c23)ccc1NC(=O)OC(C)(C)C,reference,reference_holdout
CN(C)CCOc1ccc2c(c1)CCn1nc(-c3ccc(Oc4ccccc4)cc3)c(C(N)=O)c1N2,reference,reference_holdout
Nc1ncc(C=CC(=O)NCCCn2ccnc2)c2scc(-c3ccc(Br)cc3)c12,reference,reference_holdout
COc1ccc(-n2nc(C(C)(C)C)cc2NC(=O)Nc2ccc(Oc3ccnc4[nH]c(=O)[nH]c34)c3ncccc23)cc1,reference,reference_holdout
COc1cc2/c(=N/c3ccc(Br)cc3F)nc[nH]c2cc1OCC1CCN(C)CC1,reference,reference_holdout
CN[C@@H]1C[C@H]2O[C@@](C)([C@@H]1OC)n1c3ccccc3c3c4c(c5c6ccccc6n2c5c31)C(=O)NC4,reference,reference_holdout
Cc1cccc(C)c1/C=C/n1cnc2c(Nc3ccc(P(C)(C)=O)cc3)nc(C(C)C)nc21,reference,reference_holdout
CCn1nc(C#Cc2cc(C(=O)Nc3ccc(CN4CCN(C)CC4)c(C(F)(F)F)c3)ccc2C)c2c(N)ncnc21,reference,reference_holdout
Cc1ccc(NC(=O)CC2CCCC2)cc1N1CCc2nc(Nc3ccc(OCCN4CCCC4)cc3)ncc2C1,reference,reference_holdout
