smiles,source,label
Cc1nc(Nc2ncc(C(=O)Nc3c(C)cccc3Cl)s2)cc(N2CCN(CCO)CC2)n1.O,reference,active
CCN1Cc2c(ccc(F)c2C#N)O[C@@H](C)CNC(=O)c2c(N)nn3ccc1nc23,reference,active
Nc1ncnc2c1c(-c1ccc(Cl)c(O)c1)nn2C1CCCC1,reference,active
COc1cc(Nc2c(C#N)cnc3cc4cc(OCCN5CCOCC5)c(OC)cc4cc23)c(C)cc1Cl,reference,active
Nc1c(C(=O)c2cc3ccccc3[nH]2)cnn1-c1cc(O)ccc1Cl,reference,active
CCN(CC)C/C=C/c1nc(O)c2c(ccc3nc(Nc4c(Cl)cccc4Cl)n(C)c32)c1C,reference,active
Cl.Cl.O=C1Nc2cc(Br)ccc2/C1=C1Nc2ccccc2C/1=N\OCCN1CCNCC1,reference,active
CC(=O)N[C@@H](Cc1ccc(OP(=O)(O)O)c(C=O)c1)C(=O)N[C@H]1CCCCN(Cc2ccc(-c3ccccc3)cc2)C1=O,reference,active
CN(C)CCCn1c(=O)c(-c2c(Cl)cccc2Cl)cc2cnc(Nc3ccc(P(=O)(O)CP(=O)(O)O)cc3)nc21,reference,active
Nc1ncnc2c1c(-c1cccc(O)c1)cn2-c1ccc(OCCNCCO)cc1,reference,active
CP(C)(=O)c1ccc(Nc2nc(C3CCCC3)nc3c2ncn3CCc2cccc(O)c2)cc1,reference,active
Cc1cc(-c2c(Cl)ccc(O)c2F)cc2nnc(Nc3ccc(C(=O)N(C)CCN4CCCC4)cc3)nc12,reference,active
COc1cc(-c2nn(CCN3CCC(N4CCCCC4)CC3)c3ncnc(N)c23)ccc1NC(=O)OC(C)(C)C,reference,active
CN(C)CCOc1ccc2c(c1)CCn1nc(-c3ccc(Oc4ccccc4)cc3)c(C(N)=O)c1N2,reference,active
Nc1ncc(C=CC(=O)NCCCn2ccnc2)c2scc(-c3ccc(Br)cc3)c12,reference,active
COc1ccc(-n2nc(C(C)(C)C)cc2NC(=O)Nc2ccc(Oc3ccnc4[nH]c(=O)[nH]c34)c3ncccc23)cc1,reference,active
COc1cc2/c(=N/c3ccc(Br)cc3F)nc[nH]c2cc1OCC1CCN(C)CC1,reference,active
CN[C@@H]1C[C@H]2O[C@@](C)([C@@H]1OC)n1c3ccccc3c3c4c(c5c6ccccc6n2c5c31)C(=O)NC4,reference,active
Cc1cccc(C)c1/C=C/n1cnc2c(Nc3ccc(P(C)(C)=O)cc3)nc(C(C)C)nc21,reference,active
CCn1nc(C#Cc2cc(C(=O)Nc3ccc(CN4CCN(C)CC4)c(C(F)(F)F)c3)ccc2C)c2c(N)ncnc21,reference,active
Cc1ccc(NC(=O)CC2CCCC2)cc1N1CCc2nc(Nc3ccc(OCCN4CCCC4)cc3)ncc2C1,reference,active
COc1cc2cc3c(Nc4cc(OC)c(OC)c(OC)c4)c(C#N)cnc3cc2cc1OCCN1CCOCC1,chembl,active
Cc1nc(Nc2ncc(C(=O)Nc3c(C)cccc3Cl)s2)cc(N2CCN(CCOCCOCCN)CC2)n1,chembl,active
COc1cc(Nc2c(C#N)cnc3cc4cc(OCCN5CCN(C)CC5)c(OC)cc4cc23)c(Cl)cc1Cl,chembl,active
COc1cc(Nc2c(C#N)cnc3cc4cc(OCCN5CCN(C)CC5)c(OC)cc4cc23)c(C)cc1Cl,chembl,active
CN(C)CCc1ccccc1-n1cc(-c2cccc(O)c2)c2c(N)ncnc21,chembl,active
COc1cc(Nc2c(C#N)cnc3cc4cc(OCCN5CCOCC5)c(OC)cc4cc23)c(Cl)cc1C,chembl,active
Nc1c(C(=O)c2cc3cc(CN4CCOCC4)ccc3[nH]2)cnn1-c1cc(O)ccc1Cl,chembl,active
Cc1nc(Nc2ncc(C(=O)Nc3c(C)cccc3Cl)s2)cc(N2CCNCC2)n1,chembl,active
COc1cc(Nc2c(C#N)cnc3cc4cc(OCCN5CCOCC5)c(OC)cc4cc23)c(Cl)cc1Cl,chembl,active
COc1cc(Nc2c(C#N)cnc3cc4cc(OCCN5CCOCC5)c(OC)cc4cc23)c(Cl)cc1F,chembl,active
COc1cc(Nc2c(C#N)cnc3cc4cc(OCCN5CCC(O)CC5)c(OC)cc4cc23)c(Cl)cc1C,chembl,active
Nc1ncnc2c1c(-c1ccc(F)c(O)c1)nn2C1CCCC1,chembl,active
COc1cc(Nc2c(C#N)cnc3cc(/C=C/c4cc[n+]([O-])cc4)c(OC)cc23)c(Cl)cc1Cl,chembl,active
CN(CCO/N=C1C(=C2/C(=O)Nc3cc(Br)ccc32)/Nc2ccccc2/1)CC(O)CO.Cl,chembl,active
COc1cc(Nc2c(C#N)cnc3cc(OCCCN4CCC(O)CC4)c(OC)cc23)c(Cl)cc1Cl,chembl,active
COc1cc2cc3c(Nc4cc(OC)c(OC)c(OC)c4)c(C#N)cnc3cc2cc1OCCN1CCN(C)CC1,chembl,active
Cc1cc(-c2c(Cl)ccc(O)c2F)cc2nnc(Nc3ccc(S(=O)(=O)NCCN4CCCC4)cc3)nc12,chembl,active
CSc1cccc(Nc2ncc3cc(-c4c(Cl)cccc4Cl)c(=O)n(C)c3n2)c1,chembl,active
COc1cc(Nc2c(C#N)cnc3cc4cc(OCCN5CCC(O)CC5)c(OC)cc4cc23)c(Cl)cc1Cl,chembl,active
COc1cc(Nc2c(C#N)cnc3cc(-c4coc(CN(C)C)c4)c(OC)cc23)c(Cl)cc1Cl,chembl,active
COc1cc(Nc2c(C#N)cnc3cc(OCCCN4CCN(CCO)CC4)c(OC)cc23)c(Cl)cc1Cl,chembl,active
CCN1CCN(CCCOc2cc3ncc(C#N)c(Nc4cc(OC)c(Cl)cc4Cl)c3cc2OC)CC1,chembl,active
Cc1nc(Nc2ncc(C(=O)Nc3c(C)cccc3Cl)s2)cc(N2CCN(CCOCCOCCNC(=O)OC(C)(C)C)CC2)n1,chembl,active
COc1cc(Nc2c(C#N)cnc3cc(-c4coc(CN5CCN(C)CC5)c4)c(OC)cc23)c(Cl)cc1Cl,chembl,active
COc1cc(-c2nn(CCN3CCC(N(C)C)CC3)c3ncnc(N)c23)ccc1NC(=O)OC(C)(C)C,chembl,active
Cc1nc(Nc2ncc(C(=O)Nc3c(C)cccc3Cl)s2)cc(N2CCN(CCO)CC2)n1,chembl,active
COc1cc(Nc2c(C#N)cnc3cc(OCCCN4CCOCC4)c(OC)cc23)c(Cl)cc1Cl,chembl,active
O=C1Nc2cc(Br)ccc2/C1=C1Nc2ccccc2C/1=N\OCCN1CCN(CCOCCO)CC1,chembl,active
Cc1nc(Nc2ncc(C(=O)Nc3c(C)cccc3Cl)s2)cc(N2CCN(CCOCCOCCNC(=O)CS(=O)(=O)O)CC2)n1,chembl,active
CC(C)(C)c1cc(NC(=O)Nc2ccc(Oc3ccnc4[nH]c(=O)[nH]c34)c3ncccc23)n(-c2ccccc2)n1,chembl,active
Cc1ccc(O)cc1-c1cc(C)c2nc(Nc3ccc(S(=O)(=O)NCCN4CCCC4)cc3)nnc2c1,chembl,active
COc1cc(Nc2c(C#N)cnc3cc(OCCCN4CCOCC4)c(OC)cc23)c(Br)cc1Cl,chembl,active
CN1CCN(CCOc2cc(OC3CCOCC3)c3c(Nc4c(Cl)ccc5c4OCO5)ncnc3c2)CC1,chembl,active
COc1ccc(OC)c(N(C(=O)Oc2c(C)cccc2C)c2ccnc(Nc3ccc(N4CCN(C)CC4)cc3)n2)c1,chembl,active
COc1cc(Nc2c(C#N)cnc3cc(OCCCN4CCN(C)CC4)c(OC)cc23)c(Cl)cc1Cl,chembl,active
Cc1cc(-c2c(Cl)ccc(O)c2F)cc2nnc(Nc3ccc(S(=O)(=O)CCCN4CCCC4)cc3)nc12,chembl,active
NC(=O)CN1CCC(n2cc(-c3cccc(O)c3)c3c(N)ncnc32)CC1,chembl,active
Cc1ccc(C(=O)Nc2ccc(CN3CCN(C)CC3)c(Br)c2)cc1C#Cc1nn(C(C)C)c2ncnc(N)c12,chembl,active
COC(=O)CN1CCC(n2cc(-c3cccc(O)c3)c3c(N)ncnc32)CC1,chembl,active
Nc1ncnc2c1c(-c1cccc(O)c1)cn2C1CCN(CCO)CC1,chembl,active
Nc1ncnc2c1c(-c1cccc(O)c1)cn2C1CCCC1,chembl,active
Cc1ccc(NC(=O)N2CCCCC2)cc1N1CCc2nc(Nc3ccc(OCCN4CCCC4)cc3)ncc2C1,chembl,active
COc1cc(-c2nn(CCN3CCC(N(C)C)CC3)c3ncnc(N)c23)ccc1CC(=O)OC(C)(C)C,chembl,active
Cc1ccc(NC(=O)c2cccc(C(F)(F)F)c2)cc1N1CCc2nc(Nc3ccc(C(=O)NCCO)cc3)ncc2C1,chembl,active
CN(C)C1CCN(CCn2nc(-c3ccc(CC(=O)OC(C)(C)C)cc3)c3c(N)ncnc32)CC1,chembl,active
Cc1nc(Nc2ncc(C(=O)Nc3c(Cl)ccnc3C)s2)cc(NN2CCN(CCO)CC2)n1,chembl,active
Cc1cc(-c2cc(O)ccc2Cl)cc2nnc(Nc3ccc(OCCN4CCCC4)cc3)nc12,chembl,active
CC1CCC(n2nc(-c3ccc(F)c(O)c3)c3c(N)ncnc32)C1,chembl,active
CC[C@H](C)[C@H](NC(=O)[C@H](CCC(=O)O)NC(=O)[C@H](CCC(=O)O)NC(=O)[C@H](Cc1ccc(OP(=O)(O)O)cc1)NC(C)=O)C(N)=O,chembl,active
COc1ccc(N(C(=O)Oc2c(C)cccc2C)c2ccnc(Nc3cc(OC)c(OCCCN4CCN(C)CC4)c(OC)c3)n2)c(OC)c1,chembl,active
Cc1cc(Nc2nccc(Oc3ccc(NC(=O)Nc4cc(C(C)(C)C)nn4-c4ccc(P(C)(C)=O)cc4)c4ccccc34)n2)cc2cn[nH]c12,chembl,active
COc1ccc(N(C(=O)Oc2c(C)cccc2C)c2ccnc(Nc3cc(OC)c(OCCN4CCN(C)CC4)c(OC)c3)n2)c(OC)c1,chembl,active
COc1ccc(N(C(=O)Oc2c(C)cccc2C)c2ccnc(Nc3cc(OC)c(N4CCN(C)CC4)c(OC)c3)n2)c(OC)c1,chembl,active
Cc1cc(-c2c(Cl)ccc(O)c2Cl)cc2nnc(Nc3ccc(OCCN4CCCC4)cc3)nc12,chembl,active
CCCN1CCN(CCCOc2cc3ncc(C#N)c(Nc4cc(OC)c(Cl)cc4Cl)c3cc2OC)CC1,chembl,active
COc1cc(Nc2c(C#N)cnc3cc(OCCCN4CCNCC4)c(OC)cc23)c(Cl)cc1Cl,chembl,active
COc1cc(Nc2c(C#N)cnc3cc(OCCCN4CCOCC4)c(OC)cc23)c(Cl)cc1C,chembl,active
COc1cc(Nc2c(C#N)cnc3cc4cc(OC)c(OCCN5CCN(C)CC5)cc4cc23)c(Cl)cc1Cl,chembl,active
COc1ccccc1-n1c(-c2cc(O)ccc2C)cn2c3c(=O)[nH]c(=O)n(C)c3nc12,chembl,active
COc1cc(Nc2c(C#N)cnc3cc(OCCCN4CCCCC4)c(OC)cc23)c(Cl)cc1Cl,chembl,active
COc1cc(Nc2c(C#N)cnc3cc(OCCCN4CCOCC4)c(OC)cc23)c(C)cc1Cl,chembl,active
COc1cc2cc3ncc(C#N)c(Nc4cc(OC)c(OC)c(OC)c4)c3cc2cc1OCCN1CCOCC1,chembl,active
Cc1cc(-c2c(Cl)ccc(O)c2F)cc2nnc(Nc3ccc(S(=O)(=O)N(C)CCN4CCCC4)cc3)nc12,chembl,active
Oc1ccc(Cl)c(-c2cc3nnc(Nc4ccc(OCCN5CCCC5)cc4)nc3cc2Cl)c1,chembl,active
Oc1cccc(Nc2ccnc3cc(-c4cccc(CN5CCOCC5)c4)sc23)c1,chembl,active
Cc1cccc(C)c1/C=C/n1cnc2c(Nc3ccc(P(C)(C)=O)cc3)nc(C3CCCC3)nc21,chembl,active
COc1cc(Nc2c(C#N)cnc3cc(OCCCCN4CCOCC4)c(OC)cc23)c(Cl)cc1Cl,chembl,active
COc1cc(Nc2c(C#N)cnc3cc(OCCCC4CCN(C)CC4)c(OC)cc23)c(Cl)cc1Cl,chembl,active
COc1cc(Nc2c(C#N)cnc3cc(OCCCN4CC(C)N(C)C(C)C4)c(OC)cc23)c(Cl)cc1Cl,chembl,active
COc1cc(Nc2c(C#N)cnc3cc(-c4csc(CN5CCC(O)CC5)c4)ccc23)c(Cl)cc1Cl,chembl,active
COc1cc(Nc2c(C#N)cnc3cc4cc(OC)c(OC)cc4cc23)c(C)cc1Cl,chembl,active
COc1cc(Nc2c(C#N)cnc3cc(OCCCN4CCCN(C)CC4)c(OC)cc23)c(Cl)cc1Cl,chembl,active
Cc1cccc(C)c1/C=C/n1cnc2c(Nc3ccc(P(C)(C)=O)cc3)nc(N3CCCC3)nc21,chembl,active
Cc1cc(-c2c(Cl)ccc(O)c2Cl)cc2nnc(Nc3ccc(S(=O)(=O)NCCN4CCCC4)cc3)nc12,chembl,active
COc1cc(Nc2c(C#N)cnc3cc(-c4coc(CN5CCOCC5)c4)c(OC)cc23)c(Cl)cc1Cl,chembl,active
Cc1cc(-c2cc(O)ccc2Cl)cc2nnc(Nc3ccc(CCCN4CCCC4)cc3)nc12,chembl,active
Cc1cc(-c2cc(O)ccc2Cl)cc2nnc(Nc3ccc(CN(CCO)C(C)C)cc3)nc12,chembl,active
COc1cc(Nc2c(C#N)cnc3cc4cc(OC)c(OCCN5CCN(C)CC5)cc4cc23)c(C)cc1Cl,chembl,active
COCCOc1cc2ncc(C#N)c(Nc3cc(OC)c(Cl)cc3Cl)c2cc1OC,chembl,active
Cc1cc(-c2cc(O)ccc2Cl)cc2nnc(Nc3ccc(C(=O)N(C)CCN4CCCC4)cc3)nc12,chembl,active
Cc1cc2nc(Nc3ccc(S(=O)(=O)NCCN4CCCC4)cc3)nnc2cc1-c1cc(O)ccc1Cl,chembl,active
COc1ccc(Cl)c(Nc2c(C#N)cnc3cc(OCCCN4CCOCC4)c(OC)cc23)c1,chembl,active
CCN1CCN(CC/C=C/c2cc3ncc(C#N)c(Nc4cc(OC)c(Cl)cc4Cl)c3cc2OC)CC1,chembl,active
COc1cc(Nc2c(C#N)cnc3cc(OCCCN4CCOCC4)c(OC)cc23)c(C)cc1C,chembl,active
COCCN1CCN(CCO/N=C2C(=C3/C(=O)Nc4cc(Br)ccc43)/Nc3ccccc3/2)CC1,chembl,active
CCCP(=O)(CCC)c1ccc(Nc2nc(C(C)C)nc3c2ncn3/C=C/c2c(C)cccc2C)cc1,chembl,active
Cc1cc(-c2cc(O)ccc2Cl)cc2nnc(Nc3cccc(OCCN4CCCC4)c3)nc12,chembl,active
COc1cc(Nc2c(C#N)cnc3cc(-c4ccc(CN5CCS(=O)(=O)CC5)cn4)ccc23)c(Cl)cc1Cl,chembl,active
Cc1cc(-c2cc(O)ccc2Cl)cc2nnc(Nc3ccc(N4CCN(CCO)CC4)nc3)nc12,chembl,active
COc1cc(Nc2c(C#N)cnc3cc4cc(OC)c(OCCN5CCOCC5)cc4cc23)c(Cl)cc1Cl,chembl,active
COc1cc(Nc2c(C#N)cnc3cc(OCCCn4ccnn4)c(OC)cc23)c(Cl)cc1Cl,chembl,active
COc1cc(Nc2c(C#N)cnc3cc(-c4ccc(CN5CC[S+]([O-])CC5)cn4)ccc23)c(Cl)cc1Cl,chembl,active
COc1ccc(N(C(=O)Oc2c(C)cccc2C)c2ccnc(Nc3ccc(N4CCN(C)CC4)c(OC)c3)n2)c(OC)c1,chembl,active
Cc1ccc(NC(=O)c2cccc(C(F)(F)F)c2)cc1N1CCc2nc(Nc3ccc(C(=O)N4CCN(C)CC4)cc3)ncc2C1,chembl,active
COc1cc(Nc2c(C#N)cnc3cc(OCC4CCN(C)CC4)c(OC)cc23)c(Cl)cc1Cl,chembl,active
COc1cc2cc3c(Nc4ccc(Cl)cc4Cl)c(C#N)cnc3cc2cc1OCCN1CCOCC1,chembl,active
Cc1cc(Nc2nccc(Oc3ccc(NC(=O)Nc4cc(C(C)(C)C)nn4-c4ccc(=O)n(CCO)c4)c4ccccc34)n2)cc2cn[nH]c12,chembl,active
COc1ccc(N(C(=O)Oc2c(C)cccc2C)c2ccnc(Nc3cc(OC)c(OCCN4CCOCC4)c(OC)c3)n2)c(OC)c1,chembl,active
COc1ccc(N(C(=O)Oc2c(C)cccc2C)c2ccnc(Nc3ccc(OCCCN4CCN(C)CC4)c(OC)c3)n2)c(OC)c1,chembl,active
Cc1ccc(NC(=O)c2cccc(C(F)(F)F)c2)cc1C#Cc1nn(C2CCN(C)CC2)c2ncnc(N)c12,chembl,active
Nc1ncnc2c1c(-c1ccc(Cl)c(O)c1)nn2[C@H]1CCOC1,chembl,active
Cc1ccc(C(=O)Nc2cccc(C(F)(F)F)c2)cc1-c1ccc2nc(NCCN3CCOCC3)ncc2c1,chembl,active
COc1ccc(-n2nc(C3CCOC3)cc2NC(=O)Nc2ccc(Oc3ccnc(Nc4ccc5[nH]ncc5c4)n3)c3ccccc23)cc1,chembl,active
COc1cc(Cl)c(Cl)c(Nc2c(C#N)cnc3cc(/C=C/c4ncc[nH]4)c(OC)cc23)c1,chembl,active
C=CC(=O)Nc1ccccc1Nc1nc(Nc2ccc(N3CCN(C)CC3)cc2)ncc1-c1ccoc1,chembl,active
CN1CCN(c2ccc(-c3cnn4c(N)c(-c5cccc(O)c5)cnc34)cc2)CC1,chembl,active
Cn1c(=O)c(-c2c(Cl)cccc2Cl)cc2cnc(Nc3ccc(P(=O)(O)CP(=O)(O)O)cc3)nc21,chembl,active
CC(C)(C)c1cc(NC(=O)Nc2ccc(Oc3cc(Nc4ccc5[nH]ncc5c4)ncn3)c3ccccc23)n(-c2ccc(=O)n(CCO)c2)n1,chembl,active
Cc1ccc(NC(=O)c2ccc(C(F)(F)F)s2)cc1N1CCc2nc(Nc3ccc(OCCN4CCCC4)cc3)ncc2C1,chembl,active
Cc1ccc(NC(=O)CC(C)C(F)(F)F)cc1N1CCc2nc(Nc3ccc(OCCN4CCCC4)cc3)ncc2C1,chembl,active
CNC(=O)c1cnc(N)c2c(-c3ccc(NC(=O)Nc4cccc(Cl)c4)cc3)csc12,chembl,active
Oc1cccc(-c2[nH]nc3ncnc(Nc4cccc(Cl)c4)c23)c1,chembl,active
Cc1ccc(NC(=O)c2cccc(C(F)(F)F)c2)cc1N1CCc2nc(Nc3cncnc3)ncc2C1,chembl,active
Cc1ccc(C(=O)Nc2ccc(CN3CCN(C)CC3)c(C(F)(F)F)c2)cc1C#CC(=N)c1c(N)ncnc1NC(C)C,chembl,active
COc1cc(Nc2c(C#N)cnc3cc(OCCON4CCN(C)CC4)c(OC)cc23)c(Cl)cc1Cl,chembl,active
CCN1CCN(Cc2ccc(NC(=O)c3ccc(C)c(C#Cc4nn(C(C)C)c5ncnc(N)c45)c3)cc2C(F)(F)F)CC1,chembl,active
COc1cccc(-c2cn(C3CCCC3)c3ncnc(N)c23)c1,chembl,active
COc1cc(Nc2c(C#N)cnc3cc(-c4cc(CN5CCC(O)CC5)cs4)ccc23)c(Cl)cc1Cl,chembl,active
Cc1ccc(C(=O)Nc2ccc(CN3CCN(C)CC3)c(Cl)c2)cc1C#Cc1nn(C(C)C)c2ncnc(N)c12,chembl,active
Cc1ccc(C(=O)Nc2ccc(CN3CCN(C)CC3)c(C(F)(F)F)c2)cc1C#Cc1nn(C(C)C)c2ncnc(N)c12,chembl,active
Cc1ccc(NC(=O)c2cccc(C(F)(F)F)c2)cc1N1CCc2nc(Nc3ccc(C(=O)NC4CCN(C)CC4)cc3)ncc2C1,chembl,active
c1cc(-c2cnn3cc(-c4ccc(OCCN5CCCCC5)cc4)cnc23)ccn1,chembl,active
CC(=O)Nc1cc(Oc2ccc3c(c2)nc(Nc2cccc(C(C)(C)C)c2)n3C)ccn1,chembl,active
COc1ccc(N(C(=O)Oc2c(C)cccc2C)c2ccnc(Nc3ccc(N4CCN(C)CC4)c(F)c3)n2)c(OC)c1,chembl,active
Cc1cc(-c2c(Cl)ccc(O)c2Cl)cc2nnc(Nc3ccc(S(=O)(=O)CCCN4CCCC4)cc3)nc12,chembl,active
COc1cc(Nc2c(C#N)cnc3cc4cc(OC)c(OCCN5CCC(O)CC5)cc4cc23)c(Cl)cc1Cl,chembl,active
COc1cc(Nc2c(C#N)cnc3cc4cc(OC)c(OCCN5CCOCC5)cc4cc23)c(C)cc1Cl,chembl,active
COc1cc(Nc2c(C#N)cnc3cc(/C=C/CCN4CCN(C)CC4)c(OC)cc23)c(Cl)cc1Cl,chembl,active
COc1cc(Nc2c(C#N)cnc3cc(OCCCn4ccnc4)c(OC)cc23)c(Cl)cc1Cl,chembl,active
Cl.O=C1Nc2cc(Br)ccc2/C1=C1Nc2ccccc2C/1=N\OCCN1CCCC1,chembl,active
COc1cc(-c2nn(C3CCCC3)c3ncnc(N)c23)ccc1N,chembl,active
COc1cc(Nc2c(C#N)cnc3cc(/C=C/c4ccc(CN(C)C)cn4)c(OC)cc23)c(Cl)cc1Cl,chembl,active
COc1cc(Nc2c(C#N)cnc3cc(/C=C/c4cccc(CN(C)C)n4)c(OC)cc23)c(Cl)cc1Cl,chembl,active
COc1cc(Nc2c(C#N)cnc3cc(OCCN4CCOCC4)c(OC)cc23)c(Cl)cc1Cl,chembl,active
COc1cc(Nc2c(C#N)cnc3cc(-c4ccc(CN5CCN(C)CC5)s4)ccc23)c(Cl)cc1Cl,chembl,active
C#CCO[C@@H]1[C@H](C)[C@@H](COC(=O)c2ccc(S(=O)(=O)F)cc2)O[C@H]1n1nc(-c2ccc(C)cc2)c2c(N)ncnc21,chembl,active
COc1cc(Nc2c(C#N)cnc3cc(OCCCN(C)CCN(C)C)c(OC)cc23)c(Cl)cc1Cl,chembl,active
COCCOc1cc2c(cc1OC)Cc1c(Nc3cc(OC)c(Cl)cc3Cl)ncnc1N2,chembl,active
COc1cc(Nc2c(C#N)cnc3cc(/C=C/c4ccc(CN(C)C)cc4)c(OC)cc23)c(Cl)cc1Cl,chembl,active
Cc1ccc(NC(=O)c2cccc(C(F)(F)F)c2)cc1N1CCc2nc(Nc3ccc(C(=O)NC4CCN(C)CC4)nc3)ncc2C1,chembl,active
Cc1cc(-c2c(Cl)ccc(O)c2Cl)cc2nnc(Nc3ccc(S(=O)(=O)C4CCNCC4)cc3)nc12,chembl,active
COc1cc(Nc2c(C#N)cnc3cc(OCCC4CCN(C)CC4)c(OC)cc23)c(Cl)cc1Cl,chembl,active
CN1CCN(c2ccc(Nc3ncc4cc(-c5ccccc5Cl)c(=O)n(C[C@H]5CCCO5)c4n3)cc2OC2CCCC2)CC1,chembl,active
Cc1ccc(C(=O)Nc2ccc(CN3CCN(C)CC3)c(C(F)(F)F)c2)cc1C#Cc1cnc2cccnn12,chembl,active
COc1cc(Nc2c(C#N)cnc3cc(/C=C/CCN(C)C)c(OC)cc23)c(Cl)cc1Cl,chembl,active
COc1cc(Nc2c(C#N)cnc3cc(OCCCCCN4CCOCC4)c(OC)cc23)c(Cl)cc1Cl,chembl,active
COc1cc(Nc2c(C#N)cnc3cc(-c4ccc(CN5CCOCC5)s4)ccc23)c(Cl)cc1Cl,chembl,active
COc1cc(Nc2c(C#N)cnc3cc4cc(OC)c(OCCN5CCOCC5)cc4cc23)c(Cl)cc1C,chembl,active
Cc1cc(-c2cc(O)ccc2Cl)cc2nnc(Nc3ccc(C(=O)NCCN4CCCC4)nc3)nc12,chembl,active
COc1cc(Nc2c(C#N)cnc3cc(/C=C/CCN4CCCCC4)c(OC)cc23)c(Cl)cc1Cl,chembl,active
COc1cc2cc3ncc(C#N)c(Nc4cc(OC)c(OC)c(OC)c4)c3cc2cc1OCCN1CCN(C)CC1,chembl,active
COc1cc(Nc2c(C#N)cnc3cc(-c4csc(CN5CCOCC5)c4)ccc23)c(Cl)cc1Cl,chembl,active
COc1cc(Nc2c(C#N)cnc3cc(-c4coc(CN5CCN(C)CC5)c4)ccc23)c(Cl)cc1Cl,chembl,active
COCCOc1cc2ncc(C#N)c(Nc3cc(OC)c(Cl)cc3Cl)c2cc1OCCOC,chembl,active
Cc1cc(-c2cc(O)ccc2Cl)cc2nnc(Nc3ccc(C(=O)N4CCN(C)CC4)cc3)nc12,chembl,active
COc1cc(Nc2c(C#N)cnc3cc(OC)c(OC)cc23)c(Cl)cc1C,chembl,active
COc1cc(Nc2c(C#N)cnc3cc(-c4ccc(CN5CCOCC5)cn4)ccc23)c(Cl)cc1Cl,chembl,active
CN(C)C(=O)CN1CCC(n2cc(-c3cccc(O)c3)c3c(N)ncnc32)CC1,chembl,active
CC(=O)N[C@@H](Cc1ccc(C(C(=O)O)C(=O)O)c(C(=O)O)c1)C(=O)N[C@H]1CCCCN(Cc2ccc(-c3ccccc3)cc2)C1=O,chembl,active
COC(=O)CN1CCC(n2cc(-c3cccc(O)c3)c3c(N)ncnc32)C1,chembl,active
CC(=O)N[C@@H](Cc1ccc(OP(=O)(O)O)cc1)C(=O)N[C@H]1CCCCN(Cc2ccc(-c3cccs3)cc2)C1=O,chembl,active
COc1ccc(-n2nc(C(C)(C)C)cc2NC(=O)Nc2ccc(Oc3ccnc(Nc4ccc5[nH]ncc5c4)n3)c3ccccc23)cn1,chembl,active
COc1cc(Nc2c(C#N)cnc3cc(OCCCNCCN4CCOCC4)c(OC)cc23)c(Cl)cc1Cl,chembl,active
Cc1cc(-c2cc(O)ccc2Cl)cc2nnc(Nc3ccc(C(=O)N4CCS(=O)(=O)CC4)cc3)nc12,chembl,active
Cc1cc(-c2cc(O)ccc2Cl)cc2nnc(Nc3ccc(S(=O)(=O)N(C)CCN4CCCC4)cc3)nc12,chembl,active
Cc1ccc(-n2nc(C(C)(C)C)cc2NC(=O)Nc2ccc(Oc3ccnc(Nc4cc(C)cc(C(N)=O)c4)n3)c3ccccc23)cc1,chembl,active
Cc1ccc(NC(=O)c2ccc(C)c(C(F)(F)F)c2)cc1C#Cc1nn([C@H]2CC[C@H](O)CC2)c2ncnc(N)c12,chembl,active
COc1cc(Nc2c(C#N)cnc3cc(OC)c(OC)cc23)c(Br)cc1Cl,chembl,active
CC(C)c1cc(NC(=O)Nc2ccc(Oc3cc(Nc4ccc5[nH]ncc5c4)ncn3)c3ccccc23)n(-c2ccc(=O)n(CCO)c2)n1,chembl,active
COc1ccc(N(C(=O)Oc2c(C)cccc2C)c2ccnc(Nc3ccc(N4CCN(C)CC4)cc3)n2)cc1,chembl,active
CCN1CCN(Cc2ccc(-c3ccc4c(Nc5cc(OC)c(Cl)cc5Cl)c(C#N)cnc4c3)cc2)CC1,chembl,active
CCN(CC)CCOc1ccc(Nc2ncc3c(n2)N2CCC(=O)N2C(c2c(Cl)cccc2Cl)=C3)cc1,chembl,active
Cc1ccc(NC(=O)CC(C)C(F)(F)F)cc1N1CCc2nc(Nc3ccc(N4CCN(C)CC4)cc3)ncc2C1,chembl,active
CCCNC(=O)c1cccc(Nc2nccc(Oc3ccc(NC(=O)Nc4cc(C(C)(C)C)nn4-c4ccc(OC)cc4)c4ccccc34)n2)c1,chembl,active
Clc1ccc2c(c1Nc1ncnc3cc(OCCc4ccncc4)cc(OC4CCOCC4)c13)OCO2,chembl,active
Oc1ccc(Cl)c(Nc2nc(SCCN3CCOCC3)nc3c2cnn3CC(Cl)c2ccccc2)c1,chembl,active
Cc1ccc(C(=O)Nc2cccc(C(F)(F)F)c2)cc1C#Cc1nn(C(C)C)c2ncnc(N)c12,chembl,active
Cc1ccc(NC(=O)c2cccc(C(F)(F)F)c2)cc1C(=O)Nc1cnc(Nc2ccc(N3CCN(C)CC3)cc2)nc1,chembl,active
COc1cc(Nc2nn3c(N[C@H](CO)Cc4ccccc4)cc(C4CC4)nc3c2C(N)=O)cc(OC)c1,chembl,active
COc1cc(Nc2c(C#N)cnc3cc(/C=C/c4cccc(CN(C)C)c4)c(OC)cc23)c(Cl)cc1Cl,chembl,active
C=CC(=O)Nc1ccccc1Nc1nc(Nc2ccc(N3CCN(C)CC3)cc2)ncc1-c1cccs1,chembl,active
C=CC(=O)Nc1ccccc1Nc1nc(Nc2ccc(N3CCN(C)CC3)cc2)ncc1C(=O)Nc1c(C)cccc1Cl,chembl,active
C=CC(=O)Nc1ccccc1Nc1nc(Nc2ccc(N3CCN(C)CC3)cc2)ncc1OCc1c(C)cccc1Cl,chembl,active
CCN1CCN(c2cc(Nc3ncc(-c4ccncc4)s3)nc(C)n2)CC1.Cl,chembl,active
CCC(=O)Nc1ccccc1Nc1nc(Nc2ccc(N3CCN(C)CC3)cc2)ncc1C(=O)Nc1c(C)cccc1Cl,chembl,active
Cn1cc(-c2cnc3c(-c4csc(C(=O)N[C@@H]5CCCC[C@@H]5N)c4)cnn3c2)cn1,chembl,active
Cc1cc(-c2c(F)ccc(O)c2F)cc2nnc(Nc3ccc(S(=O)(=O)NCCN4CCCC4)cc3)nc12,chembl,active
Nc1ncnc2c1c(-c1ccc(O)cc1)cn2-c1ccc(OCCNCCO)cc1,chembl,active
COc1cc(-c2nn(C3CCC(N4CCN(C(C)=O)CC4)CC3)c3ncnc(N)c23)ccc1NC(=O)c1cc2ccccc2n1C,chembl,active
CCN(CCN1CCCC1)S(=O)(=O)c1ccc(Nc2nnc3cc(-c4cc(O)ccc4Cl)cc(C)c3n2)cc1,chembl,active
Cc1cc(NC(=O)c2c(C#CC3(O)CCCC3)n(C3(C)CC3)c3ncnc(N)c23)n[nH]1,chembl,active
Cc1cc(Nc2nc3ccc(C(=O)Nc4c(C)cccc4Cl)cc3s2)nc(NCC2CCCO2)n1,chembl,active
Cc1cc(-c2cc(O)ccc2Cl)cc2nnc(Nc3ccc(N4CCNCC4)nc3)nc12,chembl,active
COc1cc(Nc2ncnc3c2Cc2cc(OC)c(OC)cc2N3)c(Cl)cc1Cl,chembl,active
COc1cc(Nc2c(C#N)cnc3cc(-c4ccc(CN5CCOCC5)cc4)ccc23)c(Cl)cc1Cl,chembl,active
Cc1cc2nc(Nc3ccc(C(=O)N4CCN(C)CC4)cc3)nnc2cc1-c1cc(O)ccc1Cl,chembl,active
CCN1CCN(c2ccc(Nc3ncc4scc(-c5cccc(NS(C)(=O)=O)c5)c4n3)cc2)CC1,chembl,active
COC(=O)c1cc2cc(NCc3c(C)cccc3Cl)cnc2[nH]1,chembl,active
Cc1cc(-c2cc(O)ccc2Cl)cc2nnc(Nc3cccc(SCCN4CCCC4)c3)nc12,chembl,active
CSc1nc(Nc2cc(O)ccc2Cl)c2cnn(CC(Cl)c3ccccc3)c2n1,chembl,active
COc1cc2c(Nc3ccc(Cl)cc3Cl)c(C#N)cnc2cc1OCCCN1CCC(O)CC1,chembl,active
COc1cc(-c2nn(CCN3CCC(N(C)C)CC3)c3ncnc(N)c23)ccc1NCc1ccccc1,chembl,active
Cc1nc(Nc2ncc(C(=O)Nc3c(C)cccc3Cl)s2)cc(N2CCN(CCF)CC2)n1,chembl,active
CN[C@@H]1CC2OC([C@@H]1OC)n1c3ccccc3c3c4c(c5c6ccccc6n2c5c31)C(=O)NC4,chembl,active
CCOc1cc2c(Nc3cc(OC)c(Cl)cc3Cl)c(C#N)cnc2cc1C#Cc1cccc(CN(C)C)n1,chembl,active
COc1cc(Nc2c(C#N)cnc3cc(C#Cc4cncc(CN(C)C)c4)c(OC)cc23)c(Cl)cc1Cl,chembl,active
Cc1cc(-c2cc(O)ccc2Cl)cc2nnc(Nc3ccc(S(=O)(=O)NCCN4CCCC4)cc3)nc12,chembl,active
Cc1cc(-c2cc(O)ccc2Cl)cc2nnc(Nc3ccc(C(=O)N4CCNCC4)cc3)nc12,chembl,active
Cc1cc(-c2c(Cl)ccc(O)c2Cl)cc2nnc(Nc3ccc(S(=O)(=O)N(C)CCN4CCCC4)cc3)nc12,chembl,active
COc1cc(Nc2c(C#N)cnc3cc(-c4coc(CN5CCN(c6ccccc6)CC5)c4)c(OC)cc23)c(Cl)cc1Cl,chembl,active
Cc1cc2nc(Nc3ccc(S(=O)(=O)N(C)CCN4CCCC4)cc3)nnc2cc1-c1cc(O)ccc1Cl,chembl,active
CCN1CCN(CCc2ccc(-c3ccc4c(Nc5cc(OC)c(Cl)cc5Cl)c(C#N)cnc4c3)cc2)CC1,chembl,active
Cc1cccc(C)c1/C=C/n1cnc2c(Nc3ccc(P(C)(C)=O)cc3)nc(N(C)C)nc21,chembl,active
COc1cc(Nc2c(C#N)cnc3cc(-c4csc(CN5CCN(C)CC5)c4)ccc23)c(Cl)cc1Cl,chembl,active
COc1cc(Nc2c(C#N)cnc3cc(-c4cc(CN5CCN(C)CC5)cs4)ccc23)c(Cl)cc1Cl,chembl,active
COc1cc2c(Nc3ccc(Cl)cc3Cl)c(C#N)cnc2cc1OCCCN1CCOCC1,chembl,active
Cc1cc(-c2c(F)ccc(O)c2F)cc2nnc(Nc3ccc(S(=O)(=O)CCCN4CCCC4)cc3)nc12,chembl,active
COc1cc(Nc2c(C#N)cnc3cc(-c4ccc(CN5CCN(C)CC5)cc4)ccc23)c(Cl)cc1Cl,chembl,active
Cc1n[nH]c2ccc(-c3cc(N[C@@H](CO)c4ccccc4)cnc3-c3cc(Cl)ccc3O)cc12,chembl,active
COc1cc(Nc2c(C#N)cnc3cc(-c4ccc(CN(C)C)cn4)ccc23)c(Cl)cc1Cl,chembl,active
COCCN1CCN(CCO/N=C2C(=C3/C(=O)Nc4cc(Br)ccc43)/Nc3ccccc3/2)CC1.Cl.Cl,chembl,active
COc1cc(Nc2c(C#N)cnc3cc(C#CCCN4CCN(C)CC4)c(OC)cc23)c(Cl)cc1Cl,chembl,active
CCCP(=O)(CCC)c1ccc(Nc2nc(C(C)C)nc3c2ncn3CC)cc1,chembl,active
Cc1ccc(NC(=O)c2cccc(C(F)(F)F)c2)cc1C#Cc1nn(C(C)C)c2ncnc(N)c12,chembl,active
COc1ccc(-c2nn(C3CCC(C)C3)c3ncnc(N)c23)cc1O,chembl,active
Cc1ccc(C(=O)Nc2ccc(CN3CCN(C)CC3)cc2)cc1C#Cc1nn(C(C)C)c2ncnc(N)c12,chembl,active
COc1cc(Nc2c(C#N)cnc3cc(OC)c(OC)cc23)c(C)cc1Cl,chembl,active
Cc1ccc(NC(=O)c2ccc(CN3CCN(C)CC3)cc2)cc1C#Cc1nn(C(C)C)c2ncnc(N)c12,chembl,active
COCC(=O)Nc1cc(Oc2ccc(NC(=O)Nc3cc(C(C)(C)C)nn3-c3ccc(C)cc3)c3ccccc23)ccn1,chembl,active
Cc1ccc(-n2nc(C(C)(C)C)cc2NC(=O)Nc2ccc(Oc3ccnc(Nc4ccc5c(c4)NC(=O)C5)n3)c3ccccc23)cc1,chembl,active
Cc1ccc(-n2nc(C(C)(C)C)cc2NC(=O)Nc2ccc(Oc3ccnc(Nc4ccc5c(c4)ncn5C)n3)c3ccccc23)cc1,chembl,active
NC(=O)CN1CCC(n2cc(-c3cccc(O)c3)c3c(N)ncnc32)C1,chembl,active
CC(C)n1nc(-c2ccc(Cl)c(O)c2)c2c(N)ncnc21,chembl,active
CC(=O)N[C@@H](Cc1ccc(C(F)(F)P(=O)(O)O)cc1)C(=O)N[C@H]1CCCCN(Cc2ccc(-c3ccccc3)cc2)C1=O,chembl,active
COc1ccc(-n2nc(C(C)C)cc2NC(=O)Nc2ccc(Oc3ccnc(Nc4cc(C)c5[nH]ncc5c4)n3)c3ccccc23)cc1,chembl,active
Cc1ccc(NC(=O)c2ccc(C(C)(C)C)s2)cc1Nc1nc2ccccc2n1-c1cc(N)ncn1,chembl,active
C=CC(=O)Nc1ccccc1Nc1nc(Nc2ccc(N3CCN(C)CC3)cc2)ncc1Cl,chembl,active
CN(CCOP(=O)(O)CP(=O)(O)O)CCc1ccc(-n2cc(-c3cccc(O)c3)c3c(N)ncnc32)cc1,chembl,active
COc1cc(Nc2c(C#N)cnc3cc(-c4ccc(CN5CCN(C)CC5)cn4)ccc23)c(Cl)cc1Cl,chembl,active
Cc1ccc(C(=O)Nc2ccc(CN3CCN(CCO)CC3)c(C(F)(F)F)c2)cc1C#Cc1nn(C(C)C)c2ncnc(N)c12,chembl,active
Cc1ccc(-n2nc(C(C)(C)C)cc2NC(=O)Nc2ccc(Oc3ccnc4[nH]c(=O)n(C)c34)c3ccccc23)cc1,chembl,active
Nc1ncnc2c1c(-c1cccc(O)c1)cn2C1CCC1,chembl,active
Cc1ccc(-n2nc(C(C)(C)C)cc2NC(=O)Nc2ccc(Oc3ccnc(Nc4cccc(C(=O)N5CCOCC5)c4)n3)c3ccccc23)cc1,chembl,active
Cn1c(=O)c(-c2c(Cl)cccc2Cl)cc2cnc(Nc3ccc(OCCCC(=O)O)cc3)nc21,chembl,active
COc1ccccc1N(C(=O)Oc1c(C)cccc1C)c1ccnc(Nc2ccc(N3CCN(C)CC3)cc2)n1,chembl,active
COc1ccc(N(C(=O)Oc2c(C)cccc2C)c2ccnc(Nc3ccc(OCCN(C)C)cc3)n2)c(OC)c1,chembl,active
CCCP(=O)(CCC)c1ccc(Nc2ncnc3c2ncn3/C=C/c2c(C)cccc2C)cc1,chembl,active
COc1ccc(N(C(=O)Oc2c(C)cccc2C)c2ccnc(Nc3ccc(OCCCN(C)C)cc3)n2)c(OC)c1,chembl,active
C=CC(=O)N1CCC[C@H](n2c(=O)n(-c3ccc(Oc4ccccc4)cc3)c3c(N)ncnc32)C1,chembl,active
CNC(=O)c1ccc(Nc2ncc3c(n2)CCN(c2cc(NC(=O)c4cccc(C(F)(F)F)c4)ccc2C)C3)cn1,chembl,active
C=CC(=O)Nc1ccccc1Nc1nc(Nc2ccc(N3CCN(C)CC3)c(C)c2)ncc1C(=O)Nc1c(C)cccc1Cl,chembl,active
CNC(=O)c1ncc(C#Cc2cc(C(=O)Nc3ccc(CN4CCN(CCO)CC4)c(C(F)(F)F)c3)ccc2C)n1C,chembl,active
CN1CCC(Oc2cc(OCCF)cc3ncnc(Nc4c(Cl)ccc5c4OCO5)c23)CC1,chembl,active
Cc1cc(-c2cc(O)ccc2Br)cc2nnc(Nc3ccc(S(=O)(=O)NCCN4CCCC4)cc3)nc12,chembl,active
COc1cc(Nc2c(C#N)cnc3cc(C#CCCN4CCOCC4)c(OC)cc23)c(Cl)cc1Cl,chembl,active
CCOc1cc2c(Nc3cc(OC)c(Cl)cc3Cl)c(C#N)cnc2cc1C#CCCN1CCN(C)CC1,chembl,active
N#CN1CCC[C@@H](n2nc(-c3ccc(Oc4ccccc4)cc3)c(C(N)=O)c2N)C1,chembl,active
Cc1cc2nc(Nc3ccc(OCCN4CCCC4)cc3)nnc2cc1-c1cc(O)ccc1Cl,chembl,active
COc1cc(Nc2c(C#N)cnc3cc(C#Cc4cccc(CN5CCN(C)CC5)n4)c(OC)cc23)c(Cl)cc1Cl,chembl,active
Cc1cc(-c2cc(O)ccc2Cl)cc2nnc(Nc3cccc(S(=O)(=O)NCCN(C)C)c3)nc12,chembl,active
COc1cc(Nc2c(C#N)cnc3cc(/C=C/c4cc[n+]([O-])cc4)ccc23)c(Cl)cc1Cl,chembl,active
COc1cc(Nc2c(C#N)cnc3cc(/C=C/c4ccncc4)c(OC)cc23)c(Cl)cc1Cl,chembl,active
COc1cc(Nc2c(C#N)cnc3cc(-c4cc(CN5CCCCC5)cs4)ccc23)c(Cl)cc1Cl,chembl,active
CCN(CC)CCN(C)Cc1ccc(Nc2nnc3cc(-c4cc(O)ccc4Cl)cc(C)c3n2)cc1,chembl,active
Nc1c(C(=O)c2cc3ccccc3o2)cnn1-c1cc(O)ccc1Cl,chembl,active
COc1cc(Nc2c(C#N)cnc3cc(OC)c(OC)cc23)c(Cl)cc1Cl,chembl,active
COc1cc2ncc(C#N)c(Nc3ccc(Cl)cc3Cl)c2cc1OC,chembl,active
Cc1cc(-c2cc(O)ccc2Cl)cc2nnc(Nc3ccc(SCCN4CCCC4)cc3)nc12,chembl,active
Cc1ccc(-c2nn(C(C)C)c3ncnc(N)c23)cc1O,chembl,active
COc1cc(Nc2c(C#N)cnc3cc(C#Cc4cccc(CCN5CCN(C)CC5)n4)c(OC)cc23)c(Cl)cc1Cl,chembl,active
COc1cc(Nc2c(C#N)cnc3cc(-c4cc(CN5CCSCC5)cs4)ccc23)c(Cl)cc1Cl,chembl,active
COc1cc(Nc2c(C#N)cnc3cc(C#Cc4cccc(CN(C)C)n4)c(OC)cc23)c(Cl)cc1Cl,chembl,active
Cc1ccc(C(=O)Nc2ccc(CN3CCN(C)CC3)c(C(F)(F)F)c2)cc1C#Cc1c(N)ncc2ccc(Cl)cc12,chembl,active
Cc1cccc(C)c1-c1cc(C)c2nc(Nc3ccc(C(=O)NCCN(C)C)cc3)nnc2c1,chembl,active
COc1cc(Nc2c(C#N)cnc3cc(OC)c(OC)cc23)c(C)cc1C,chembl,active
COc1cc(Nc2c(C#N)cnc3cc(-c4ccc(CN5CCN(CCO)CC5)cc4)ccc23)c(Cl)cc1Cl,chembl,active
COc1ccc(Cl)c(Nc2c(C#N)cnc3cc(/C=C/c4ccncc4)c(OC)cc23)c1,chembl,active
COCCOc1cc2ncc(C#N)c(Nc3ccc(Cl)cc3Cl)c2cc1OC,chembl,active
Cc1cc(-c2cc(O)ccc2Cl)cc2nnc(Nc3ccc(S(=O)(=O)N(CCN4CCCC4)C(C)C)cc3)nc12,chembl,active
Cc1cc(-c2cc(O)ccc2Cl)cc2nnc(Nc3cccc(C(=O)NCCN(C)C)c3)nc12,chembl,active
COc1ccc(Cn2ncc(NC(=O)c3cc(NC(=O)Nc4ccc(Cl)c(C(F)(F)F)c4)ccc3C)c2N)cc1,chembl,active
COc1cc(Nc2c(C#N)cnc3cc(/C=C/CCN4CCOCC4)c(OC)cc23)c(Cl)cc1Cl,chembl,active
O=C1Nc2cc(Br)ccc2/C1=C1Nc2ccccc2C/1=N\OCCN1CCCC1,chembl,active
COc1cc(Nc2c(C#N)cnc3cc(C#Cc4ccc(CN(C)C)cn4)c(OC)cc23)c(Cl)cc1Cl,chembl,active
COc1cc(Nc2c(C#N)cnc3cc(C#CCCN(C)C)c(OC)cc23)c(Cl)cc1Cl,chembl,active
COc1ccc(-n2nc(C(C)(C)C)cc2NC(=O)Nc2ccc(Oc3ccnc4[nH]c(=O)n(C)c34)c(Cl)c2Cl)cc1,chembl,active
Cc1ccc(-n2nc(C(C)(C)C)cc2NC(=O)Nc2ccc(Oc3ccnc(Nc4cccc(C(N)=O)c4)n3)c3ccccc23)cc1,chembl,active
CC(C)Oc1cc(OCCN2CCOCC2)cc2ncnc(Nc3c(Cl)ccc4c3OCO4)c12,chembl,active
COc1cc2c(Nc3c(Cl)ccc4c3OCO4)ncnc2cc1OCC1CCN(C)CC1,chembl,active
COc1cc2c(Nc3c(Cl)ccc4c3OCO4)ncnc2cc1OCCCN1CCCC1,chembl,active
COc1cc(Nc2nn3c(N[C@H](CO)Cc4cccnc4)cc(C4CC4)nc3c2C(N)=O)cc(OC)c1,chembl,active
COc1cc(Nc2nn3c(N[C@H](CO)Cc4c[nH]c5ccccc45)cc(C4CC4)nc3c2C(N)=O)cc(OC)c1,chembl,active
COc1ccc(N(C(=O)Oc2c(C)cccc2C)c2ccnc(Nc3ccc(OCCCN4CCN(C)CC4)c(F)c3)n2)c(OC)c1,chembl,active
Cc1cc(-c2cc(O)ccc2Cl)cc2nnc(Nc3ccc(S(=O)(=O)CCCN4CCCC4)cc3)nc12,chembl,active
COc1ccc(Cl)c(Nc2ncnc3cc(OCCCN4CCOCC4)cc(OC4CCOCC4)c23)n1,chembl,active
COc1cnc(Cl)c(Nc2ncnc3cc(OCCCN4CCOCC4)cc(OC(C)C)c23)c1,chembl,active
Cc1ccc(NC(=O)c2cccc(C(F)(F)F)c2)cc1N1CCc2nc(Nc3ccc(C(=O)N4CCN(C)CC4)nc3)ncc2C1,chembl,active
CCn1nc(C#Cc2cccc(C(=O)Nc3ccc(CN4CCN(C)CC4)c(C(F)(F)F)c3)c2)c2c(N)ncnc21,chembl,active
Cc1nc(Nc2cc(-n3c(Nc4c(C)cccc4Cl)nc4ccccc43)ncn2)cc(N2CCN(CCO)CC2)n1,chembl,active
CCOC(=O)C[C@@H]1C[C@H](n2cc(-c3ccc(O)cc3)c3c(N)ncnc32)CN1,chembl,active
CC1(C)CC(NC(=O)c2cccc(-c3cc4nccc(Nc5cccc(O)c5)n4n3)c2)CC(C)(C)N1[O],chembl,active
COc1ccc(Cl)c(Nc2ncnc3cc(OCC4CCN(C)CC4)c(OC)cc23)c1,chembl,active
COc1ccc(-n2nc(C(C)(C)C)cc2NC(=O)Nc2ccc(Oc3ccnc(Nc4cc(C)c5[nH]ncc5c4)n3)c3ccccc23)cc1,chembl,active
C#Cc1cc(Nc2nccc(Oc3ccc(NC(=O)Nc4cc(C(C)(C)C)nn4C)c4ccccc34)n2)cc(C(=O)NCCN2CCOCC2)c1,chembl,active
CC(C)(C)c1cc(NC(=O)Nc2ccc(Oc3ccnc4[nH]c(=O)cnc34)c3ccccc23)n(-c2ccccc2)n1,chembl,active
Cc1ccc(-c2nn(C(C)(C)C)c3ncnc(N)c23)cc1,chembl,active
COCCOCCOCCOc1cc(Nc2nccc(Oc3ccc(NC(=O)Nc4cc(C(C)(C)C)nn4C)c4ccccc34)n2)cc(OC)c1,chembl,active
CCOC(=O)C[C@H]1C[C@@H](n2cc(-c3ccc(O)cc3)c3c(N)ncnc32)CN1,chembl,active
CC(C)(C)OC(=O)N1CCC(n2cc(-c3cccc(O)c3)c3c(N)ncnc32)C1,chembl,active
C=CC(=O)Nc1ccccc1Nc1nc(Nc2ccc(N3CCN(C)CC3)cc2)ncc1-c1ccc(Oc2ccccc2)cc1,chembl,active
C=CC(=O)Nc1ccccc1Nc1nc(Nc2ccc(N3CCN(C)CC3)cc2)ncc1OCc1ccc(C)cc1,chembl,active
Nc1ncnc2c1c(-c1cc(O)cc(F)c1)nn2C1CCCC1,chembl,active
COC(C(=O)N1Cc2[nH]nc(NC(=O)c3ccc(N4CCN(C)CC4)cc3)c2C1)c1ccccc1,chembl,active
C=CC(=O)Nc1ccccc1Nc1nc(Nc2ccccc2N2CCN(C)CC2)ncc1C(=O)Nc1c(C)cccc1Cl,chembl,active
COc1cc2c(Nc3cc(OC)c(OC)c(OC)c3)c(C#N)cnc2cc1OCCCN1CCN(C)CC1,chembl,active
COc1cc(Nc2c(C#N)cnc3cc(-c4ccc(CN5CCSCC5)cn4)ccc23)c(Cl)cc1Cl,chembl,active
COc1cc2c(Nc3cc(OC)c(OC)c(OC)c3)c(C#N)cnc2cc1OCCCN1CCC(O)CC1,chembl,active
C[C@H]1CNC(=O)c2cnn3ccc(nc23)N[C@H](C)c2cc(F)ccc2O1,chembl,active
Cc1cc(-c2cc(O)ccc2Cl)cc2nnc(Nc3ccc(S(=O)(=O)C4CCNCC4)cc3)nc12,chembl,active
Cc1cc(-c2cccc(O)c2F)cc2nnc(Nc3ccc(S(=O)(=O)NCCN4CCCC4)cc3)nc12,chembl,active
COc1cc(Nc2c(C#N)cnc3cc(C#Cc4ccc(CN(C)C)cc4)c(OC)cc23)c(Cl)cc1Cl,chembl,active
COc1cc(Nc2c(C#N)cnc3cc(C#Cc4cccc(CCN(C)C)n4)c(OC)cc23)c(Cl)cc1Cl,chembl,active
C[C@H]1Oc2cc(cnc2N)Cc2c(nn(C)c2C#N)CN(C)C(=O)c2ccc(F)cc21,chembl,active
COc1cc(Nc2c(C#N)cnc3cc(/C=C/CCCN4CCOCC4)c(OC)cc23)c(Cl)cc1Cl,chembl,active
COc1cc(Nc2c(C#N)cnc3cc(C#CCCN4CCNCC4)c(OC)cc23)c(Cl)cc1Cl,chembl,active
COc1cc2c(Nc3cc(OC)c(OC)c(OC)c3)c(C#N)cnc2cc1OCCCN1CCCCC1,chembl,active
Cc1cccc(Cl)c1/C=C/n1cnc2c(Nc3ccc(P(C)(C)=O)cc3)ncnc21,chembl,active
Cc1cc(NC(=O)c2c(C#CC(C)(C)O)n(C3(C)CC3)c3ncnc(N)c23)n[nH]1,chembl,active
Cc1cccc(C)c1-c1cc(C)c2nc(Nc3ccnc(OCCN4CCCC4)c3)nnc2c1,chembl,active
Cn1c(=O)c(-c2c(Cl)cccc2Cl)cc2cnc(Nc3cccc(CO)c3)nc21,chembl,active
Cc1cc(-c2cc(O)ccc2Cl)cc2nnc(Nc3nc(C(=O)NCCN4CCCC4)cs3)nc12,chembl,active
COc1cc(Nc2c(C#N)cnc3cc(-c4cc(CN5CCOCC5)cs4)ccc23)c(Cl)cc1Cl,chembl,active
Cc1cc(Nc2ncc3cc(-c4cccc(NC(=O)c5ccccc5)c4C)c(=O)n(C[C@H]4CCCO4)c3n2)ccc1N1CCN(C)CC1,chembl,active
Cc1n[nH]c2ccc(-c3cc(N[C@@H](CO)c4ccccc4)cnc3-c3cc(F)ccc3O)cc12,chembl,active
Clc1ccc2c(c1Nc1ncnc3cc(OCCN4CCCC4)cc(OC4CCOCC4)c13)OCO2,chembl,active
COc1ccc(N(C(=O)Oc2c(C)cccc2C)c2ccnc(Nc3ccc(N4CCN(C)CC4)cc3)n2)c(OC)c1,chembl,active
CN1CCC(COc2cc(OC3CCOCC3)c3c(Nc4c(Cl)ccc5c4OCO5)ncnc3c2)CC1,chembl,active
Clc1ccc(CNc2ncnc3c2cnn3CC(Cl)c2ccc(Br)cc2)cc1,chembl,active
C=CC(=O)Nc1ccccc1Nc1nc(Nc2ccc(N3CCN(C)CC3)cc2)ncc1-c1ccc(C(C)=O)cc1,chembl,active
COc1ccc(N(C(=O)Oc2c(C)cccc2C)c2ccnc(Nc3ccc(OCCN4CCN(C)CC4)cc3)n2)c(OC)c1,chembl,active
Nc1ncnc2c1c(-c1cccc(O)c1)cn2C1CCNC1,chembl,active
COc1cc(-n2nc(C(C)(C)C)cc2NC(=O)Nc2ccc(Oc3ccnc4[nH]c(=O)cnc34)c3ccccc23)ccc1CO,chembl,active
Cc1n[nH]c2ccc(-c3cc(N[C@@H](CO)c4ccccc4)cnc3-c3ccc(F)cc3O)cc12,chembl,active
CC(C)(C)c1cc(NC(=O)Nc2ccc(Oc3ccnc4[nH]c(=O)cnc34)c3ccccc23)n(-c2ccc(Cl)c(Cl)c2)n1,chembl,active
COc1ccc(Cl)c(Nc2ncnc3cc(OCCCN4CCCC4)cc(OC(C)C)c23)n1,chembl,active
Cc1ccc(-n2nc(C(C)(C)C)cc2NC(=O)Nc2ccc(Oc3ccnc(Nc4ccc5ncn(C)c5c4)n3)c3ccccc23)cc1,chembl,active
C=CC(=O)Nc1ccccc1Nc1nc(Nc2ccc(N3CCN(C)CC3)cc2)ncc1OCc1ccc(Oc2ccccc2)cc1,chembl,active
COc1cccc(-c2cn(C3CCN(CCN(C)CCO)CC3)c3ncnc(N)c23)c1,chembl,active
Cc1ccc(NC(=O)c2cc(C(F)(F)F)ccn2)cc1N1CCc2nc(Nc3ccc(N4CCN(C)CC4)cc3)ncc2C1,chembl,active
CC(C)(C)c1cc(NC(=O)Nc2ccc(Oc3ccnc4[nH]c(=O)cnc34)c3ccccc23)n(-c2ccc(S(C)(=O)=O)cc2)n1,chembl,active
C=CC(=O)Nc1ccccc1Nc1nc(Nc2ccc(N3CCN(C)CC3)cc2)ncc1-c1ccc(OC)nc1,chembl,active
Cc1cccc(C)c1-c1cc(C)c2nc(Nc3cccc(OCCN4CCCC4)c3)nnc2c1,chembl,active
Cc1ccc(NC(=O)c2cccc(C(F)(F)F)c2)cc1N1CCc2nc(Nc3ccc(C(=O)N4CCCC4)cc3)ncc2C1,chembl,active
Cc1ccc(-n2nc(C(C)(C)C)cc2NC(=O)Nc2ccc(Oc3ccnc(Nc4cccc(C(=O)N(C)C)c4)n3)c3ccccc23)cc1,chembl,active
COc1cc2ncc(C#N)c(Nc3ccc(Cl)cc3I)c2cc1OC,chembl,active
COc1ccc(-c2nn(C3CCCC3)c3ncnc(N)c23)cc1O,chembl,active
COc1cc(Nc2ncc(F)c(Nc3ccc4c(n3)NC(=O)C(C)(C)O4)n2)cc(OC)c1OC,chembl,active
O=C(Cc1ccc(-c2ccc(OCCN3CCOCC3)cc2)cn1)NCc1ccccc1,chembl,active
Cc1cccc(C)c1-c1cc(C)c2nc(Nc3ccc(OCCN4CCCC4)cc3)nnc2c1,chembl,active
Cc1cc(-c2cc(O)ccc2Cl)cc2nnc(Nc3cccnc3)nc12,chembl,active
OC[C@H](Nc1cnc(-c2cc(Cl)ccc2O)c(-c2ccc3cnccc3c2)c1)c1ccccc1,chembl,active
Cc1nc(Nc2ncc(C(=O)Nc3c(C)noc3C)s2)cc(N2CCN(CCO)CC2)n1,chembl,active
CCCP(=O)(CCC)c1ccc(Nc2nc(C(C)C)nc3c2ncn3/C=C\c2c(C)cccc2C)cc1,chembl,active
Cc1cc(-c2cc(O)ccc2Cl)cc2nnc(Nc3ccc(S(=O)(=O)N4CCNCC4)cc3)nc12,chembl,active
COc1cc2c(Nc3ccc(Cl)cc3Cl)c(C#N)cnc2cc1OCC1CCN(C)CC1,chembl,active
COc1cc(Cl)c(Cl)c(Nc2c(C#N)cnc3cc(/C=C/c4ncc[nH]4)ccc23)c1,chembl,active
Cc1cc(-c2cc(O)ccc2Cl)cc2nnc(Nc3ccc(S(=O)(=O)N(C)CCN4CCOCC4)cc3)nc12,chembl,active
Cc1ccc(F)cc1-c1cc2nnc(Nc3ccc(OCCN4CCCC4)cc3)nc2cc1C,chembl,active
Cc1cc(-c2cc(O)ccc2Cl)cc2nnc(Nc3ccc(N4CCOCC4)nc3)nc12,chembl,active
C#CCO[C@@H]1[C@H](C)[C@@H](COS(=O)(=O)C=C)O[C@H]1n1nc(-c2ccc(C)cc2)c2c(N)ncnc21,chembl,active
CC(=O)Nc1cc(-c2c(C)cccc2C)cc2nnc(Nc3ccc(OCCN4CCCC4)cc3)nc12,chembl,active
COc1cc(Nc2c(C#N)cnc3cc(/C=C/c4cc(CN(C)C)ccn4)c(OC)cc23)c(Cl)cc1Cl,chembl,active
Cc1cc(Nc2ncc3cc(-c4cccc(NC(=O)c5ccccc5)c4)c(=O)n(C[C@H]4CCCO4)c3n2)ccc1N1CCN(C)CC1,chembl,active
CC(C)n1nc(-c2ccc(F)c(O)c2)c2c(N)ncnc21,chembl,active
Cc1ccc(-n2nc(C(C)(C)C)cc2NC(=O)Nc2ccc(Oc3ccnc(Nc4cccc(C(=O)NCCN(C)C)c4)n3)c3ccccc23)cc1,chembl,active
Nc1ncnc2c1c(-c1ccc(Cl)c(O)c1)nn2[C@@H]1CCOC1,chembl,active
Cc1ccc(-n2nc(C(C)(C)C)cc2NC(=O)Nc2ccc(Oc3ccnc(Nc4ccc5c(c4)CC(=O)N5)n3)c3ccccc23)cc1,chembl,active
COc1ccc(N(C(=O)Oc2c(C)cccc2C)c2ccnc(Nc3ccc(OCCN4CCCCC4)cc3)n2)c(OC)c1,chembl,active
COc1ccc(-n2nc(C(C)(C)C)cc2NC(=O)Nc2ccc(Oc3ccnc4[nH]c(=O)n(C)c34)c3ccccc23)cc1,chembl,active
COc1ccc(Cl)c(Nc2ncnc3cc(OCCN4CCN(C)CC4)cc(OC(C)C)c23)n1,chembl,active
C=CS(=O)(=O)Nc1ccccc1Nc1nc(Nc2ccc(N3CCN(C)CC3)cc2)ncc1C(=O)Nc1c(C)cccc1Cl,chembl,active
COC(=O)c1cc(C[C@@H](NC(C)=O)C(=O)N[C@H]2CCCCN(Cc3ccc(-c4ccccc4)cc3)C2=O)ccc1C(C(=O)O)C(=O)O,chembl,active
Cc1ccc(NC(=O)c2cccc(C(F)(F)F)c2)cc1N1CCc2nc(Nc3cccc(CN4CCN(C)CC4)c3)ncc2C1,chembl,active
Oc1cccc(Nc2nc(SC3CCCC3)nc3c2cnn3CC(Cl)c2ccccc2)c1,chembl,active
Cc1ccc(C(=O)Nc2ccc(CN3CCN(C)CC3)c(C(F)(F)F)c2)cc1C#Cc1nn([C@@H]2CCOC2)c2ncnc(N)c12,chembl,active
Cc1ccc(C(=O)Nc2ccc(CN3CCN(C)CC3)c(C(F)(F)F)c2)cc1C#Cc1nn([C@H]2CCOC2)c2ncnc(N)c12,chembl,active
Cc1ccc(C(=O)Nc2ccc(CN3CCN(C)CC3)c(C(F)(F)F)c2)cc1C#Cc1nn(C)c2ncnc(N)c12,chembl,active
Cc1ccc(-n2nc(C(C)(C)C)cc2NC(=O)Nc2ccc(Oc3ccnc4[nH]c(=O)[nH]c34)c3ccccc23)cc1,chembl,active
COc1cnc(Cl)c(Nc2ncnc3cc(OCCCN4CCOCC4)cc(OC4CCOCC4)c23)c1,chembl,active
COc1ccc(-n2nc(C(C)(C)C)cc2NC(=O)Nc2ccc(Oc3ccnc4[nH]c(=O)[nH]c34)c3ccccc23)cc1,chembl,active
Cc1nc2c(Oc3ccc(NC(=O)Nc4cc(C(C)(C)C)nn4-c4ccccc4)c4ccccc34)ccnc2[nH]c1=O,chembl,active
Cc1ccc(NC(=O)c2ccc(CN3CCN(C)CC3)c(C(F)(F)F)c2)cc1C#Cc1nn(C(C)C)c2ncnc(N)c12,chembl,active
CSc1ccc(-n2nc(C(C)(C)C)cc2NC(=O)Nc2ccc(Oc3ccnc4[nH]c(=O)cnc34)c3ccccc23)cc1,chembl,active
Cc1ccc(-n2nc(C(C)(C)C)cc2NC(=O)Nc2ccc(Oc3ccnc4[nH]c(=O)c(C)nc34)c3ccccc23)cc1,chembl,active
COc1cc(Nc2c(C#N)cnc3cc(-c4ccc(CN5CCOCC5)nc4)ccc23)c(Cl)cc1Cl,chembl,active
CCN1CCN(Cc2ccc(-c3cc4ncc(C#N)c(Nc5cc(OC)c(Cl)cc5Cl)c4cc3OC)cc2)CC1,chembl,active
CC(C)COc1cc(OC2CCN(C)CC2)c2c(Nc3c(Cl)ccc4c3OCO4)ncnc2c1,chembl,active
CC(C)(C)c1cc(NC(=O)Nc2ccc(Oc3ccnc4[nH]c(=O)cnc34)c(Cl)c2Cl)n(-c2ccc(CO)cc2)n1,chembl,active
COc1cc(Nc2c(C#N)cnc3cc(-c4csc(CN5CCN(C)CC5)c4)sc23)c(Cl)cc1Cl,chembl,active
COc1cc(Nc2c(C#N)cnc3cc(-c4ccc(CN5CCNCC5)cc4)sc23)c(Cl)cc1Cl,chembl,active
Cc1cc(-c2c(Cl)cccc2Cl)cc2nnc(Nc3ccc(OCC[N+]4([O-])CCCC4)cc3)nc12,chembl,active
Cc1cc(NC(=O)c2c(C#Cc3cccnc3)n(C3(C)CC3)c3ncnc(N)c23)n[nH]1,chembl,active
COc1cc(Nc2c(C#N)cnc3cc(-c4ccc(CN5CCN(CCO)CC5)cc4)sc23)c(Cl)cc1Cl,chembl,active
COc1cc(Nc2c(C#N)cnc3cc(-c4ccc(CN5CCN(C)CC5)o4)ccc23)c(Cl)cc1Cl,chembl,active
COCCNCCOc1cccc(-n2cc(-c3cccc(O)c3)c3c(N)ncnc32)c1,chembl,active
COc1ccc(-n2nc(C(C)(C)C)cc2NC(=O)Nc2ccc(Oc3ccnc(Nc4cccc(N=S(C)(C)=O)c4)n3)c3ccccc23)cn1,chembl,active
Cc1ccc(Cl)cc1-c1cc2nnc(Nc3ccc(C(=O)N4CCN(C)CC4)cc3)nc2cc1C,chembl,active
CC(C)(C)OC(=O)N1CCC(n2cc(-c3ccc(O)cc3)c3c(N)ncnc32)C1,chembl,active
CC(C)(C)c1cc(NC(=O)Nc2ccc(Oc3ccnc4[nH]c(=O)cnc34)c3ccccc23)n(-c2ccc(CO)nc2)n1,chembl,active
COCn1nc(C#Cc2cc(C(=O)Nc3ccc(CN4CCN(C)CC4)c(C(F)(F)F)c3)ccc2C)c2c(N)ncnc21,chembl,active
COc1cc(C(=O)NCCO)ccc1Nc1nccc(Oc2ccc(NC(=O)Nc3cc(C(C)C)nn3-c3ccc(C)cc3)c3ccccc23)n1,chembl,active
O=C1Nc2ccccc2/C1=C/c1c[nH]nc1-c1ccccc1[N+](=O)[O-],chembl,active
C=CC(=O)Nc1ccccc1Nc1nc(Nc2ccc(N3CCN(C)CC3)cc2)ncc1C(=O)Nc1c(C)cc(C)cc1Cl,chembl,active
CNC(=O)C=Cc1cnc(N)c2c(-c3ccc4c(c3)OCO4)csc12,chembl,active
Cc1cccc(Cl)c1NC(=O)c1cnc(Nc2ccc(N3CCN(C)CC3)cc2)nc1Nc1ccccc1NC(=O)CCl,chembl,active
COc1cnc(Cl)c(Nc2ncnc3cc(OCCN4CCN(C(C)=O)CC4)cc(OC(C)C)c23)n1,chembl,active
COc1ccc(NC(=O)Nc2ccc(-c3csc4c(-c5cnn(CCO)c5)cnc(N)c34)cc2)cc1,chembl,active
Cc1cc(N2CCOCC2)cc2[nH]c(-c3c(NCC(O)c4cccc(Cl)c4)cc[nH]c3=O)nc12,chembl,active
CCN1CCN(c2ccc(Nc3nccc(-c4c(-c5cccc(C(=O)Nc6ccccc6F)c5)nc5ccccn45)n3)cc2)CC1,chembl,active
Nc1ncnc2c1c(-c1ccc3[nH]ccc3c1)nn2C1CCCC1,chembl,active
C#Cc1cc(Nc2nccc(Oc3ccc(NC(=O)Nc4cc(C(C)C)nn4C)c4ccccc34)n2)cc(C(=O)NCCN2CCOCC2)c1,chembl,active
Cc1ccc(-n2nc(C(C)C)cc2NC(=O)Nc2ccc(Oc3ccnc4[nH]c(=O)cnc34)c3ccccc23)cc1,chembl,active
COc1ccc(-n2nc(C(C)(C)C)cc2NC(=O)Nc2ccc(Oc3ccnc(Nc4ccc5[nH]ncc5c4)n3)c3ccccc23)cc1,chembl,active
COc1cc(Nc2nn3c(N[C@@H](CO)C(C)C)cc(C4CC4)nc3c2C(N)=O)cc(OC)c1,chembl,active
Cn1c(=O)c(-c2c(Cl)cccc2Cl)cc2cnc(Nc3ccc(N4CCOCC4)cc3)nc21,chembl,active
CCN1CCN(Cc2ccc(-c3cc4ncc(C#N)c(Nc5cc(OC)c(Cl)cc5Cl)c4s3)cc2)CC1,chembl,active
Cc1cccc(C)c1/C=C/n1cnc2c(Nc3ccc(P(C)(C)=O)cc3)ncnc21,chembl,active
COc1cc(Nc2c(C#N)cnc3cc(/C=C/c4cccnc4)c(OC)cc23)c(Cl)cc1Cl,chembl,active
Cc1cc(NC(=O)c2c(C#CCN3CCOCC3)n(C3(C)CC3)c3ncnc(N)c23)n[nH]1,chembl,active
COc1cc2c(Nc3cc(OC)c(OC)c(OC)c3)c(C#N)cnc2cc1OCC1CCN(C)CC1,chembl,active
Cc1cc(NC(=O)c2cn(C(C)(C)C3CC3)c3ncnc(N)c23)n[nH]1,chembl,active
Cc1cc(NC(=O)c2c(C#CCC3(O)CCC3)n(C3(C)CC3)c3ncnc(N)c23)[nH]n1,chembl,active
Cc1cc2nc(Nc3ccc(S(=O)(=O)NCCN4CCCC4)cc3)nnc2cc1-c1cc(O)ccc1F,chembl,active
COc1cc2c(Nc3ccc(Cl)cc3Cl)c(C#N)cnc2cc1C#CCCN1CCN(C)CC1,chembl,active
COc1cc(Nc2c(C#N)cnc3cc(/C=C/CN4CCOCC4)c(OC)cc23)c(Cl)cc1Cl,chembl,active
CCCCP(=O)(CCCC)c1ccc(Nc2nc(C(C)C)nc3c2ncn3CC)cc1,chembl,active
Cc1cc(NC(=O)c2cn(C3(C)CC3)c3ncnc(N)c23)n[nH]1,chembl,active
COc1cc2c(Nc3ccc(Cl)cc3Cl)c(C#N)cnc2cc1OCCCN1CCN(C)CC1,chembl,active
COc1cc(Nc2c(C#N)cnc3cc(-c4ccc(CCN(C)C)cc4)sc23)c(Cl)cc1Cl,chembl,active
CCN(CC)CCOc1ccc(Nc2ncc3cc(-c4c(Cl)cccc4Cl)c(=O)n(C)c3n2)cc1,chembl,active
C=CC(=O)Nc1ccccc1Nc1nc(Nc2ccc(N3CCN(C)CC3)cc2)ncc1C(=O)Nc1c(C)cc(Cl)cc1Cl,chembl,active
CN1CCN([C@H]2CC[C@H](n3cc(-c4ccc(Oc5ccccc5)cc4)c4c(N)ncnc43)CC2)CC1,chembl,active
Cc1cccc(C)c1-c1cc(C)c2nc(Nc3ccc(S(=O)(=O)NCCN4CCCC4)cc3)nnc2c1,chembl,active
COc1cc(Nc2c(C#N)cnc3cc4c(cc23)ncn4CCN2CCOCC2)c(Br)cc1Cl,chembl,active
COc1cc(Nc2nn3c(N4CCC[C@@H]4CO)cc(C4CC4)nc3c2C(N)=O)cc(OC)c1,chembl,active
Cc1ccc(C(=O)Nc2ccc(CN3CCN(C)CC3)c(C(F)(F)F)c2)cc1C#Cc1nn(C2CCC2)c2ncnc(N)c12,chembl,active
COc1cc(Nc2c(C#N)cnc3cc(C#Cc4ccc(CN5CCN(C)CC5)cn4)c(OC)cc23)c(Cl)cc1Cl,chembl,active
CNC(=O)c1cccc(Nc2nccc(Oc3ccc(NC(=O)Nc4cc(C(C)(C)C)nn4-c4ccc(C)cc4)c4ccccc34)n2)c1,chembl,active
Cc1ccc(-n2nc(C(C)(C)C)cc2NC(=O)Nc2ccc(Oc3ccnc4[nH]c(=O)cnc34)c3ccccc23)cc1,chembl,active
Cc1cccc(C)c1-c1cc(C)c2nc(Nc3ccc(C(=O)N4CCN(C)CC4)cc3)nnc2c1,chembl,active
CCn1c(=O)[nH]c2nccc(Oc3ccc(NC(=O)Nc4cc(C(C)(C)C)nn4-c4ccc(OC)cc4)c4ccccc34)c21,chembl,active
COc1cc(Nc2c(C#N)cnc3cc(OCC4CCCN(C)C4)c(OC)cc23)c(Cl)cc1Cl,chembl,active
CC[C@H](C)[C@H](NC(=O)[C@H](CCC(=O)O)NC(=O)[C@H](CCC(=O)O)NC(=O)[C@H](Cc1ccc(OP(=O)(O)O)cc1)NC(C)=O)C(=O)O,chembl,active
CCP(=O)(CC)c1ccc(-n2nc(C(C)(C)C)cc2NC(=O)Nc2ccc(Oc3ccnc(Nc4ccccc4)n3)c3ccccc23)cc1,chembl,active
Cc1cccc(C)c1-c1cc(C)c2nc(Nc3ccc(NS(=O)(=O)CCN4CCCC4)cc3)nnc2c1,chembl,active
COc1cc(Nc2c(C#N)cnc3cc(-c4ccc(CN(C)C)cc4)sc23)c(Cl)cc1Cl,chembl,active
COc1cc2c(Nc3nc4ccccc4s3)c(C#N)cnc2cc1OCCN1CCN(C)CC1,chembl,active
CCN(CCOc1ccc(Nc2ncc3cc(-c4c(Cl)cccc4Cl)c(=O)n(C)c3n2)cc1)C(C)=O,chembl,active
Cn1c(=O)c(-c2c(Cl)cccc2Cl)cc2cnc(Nc3ccc(CCO)cc3)nc21,chembl,active
Cc1cc(-c2c(Cl)cccc2Cl)cc2nnc(Nc3ccc(OCCN4CCCC4)cc3)nc12,chembl,active
COc1cc(Nc2c(C#N)cnc3cc(OCCCn4nccn4)c(OC)cc23)c(Cl)cc1Cl,chembl,active
CC(C)(C)n1cc(C(=O)Nc2cc(Br)[nH]n2)c2c(N)ncnc21,chembl,active
CCN(CC)CCOc1ccc(Nc2nnc3cc(-c4c(C)cccc4C)cc(C)c3n2)cc1,chembl,active
COc1cc(Oc2ccncc2)c2c(Nc3c(Cl)ccc4c3OCO4)ncnc2c1,chembl,active
COC(=O)c1cc2cc(NCc3c(Cl)cccc3Cl)cnc2[nH]1,chembl,active
Nc1ncnc2c1c(-c1ccc(Br)c(O)c1)nn2C1CCC1,chembl,active
Cl.O=C1Nc2ccc(F)cc2/C1=C1Nc2ccccc2C/1=N\OCCN1CCNCC1,chembl,active
Cc1cccc(C)c1-c1cc(N)c2nc(Nc3ccc(OCCN4CCCC4)cc3)nnc2c1,chembl,active
COCCOc1cc2c(cc1OC)Nc1ncnc(Nc3cc(OC)c(Cl)cc3Cl)c1C2,chembl,active
COc1cc(Nc2c(C#N)cnc3cc(/C=C/c4ccncc4)ccc23)c(Cl)cc1Cl,chembl,active
COCCOCCOCCOc1cc(Nc2cc(Oc3ccc(NC(=O)Nc4cc(C(C)(C)C)nn4C)c4ccccc34)ccn2)cc(OC)c1,chembl,active
CNS(=O)(=O)c1ccc2c(c1)/C(=C/c1[nH]c3c(c1CN1CCOCC1)CCCC3)C(=O)N2,chembl,active
COc1cc2ncc(C#N)c(Nc3ccc(Cl)cc3Br)c2cc1OC,chembl,active
Cc1ccc(NC(=O)c2cccc(C(F)(F)F)c2)cc1N1CCc2nc(Nc3ccc(N4CCN(C)CC4)cc3)ncc2C1=O,chembl,active
COc1cc2nc(Nc3ccc(S(=O)(=O)NCCN4CCCC4)cc3)nnc2cc1-c1ccccc1C,chembl,active
Cc1cccc(Cl)c1NC(=O)c1cnc(NC(=O)C2CC2)s1,chembl,active
Cc1cc(Nc2nccc(Oc3ccc(NC(=O)Nc4cc(C(C)C)nn4-c4cccc(CP(C)(C)=O)c4)c4ccccc34)n2)cc2cn[nH]c12,chembl,active
COc1ccc(-n2nc(C(C)(C)C)cc2NC(=O)Nc2ccc(Oc3ccnc(Nc4ccc5[nH]ccc5c4)n3)c3ccccc23)cc1,chembl,active
Cc1cc(NC(=O)c2cn(C(C)(C)CF)c3ncnc(N)c23)n[nH]1,chembl,active
Cc1cc(NC(=O)c2cn(C(C)(C)C)c3ncnc(N)c23)n[nH]1,chembl,active
Cc1cc(NC(=O)c2nn(C(C)C)c3ncnc(N)c23)[nH]n1,chembl,active
Cc1ccc(-n2nc(C(C)(C)C)cc2NC(=O)Nc2ccc(Oc3ccnc(Nc4ccccc4)n3)c3ccccc23)cc1,chembl,active
COc1ccc(-n2nc(C(C)(C)C)cc2NC(=O)Nc2ccc(Oc3ccnc(Nc4ccc5[nH]ccc5c4)n3)c3ccccc23)cn1,chembl,active
Cc1ccc(-n2nc(C3(C)CC3)cc2NC(=O)Nc2ccc(Oc3ccnc4[nH]c(=O)cnc34)c3ccccc23)cc1,chembl,active
CC(C)(C)c1cc(NC(=O)Nc2ccc(Oc3ccnc4[nH]c(=O)cnc34)c3ccccc23)n(-c2ccc(O)cc2)n1,chembl,active
Cc1cc(Nc2cc(N3CCN(C)CC3)nc(/C=C/c3ccccc3)n2)n[nH]1,chembl,active
CC(C)Sc1nc(Nc2cccc(O)c2)c2cnn(CC(Cl)c3ccccc3)c2n1,chembl,active
Nc1ncnc2c1c(-c1ccccc1)cn2-c1cccc(CNCCO)c1,chembl,active
COCCN(C)CCc1ccc(-n2cc(-c3cccc(OC)c3)c3c(N)ncnc32)cc1,chembl,active
COc1cc2nccc(Oc3ccc(NC(=O)c4c(C)n(C)n(-c5ccccc5)c4=O)cc3F)c2cc1OC,chembl,active
Cc1cc(Nc2ncc(F)c(NC3C4C=CC(C4)C3C(N)=O)n2)ccc1N1CCN(C)CC1,chembl,active
CN1CCN(c2ccc(Nc3ncc4cc(-c5c(Cl)cccc5Cl)c(=O)n(C)c4n3)cc2)CC1,chembl,active
Nc1ncnc2c1c(-c1cccc(O)c1F)nn2C1CCCC1,chembl,active
CC(C)n1nc(-c2ccc(Br)c(O)c2)c2c(N)ncnc21,chembl,active
Cn1c(=O)c(-c2c(Cl)cccc2Cl)cc2cnc(Nc3ccncc3)nc21,chembl,active
Nc1ncnc2c1c(-c1ccc(O)cc1)cn2C1CCC1,chembl,active
O=C(Nc1c[nH]nc1-c1nc2ccc(CN3CCOCC3)cc2[nH]1)NC1CC1,chembl,active
CNc1cc(-c2c(C)cccc2C)cc2nnc(Nc3ccc(OCCN4CCCC4)cc3)nc12,chembl,active
Cc1ccc(O)c(C)c1-c1cc(-c2cc(F)nc(N3CC[C@@H](N)C3)c2)cc(C(N)=O)c1N,chembl,active
Cc1ccccc1-c1cc2nnc(Nc3ccc(S(=O)(=O)NCCN4CCCC4)cc3)nc2cc1C,chembl,active
CCN(CC)CCOc1cccc(Nc2nnc3cc(-c4c(C)cccc4C)cc(C)c3n2)c1,chembl,active
CC1(n2cc(C(=O)Nc3cc(Br)n[nH]3)c3c(N)ncnc32)CC1,chembl,active
COc1cc(OC2CCN(C)CC2)c2c(Nc3c(Cl)ccc4c3OCO4)ncnc2c1,chembl,active
Cc1cccc(C)c1OC(=O)N(c1ccccc1)c1ccnc(Nc2ccc(N3CCN(C)CC3)cc2)n1,chembl,active
COc1cc(Nc2c(C#N)cnc3cc(C#Cc4cccc(CN(C)C)c4)c(OC)cc23)c(Cl)cc1Cl,chembl,active
CC(C)n1nc(C#Cc2cccc(C(=O)Nc3ccc(CN4CCN(C)CC4)c(C(F)(F)F)c3)c2)c2c(N)ncnc21,chembl,active
COc1ccc(Cl)c(Nc2ncnc3cc(OCCN4CCN(C(C)=O)CC4)cc(OC(C)C)c23)n1,chembl,active
COc1ccc(Cl)c(Nc2ncnc3cc(OCCCN4CCOCC4)cc(OC4CCOCC4)c23)c1,chembl,active
COc1ccc(-n2nc(C(C)(C)C)cc2NC(=O)Nc2ccc(Oc3ccnc(Nc4cc(OC)cc(C(N)=O)c4)n3)c3ccccc23)cc1,chembl,active
COc1cc(Cl)c(Cl)c(Nc2c(C#N)cnc3cc(/C=C/c4cnccn4)c(OC)cc23)c1,chembl,active
COC(=O)c1cc(C[C@H](NC(C)=O)C(=O)N[C@H]2CCCCN(Cc3ccc(-c4ccccc4)cc3)C2=O)ccc1C(F)(C(=O)O)C(=O)O,chembl,active
COc1ccc(Cl)c(Nc2ncnc3cc(OCCCN4CCOCC4)c(OC)cc23)c1,chembl,active
COc1cc2c(Nc3c(Cl)ccc4occc34)ncnc2cc1OCCCN1CCOCC1,chembl,active
Clc1ccc2c(c1Nc1ncnc3cc(OCCCN4CCOCC4)ccc13)OCO2,chembl,active
COc1cc2c(Nc3c(Cl)ccc4ccoc34)ncnc2cc1OCCCN1CCOCC1,chembl,active
COc1cc2c(Nc3c(Cl)ccc4c3OCO4)ncnc2cc1OCc1ccnc(C#N)c1,chembl,active
Cc1cc(Nc2nc3ccc(C(=O)Nc4c(C)cccc4Cl)cc3s2)nc(NCCO)n1,chembl,active
CC(C)(C)c1cc(NC(=O)Nc2ccc(Oc3ccnc(Nc4ccc5[nH]ncc5c4)n3)c3ccccc23)n(-c2ccc(O)cc2)n1,chembl,active
COc1ccc(Cl)c(Nc2ncnc3cc(OCN4CCN(C)CC4)c(OC)cc23)c1,chembl,active
COc1ccc(Cl)c(Nc2c(C#N)cnc3cc(OC)c(OC)cc23)c1,chembl,active
Cc1cc(-c2c(Cl)cccc2Cl)cc2nnc(Nc3ccc(C(=O)N4CCNCC4)cc3)nc12,chembl,active
Cc1cc(-c2cc(O)ccc2Cl)cc2nnc(Nc3ccc(C(=O)N4CCN(CCO)CC4)nc3)nc12,chembl,active
COc1ccc2c(c1)/C(=C1Nc3ccccc3C/1=N\OCC(O)CO)C(=O)N2,chembl,active
Cc1cc2nc(Nc3ccc(S(=O)(=O)NCCN4CCCC4)cc3)nnc2cc1-c1c(C)cccc1C,chembl,active
CN1CCN(Cc2ccc(NC(=O)c3ccc(Cl)c(C#Cc4cncc(N5CCOCC5)c4)c3)cc2C(F)(F)F)CC1,chembl,active
Nc1c(C(=O)c2cc3ccccc3[nH]2)cnn1-c1ccccc1Cl,chembl,active
Cc1ccc(-n2nc(C(C)(C)C)cc2NC(=O)Nc2ccc(Oc3ccnc(Nc4cc(C)c5[nH]ncc5c4)n3)c3ccccc23)cc1,chembl,active
COc1ccc(-n2nc(C(C)C)cc2NC(=O)Nc2ccc(Oc3cc(Nc4ccc5[nH]ncc5c4)ncn3)c3ccccc23)cc1,chembl,active
CC(C)(C)c1cc(NC(=O)Nc2ccc(Oc3ccnc4[nH]c(=O)cnc34)c3ccccc23)n(-c2ccc(CO)cc2)n1,chembl,active
CCn1nc(C#Cc2cc(C(=O)Nc3ccc(CN4CCN(C)CC4)c(C(F)(F)F)c3)ccc2Cl)c2c(N)ncnc21,chembl,active
COc1cc2ncnc3c2cc1OCCCCCN(C)Cc1ccc(Br)cc1N3,chembl,active
Nc1ccc(-c2nn(C3CCCC3)c3ncnc(N)c23)cc1O,chembl,active
Nc1ncnc2c1c(-c1ccc(Cl)c(O)c1)nn2C1CCC1,chembl,active
COc1cc(Nc2c(C#N)cnc3cc(-c4ccc(CCN5CCOCC5)cc4)c(OC)cc23)c(Cl)cc1Cl,chembl,active
Nc1ncnc2c1c(-c1ccc(Br)c(O)c1)nn2C1CCCC1,chembl,active
COc1cc(Nc2c(C#N)cnc3cc(C#CCN4CCN(C)CC4)c(OC)cc23)c(Cl)cc1Cl,chembl,active
COc1cccc(-c2cnc(Nc3c(C)cccc3C)c3cncn23)c1,chembl,active
CN1CCN(Cc2cc(-c3ccc4c(Nc5ccc(Cl)cc5Cl)c(C#N)cnc4c3)co2)CC1,chembl,active
CCCCNCc1ccc(-c2cc3ncc(C#N)c(Nc4cc(OC)c(Cl)cc4Cl)c3s2)cc1,chembl,active
COc1cc(Nc2c(C#N)cnc3cc(/C=C/c4cc[n+]([O-])cc4)ccc23)cc(OC)c1OC,chembl,active
CCOc1cc2ncc(C#N)c(Nc3ccc(Cl)cc3Cl)c2cc1OCC,chembl,active
Cc1ccc(C(=O)Nc2cc(CN3CCN(C)CC3)cc(C(F)(F)F)c2)cc1C#Cc1nn(C(C)C)c2ncnc(N)c12,chembl,active
CCN(CC)CCCOc1ccc(Nc2cc3nc(O)c(-c4c(Cl)cccc4Cl)cc3cn2)cc1,chembl,active
COc1ccc(Nc2nnc3cc(-c4cc(O)ccc4Cl)cc(C)c3n2)cn1,chembl,active
Cc1cc(NC(=O)c2nn(C3CC4CCC3C4)c3ncnc(N)c23)n[nH]1,chembl,active
COc1cc(Nc2c(C#N)cnc3cc(C#Cc4cccnc4)c(OC)cc23)c(Cl)cc1Cl,chembl,active
COc1ccc(N(C(=O)Oc2c(C)cccc2C)c2ccnc(Nc3ccc(OCCCN4CCCCC4)c(F)c3)n2)c(OC)c1,chembl,active
Cc1cccc(C)c1Nc1ncc(-c2cccs2)n2cncc12,chembl,active
Cc1cccc(C)c1-c1cc(C)c2nc(Nc3ccc(C(=O)N4CCNCC4)cc3)nnc2c1,chembl,active
Cc1ccc(C#N)cc1-c1cc2nnc(Nc3ccc(S(=O)(=O)NCCN4CCCC4)cc3)nc2cc1C,chembl,active
Cc1cc2nc(Nc3ccc(OCCN4CCCC4)cc3)nnc2cc1-c1c(C)cccc1C,chembl,active
COc1cc(Nc2nn3c(N[C@@H](CO)Cc4ccccc4)cc(C4CC4)nc3c2C(N)=O)cc(OC)c1,chembl,active
CN1CCN(Cc2ccc(-c3ccc4c(Nc5ccc(Cl)cc5Cl)c(C#N)cnc4c3)nc2)CC1,chembl,active
Cc1ccc(C(=O)Nc2ccc(CN3CCN(C)CC3)c(C(F)(F)F)c2)cc1C#Cc1nn(C(=O)OC(C)(C)C)c2ncnc(N)c12,chembl,active
Cc1ccc(C(=O)Nc2cc(C(F)(F)F)cc(C(F)(F)F)c2)cc1C#Cc1cc(-c2cnn(C)c2)cnc1N,chembl,active
Cc1nc(O)c2c(ccc3[nH]c(Nc4c(Cl)cccc4Cl)nc32)c1C,chembl,active
COc1ccc(-n2nc(C(C)(C)C)cc2NC(=O)Nc2ccc(Oc3ccnc4[nH]c(=O)n(C(C)C)c34)c3ccccc23)cc1,chembl,active
Cc1ccc(-n2nc(C(C)(C)C)cc2NC(=O)Nc2ccc(Oc3ccnc(Nc4ccc5c(cnn5C)c4)n3)c3ccccc23)cc1,chembl,active
CC(C)c1cc(NC(=O)Nc2ccc(Oc3ccnc(Nc4ccccc4)n3)c3ccccc23)n(-c2ccc(P(C)(C)=O)cc2)n1,chembl,active
COc1ccc(Cl)c(Nc2c(C#N)cnc3cc(OCC4CCN(C)CC4)c(OC)cc23)c1,chembl,active
COc1cc(CO)cc(Nc2cc(Oc3ccc(NC(=O)Nc4cc(C(C)(C)C)cc(P(C)(C)=O)c4OC)c4ccccc34)ccn2)c1,chembl,active
COC(=O)c1cc2cc(NCc3ccccc3C)cnc2[nH]1,chembl,active
Cc1ccc(C(=O)Nc2ccc(CN3CCN(C)CC3)c(C(F)(F)F)c2)cc1C#Cc1nn(C2CCNCC2)c2ncnc(N)c12,chembl,active
COc1ccc(-n2nc(C(C)(C)C)cc2NC(=O)Nc2ccc(Oc3ccnc4[nH]c(=O)cnc34)c3ccccc23)cc1,chembl,active
COCCOc1cc2ncc(C#N)c(Nc3ccc(Cl)cc3Cl)c2cc1OCCOC,chembl,active
Cc1cc(NC(=O)c2c(C#Cc3cnn(C)c3)n(C3(C)CC3)c3ncnc(N)c23)n[nH]1,chembl,active
Cc1cc(-c2c(Cl)cccc2Cl)cc2nnc(Nc3ccnc(OCCN4CCCC4)c3)nc12,chembl,active
Cc1cc(-c2c(Cl)cccc2Cl)cc2nnc(Nc3ccnc(OCCN4CCCC4)c3)nc12.Cl,chembl,active
Cc1cc(-c2cc(O)ccc2Cl)cc2nnc(Nc3ccc(C(=O)NCCN4CCCC4)o3)nc12,chembl,active
Cc1cc(-c2c(O)cccc2Cl)cc2nnc(Nc3ccc(S(=O)(=O)NCCN4CCCC4)cc3)nc12,chembl,active
O=C(Nc1cccc(-c2nc3sccn3c2-c2ccnc(Nc3cccc(N4CCCC4=O)c3)n2)c1)c1c(F)cccc1F,chembl,active
COc1cc(-c2nn([C@H]3CC[C@H](N4CCN(C)CC4)CC3)c3ncnc(N)c23)ccc1NC(=O)OCc1ccccc1,chembl,active
Cc1cccc(NC(=O)Nc2ccc(-c3csc4c(-c5cn[nH]c5)cnc(N)c34)cc2)c1,chembl,active
Cc1cccc(Cl)c1NC(=O)c1ccc2nc(Nc3cccc(NCCO)n3)sc2c1,chembl,active
Cn1c(=O)c(-c2c(Cl)cccc2Cl)cc2cnc(Nc3ccc(CC(N)=O)cc3)nc21,chembl,active
Cc1ccc(NC(=O)c2cccc(C(F)(F)F)c2)cc1N1Cc2cnc(N)nc2N(C)C1=O,chembl,active
Cc1cccc(C)c1-c1cc(C)c2nc(Nc3ccc(C(=O)NN4CCNCC4)cc3)nnc2c1,chembl,active
Cc1cccc(C)c1OC(=O)N(c1ccnc(Nc2ccc(N3CCN(C)CC3)cc2)n1)c1ccc(F)cc1OC(C)C,chembl,active
CNC(=O)c1ccc(Nc2ncc3c(n2)CCN(c2cc(NC(=O)c4cccc(C(F)(F)F)c4)ccc2Cl)C3)cc1,chembl,active
Cc1cccc(C)c1-c1cc(C)c2nc(Nc3ccc(OCCCN4CCCC4)cc3)nnc2c1,chembl,active
COc1cc(Nc2c(C#N)cnc3cc(-c4ccc(CN5CCN(C)CC5)cc4)sc23)c(Cl)cc1Cl,chembl,active
COc1cc(Nc2c(C#N)cnc3cc(OCC4CCN(C)CC4)c(OC)cc23)c(C)cc1C,chembl,active
COc1cc(Nc2c(C#N)cnc3cc(-c4ccc(C(=O)N5CCN(C)CC5)cc4)sc23)c(Cl)cc1Cl,chembl,active
Cc1cc(NC(=O)c2c(C#CC3CCOCC3)n(C3(C)CC3)c3ncnc(N)c23)[nH]n1,chembl,active
COc1cc2cc3ncc(C#N)c(Nc4ccc(Cl)cc4Cl)c3cc2cc1OCCN1CCOCC1,chembl,active
COc1cc(Nc2c(C#N)cnc3cc(-c4ccc(N5CCN(C)CC5)cc4)sc23)c(Cl)cc1Cl,chembl,active
COc1cc(Nc2c(C#N)cnc3cc(-c4ccc(CN(C)C)cn4)sc23)c(Cl)cc1Cl,chembl,active
COc1cc(Nc2c(C#N)cnc3cc(-c4ccc(CN5CCN(C)CC5)o4)c(OC)cc23)c(Cl)cc1Cl,chembl,active
Cc1cccc(C)c1Nc1ncc(-c2ccccc2)n2cncc12,chembl,active
COc1cc(Nc2c(C#N)cnc3cc(-c4ccc(CN5CCN(C)CC5)cn4)sc23)c(Cl)cc1Cl,chembl,active
COc1cc(Nc2c(C#N)cnc3cc(-c4coc(CN5CCNCC5)c4)sc23)c(Cl)cc1Cl,chembl,active
CNS(=O)(=O)Cc1ccc(-n2nc(C(C)(C)C)cc2NC(=O)Nc2ccc(Oc3ccnc4[nH]c(=O)cnc34)c3ccccc23)cc1,chembl,active
Cc1cccc(C)c1-c1cc(C)c2nc(Nc3cccc(C(=O)NCCCN(C)C)c3)nnc2c1,chembl,active
Cc1cc2nc(Nc3ccc(OCCN4CCCC4)cc3)nnc2cc1-c1cc(O)ccc1F,chembl,active
C=CC(=O)Nc1ccccc1Nc1nc(Nc2ccc(N3CCN(C)CC3)cc2)ncc1C(=O)Nc1c(C)cc(C#N)cc1Cl,chembl,active
Cc1cc(-c2c(Cl)cccc2Cl)cc2nnc(Nc3ccc(S(=O)(=O)NCCN4CCCC4)cc3)nc12,chembl,active
Nc1ncnc2c1c(-c1cnc3[nH]ccc3c1)nn2C1CCCC1,chembl,active
CCN(CC)C(=O)c1ccc(Nc2ncc3cc(-c4c(Cl)cccc4Cl)c(=O)n(C)c3n2)cc1,chembl,active
COc1cc(Nc2cc(Oc3ccc(NC(=O)Nc4cc(C(C)(C)C)cc(NS(C)(=O)=O)c4OC)c4ccccc34)ccn2)ccc1C(=O)O,chembl,active
COCCOc1cc2ncc(C#N)c(Nc3cc(OC)c(OC)c(OC)c3)c2cc1OC,chembl,active
COc1cc(Nc2c(C#N)cnc3cc(-c4cccc(CN5CCN(C)CC5)c4)ccc23)c(Cl)cc1Cl,chembl,active
Cc1cc(NC(=O)c2c(C#Cc3cncn3C)n(C3(C)CC3)c3ncnc(N)c23)[nH]n1,chembl,active
Cc1ccc(-n2nc(C(C)(C)C)cc2NC(=O)Nc2ccc(Oc3ccnc(Nc4ccc5[nH]nnc5c4)n3)c3ccccc23)cc1,chembl,active
Cc1ccc(-n2nc(C(C)(C)C)cc2NC(=O)Nc2ccc(Oc3ccnc(Nc4cnc5[nH]ccc5c4)n3)c3ccccc23)cc1,chembl,active
Nc1ncnc2c1c(-c1ccc(F)c(O)c1)nn2[C@H]1CCOC1,chembl,active
COc1c(NC(=O)Nc2ccc(Oc3ccnc(Nc4ccccc4)n3)c3ccccc23)cc(C(C)(C)C)cc1P(C)(C)=O,chembl,active
Nc1ncnc2c1c(-c1ccc(F)c(O)c1)nn2C1CCCCCC1,chembl,active
Cc1ccc(-n2nc(C(C)(C)C)cc2NC(=O)Nc2ccc(Oc3ccnc(Nc4cnc5[nH]ncc5c4)n3)c3ccccc23)cc1,chembl,active
COc1cc(Nc2c(C#N)cnc3cc(-c4ccc(CCN5CCOCC5)cc4)ccc23)c(Cl)cc1Cl,chembl,active
COc1cc2c(Nc3cccc4c3OCO4)ncnc2cc1OCCCN1CCOCC1,chembl,active
Cc1cccc(C)c1-c1cc2cnc(Nc3ccccc3)nc2n(C)c1=O,chembl,active
COc1cc(Nc2c(C#N)cnc3cc(-c4csc(CN(C)C)c4)sc23)c(Cl)cc1Cl,chembl,active
COc1cc(Nc2c(C#N)cnc3cc(-c4ccc(C(=O)N5CCN(C)CC5)cn4)sc23)c(Cl)cc1Cl,chembl,active
Cc1cccc(C)c1OC(=O)N(c1ccc2ccccc2c1)c1ccnc(Nc2ccc(N3CCN(C)CC3)cc2)n1,chembl,active
CCO/N=C(\C)c1ccc2c(c1)c1c3c(c4c(c1n2C(C)C)CCc1nn(C)cc1-4)C(=O)NC3,chembl,active
CC(C)(C)n1nc(Cc2csc3ccccc23)c2c(N)ncnc21,chembl,active
Cc1cccc(C)c1-c1cc(C)c2nc(Nc3ccc(S(=O)(=O)NCCN(C)C)cc3)nnc2c1,chembl,active
C=CC(=O)N[C@H]1CC[C@@H](n2nc(-c3ccc(Oc4ccccc4)cc3)c3c(N)ncnc32)CC1,chembl,active
Cc1cccc(C)c1-c1cc(C)c2nc(Nc3nc(C(=O)NCCN4CCCC4)cs3)nnc2c1,chembl,active
CC(C)n1nc(-c2cccc(O)c2)c2c(N)ncnc21,chembl,active
COCCNCCN1CCC(n2cc(-c3cccc(OC)c3)c3c(N)ncnc32)CC1,chembl,active
COc1cc(Nc2c(C#N)cnc3cc(-c4ccc(CCN5CCN(C)CC5)cc4)sc23)c(Cl)cc1Cl,chembl,active
Cc1cc(-c2c(Cl)cccc2Cl)cc2nnc(Nc3ccc(OCCN4CCCC4)nc3)nc12,chembl,active
CCOC(=O)C[C@H]1C[C@@H](n2cc(-c3ccccc3)c3c(N)ncnc32)CN1,chembl,active
CNC(=O)c1ccc(Nc2ncc3c(n2)CCN(c2cc(NC(=O)c4cc(C(F)(F)F)ccn4)ccc2Cl)C3)cc1,chembl,active
C=CC(=O)N1CCC(n2nc(C#Cc3cc(C(=O)Nc4ccc(CN5CCN(C)CC5)c(C(F)(F)F)c4)ccc3C)c3c(N)ncnc32)CC1,chembl,active
Cc1cc2c(Nc3ccc4nc(N)sc4c3)c(C#N)cnc2cc1OCCN1CCCCC1,chembl,active
CC(C)n1cc(C(=O)Nc2cc(Br)[nH]n2)c2c(N)ncnc21,chembl,active
COc1ncc(Cl)c(Nc2ncnc3cc(OCCN4CCN(C(C)=O)CC4)cc(OC(C)C)c23)n1,chembl,active
COc1ccc(Cl)c(Nc2ncnc3cc(OCCN4CCCC4)cc(OC(C)C)c23)n1,chembl,active
Cc1cccc(C)c1-c1ccc2nc(Nc3ccc(OCCN4CCCC4)cc3)nnc2c1,chembl,active
COc1ccc(-c2cnc(Nc3c(C)cccc3C)c3cncn23)cc1,chembl,active
COc1cc(Nc2c(C#N)cnc3cc(C#Cc4ccc(CN(C)C)s4)c(OC)cc23)c(Cl)cc1Cl,chembl,active
COc1cc(Nc2c(C#N)cnc3cc(-c4ccc(CN5CCOCC5)cc4)c(OC)cc23)c(Cl)cc1Cl,chembl,active
CC(C)(C)c1cc(NC(=O)Nc2ccc(Oc3ccnc(Nc4ccccc4)n3)c3ccccc23)n(-c2ccc(P(C)(C)=O)cc2)n1,chembl,active
Cc1cc(O)ccc1-c1nn(C(C)C)c2ncnc(N)c12,chembl,active
Cc1cccc(C)c1Nc1ncc(-c2ccc(OCCN3CCCC3)cc2)n2cncc12,chembl,active
COc1cc(Nc2c(C#N)cnc3cc(/C=C/CCN4CCOCC4)ccc23)c(Cl)cc1Cl,chembl,active
Cc1cccc(C)c1-c1cc(C)c2nc(Nc3ccc(C(=O)NN4CCN(C)CC4)cc3)nnc2c1,chembl,active
COc1cc2ncc(C#N)c(Nc3ccc(Br)cc3Cl)c2cc1OC,chembl,active
COc1cc(Nc2nccc(Oc3ccc(NC(=O)Nc4cc(C(C)(C)C)cc(P(C)(C)=O)c4OC)c4ccccc34)n2)cc(OC)c1,chembl,active
COc1cc(OCCCN2CCCC2)cc2ncnc(Nc3c(Cl)ccc4c3OCO4)c12,chembl,active
CC(C)n1nc(C#Cc2cc(C(=O)Nc3ccc(CN4CCN(C)CC4)c(C(F)(F)F)c3)ccc2Cl)c2c(N)ncnc21,chembl,active
COc1cc(Nc2c(C#N)cnc3cc(/C=C/c4cccnc4)ccc23)c(Cl)cc1Cl,chembl,active
Nc1ncnc2c1c(-c1ccc(F)c(O)c1)nn2[C@H]1CCNC1,chembl,active
Cc1ccc2nc(Nc3c(C#N)cnc4cc(OCCCN5CCCCC5)c(C)cc34)sc2c1,chembl,active
Cc1cc(CC(=O)c2cn(C(C)(C)c3cccs3)c3ncnc(N)c23)n[nH]1,chembl,active
COC(=O)c1ccc2c(c1)NC(=O)/C2=C(\Nc1ccc(N(C)C(=O)CN2CCN(C)CC2)cc1)c1ccccc1,chembl,active
CCC(C)n1nc(-c2ccc(C)c(O)c2)c2c(N)ncnc21,chembl,active
Cc1cc(NC(=O)c2cn(C34CC(C3)C4)c3ncnc(N)c23)n[nH]1,chembl,active
Cn1c(=O)c(-c2c(Cl)cccc2Cl)cc2cnc(Nc3ccccc3)nc21,chembl,active
COc1ccc(-n2nc(C(C)(C)C)cc2NC(=O)Nc2ccc(Oc3ccnc(Nc4ccc5c(cnn5C)c4)n3)c3ccccc23)cc1,chembl,active
CC(C)(C)c1cc(NC(=O)Nc2ccc(Oc3ccnc(Nc4ccc5[nH]ccc5c4)n3)c3ccccc23)n(-c2ccc(O)cc2)n1,chembl,active
COc1cc(Nc2c(C#N)cnc3cc4[nH]cnc4cc23)c(Br)cc1Cl,chembl,active
Cc1ccc(-n2nc(C(C)(C)C)cc2NC(=O)Nc2ccc(Oc3cc(Nc4ccc5[nH]ncc5c4)ncn3)c3ccccc23)cc1,chembl,active
COCCOc1cc2c(cc1OC)Cc1c(Nc3ccc(Cl)cc3Cl)ncnc1N2,chembl,active
COc1cc2c(Nc3cccc4occc34)ncnc2cc1OCCCN1CCOCC1,chembl,active
COc1ccc(Cl)c(Nc2c(C#N)cnc3cc(/C=C/c4ccncc4)ccc23)c1,chembl,active
COc1ccc(-n2nc(C(C)(C)C)cc2NC(=O)Nc2ccc(Oc3ccnc4[nH]c(=O)n(C)c34)c3ccccc23)cn1,chembl,active
CC(C)(C)c1cc(NC(=O)Nc2ccc(Oc3ccnc4[nH]c(=O)cnc34)c3ccccc23)n(-c2ccc(Cl)cc2)n1,chembl,active
C=CC(=O)N1CCC[C@@H](n2nc(-c3ccc(Oc4ccccc4)cc3)c3c(N)ncnc32)C1,chembl,active
Cc1ccc(NC(=O)c2cccc(C(F)(F)F)c2)cc1N1CCc2nc(Nc3ccc(OCCN4CCCC4)cc3)ncc2C1=O,chembl,active
Cc1cccc(C)c1-c1cc(C)c2nc(Nc3ccc(N(CCN4CCCC4)C(=O)c4ccccc4)cc3)nnc2c1,chembl,active
COc1ccc(-n2nc(C(C)(C)C)cc2NC(=O)Nc2ccc(Oc3ccnc(Nc4cccc(OS(C)(=O)=O)c4)n3)c3ccccc23)cn1,chembl,active
Cc1ccc(NC(=O)c2cccc(C(F)(F)F)c2)cc1N1CCc2nc(Nc3ccc(S(=O)(=O)NC4CC4)cc3)ncc2C1,chembl,active
CCOC(=O)C[C@@H]1C[C@H](n2cc(-c3ccccc3)c3c(N)ncnc32)CN1,chembl,active
CN1CCN(CCOc2ccc(Nc3cc4c(cn3)cc(-c3c(Cl)cccc3Cl)c(=O)n4C)cc2)CC1,chembl,active
O=C(Nc1cnc2[nH]cc(-c3ccccc3)c2c1)c1c(F)cccc1F,chembl,active
CCOc1ccc(NC(=O)Nc2ccc(-c3csc4c(-c5cnn(C)c5)cnc(N)c34)cc2)cc1,chembl,active
CNC(=O)C(C)n1cc(-c2cnc(N)c3c(-c4ccc(NC(=O)Nc5ccc(C)cc5)cc4)csc23)cn1,chembl,active
Cc1cc(Nc2cc(N3CCN(C)CC3)nc(C=Cc3ccccc3)n2)n[nH]1,chembl,active
Cc1ccc(F)c(-c2ccc3nnc(N)n3c2)c1,chembl,active
Cc1cccc(C)c1-c1cc(C)c2nc(Nc3ccc(C(=O)NCCN4CCCC4)cc3)nnc2c1,chembl,active
CCOc1ccc(Nc2ncc3cc(-c4c(Cl)cccc4Cl)c(=O)n(C)c3n2)cc1,chembl,active
Cc1cc(Nc2ncc3cc(-c4c(Cl)cccc4Cl)c(=O)n(C)c3n2)ccc1F,chembl,active
COc1cc(Nc2cc(Oc3ccc(NC(=O)Nc4cc(C(C)(C)C)cc([S+](C)[O-])c4OC)c4ccccc34)ccn2)ccc1C(=O)O,chembl,active
CP(C)(=O)c1ccc(Nc2ncnc3c2ncn3/C=C/c2cccc3[nH]ncc23)cc1,chembl,active
CNc1ncc2cc(-c3cc(C(=O)Nc4cc(C(F)(F)F)ccc4OC4CCN(C)CC4)ccc3C)ccc2n1,chembl,active
C=CC(=O)Nc1cccc(Oc2nc(Nc3n[nH]c4ccccc34)cc(N3CCN(C)CC3)n2)c1,chembl,active
COc1cc(Nc2c(C#N)cnc3cc(-c4ccc(CN5CCCCC5)cc4)sc23)c(Cl)cc1Cl,chembl,active
COc1cc2c(Nc3cc(OC)c(OC)c(OC)c3)c(C#N)cnc2cc1/C=C/c1ccncc1,chembl,active
Nc1ncnc2c1c(-c1ccc3cc[nH]c3c1)nn2C1CCCC1,chembl,active
CNc1cc(Nc2nc3ccc(C(=O)Nc4c(C)cccc4Cl)cc3s2)ncn1,chembl,active
Oc1ccc(Cl)c(Nc2ncnc3c2cnn3CC(Cl)c2ccccc2)c1,chembl,active
COc1ccc(-c2nn(C(C)C)c3ncnc(N)c23)cc1O,chembl,active
Nc1ncnc2c1c(-c1ccc(F)c(O)c1)nn2C1CNC1,chembl,active
Cc1ccc(-n2nc(C(C)(C)C)cc2NC(=O)Nc2ccc(Oc3ccnc(Nc4ccc5[nH]cnc5c4)n3)c3ccccc23)cc1,chembl,active
Cc1ccc(-n2nc(C(C)(C)C)cc2NC(=O)Nc2ccc(Oc3ccnc4[nH]c(=O)cnc34)c3ccccc23)s1,chembl,active
Cc1ccc(NC(=O)c2cccc(C(F)(F)F)c2)cc1N1CCc2nc(Nc3ccc(N4CCNCC4)cc3)ncc2C1=O,chembl,active
CCN(CC)CCOc1cccc(Nc2ncc3cc(-c4c(Cl)cccc4Cl)c(=O)n(C)c3n2)c1,chembl,active
Cc1ccc(NC(=O)c2cccc(C(F)(F)F)c2)cc1N1CCc2nc(Nc3ccc(C(=O)NCCCN4CCCC4)cc3)ncc2C1=O,chembl,active
Cc1cccc(C)c1-c1cc(C)c2nc(Nc3ccc(C(=O)NCCN4CCCC4)o3)nnc2c1,chembl,active
N#CCCCCn1nc(-c2ccc(F)c(O)c2)c2c(N)ncnc21,chembl,active
CSc1nc(Nc2cccc(Br)c2)c2cnn(CC(C)c3ccccc3)c2n1,chembl,active
COc1cc(Nc2c(C#N)cnc3cc(-c4ccc(CN5CCN(C)CC5)cn4)ccc23)cc(OC)c1OC,chembl,active
Cc1cccc(C)c1-c1cc(C)c2nc(Nc3cccc(C(=O)NCCN4CCCC4)c3)nnc2c1,chembl,active
N#Cc1ccc(-c2nc(Nc3cc(C4CC4)[nH]n3)c3ccccc3n2)cc1,chembl,active
Cc1cccc(C)c1-c1cc(C)c2nc(Nc3cccc(N(CCN4CCCC4)C(=O)c4ccccc4)c3)nnc2c1,chembl,active
COc1cc(Nc2c(C#N)cnc3cc(/C=C/CCCCN4CCOCC4)c(OC)cc23)c(Cl)cc1Cl,chembl,active
Cn1c(=O)c(-c2c(Cl)cccc2Cl)cc2cnc(Nc3ccc(NC(=O)CCN)cc3)nc21,chembl,active
COc1cc(Nc2c(C#N)cnc3cc(C#Cc4cc(CN(C)C)ccn4)c(OC)cc23)c(Cl)cc1Cl,chembl,active
COc1cc2cc3ncc(C#N)c(Nc4ccc(Cl)cc4Cl)c3cc2cc1OC,chembl,active
Cc1ccc(-n2nc(C(C)(C)C)cc2NC(=O)Nc2ccc(Oc3ccnc(Nc4ccc5scnc5c4)n3)c3ccccc23)cc1,chembl,active
Cc1ccc(-n2nc(C(C)(C)C)cc2NC(=O)Nc2ccc(Oc3ccnc(Nc4ccc5ncsc5c4)n3)c3ccccc23)cc1,chembl,active
Cc1cc2nc(Nc3ccc(OCCN4CCCC4)cc3)nnc2cc1-c1cccc(O)c1,chembl,active
Cc1cc(Nc2ncc3cc(-c4cccc(NC(=O)c5cccc(C(F)(F)F)c5)c4)c(=O)n(C[C@H]4CCCO4)c3n2)ccc1N1CCN(C)CC1,chembl,active
Cc1cccc(C)c1-c1cc(C)c2nc(Nc3ccc(C(=O)NCCCN4CCCC4)o3)nnc2c1,chembl,active
Cc1cccc(C)c1-c1cc(C)c2nc(Nc3cccc(C(=O)NC4CCNC4)c3)nnc2c1,chembl,active
CC(C)Oc1cc(-n2cnc3ccc(N[C@@H](C)c4ccc(F)cn4)nc32)n[nH]1,chembl,active
N#Cc1cnc2cc(OCCCN3CCOCC3)c(OCCCN3CCOCC3)cc2c1Nc1ccc(Cl)cc1Cl,chembl,active
Cc1cc(NC(=O)c2cn(C3CCCC3)c3ncnc(N)c23)n[nH]1,chembl,active
COc1cc(Nc2c(C#N)cnc3cc(/C=C/c4ccccn4)ccc23)c(Cl)cc1Cl,chembl,active
COc1cc(Nc2c(C#N)cnc3cc(/C=C/c4ccncc4)ccc23)cc(OC)c1OC,chembl,active
Cc1cccc(C)c1Nc1ncc(-c2ccc(N(C)C)cc2)n2cncc12,chembl,active
Cc1cccc(C)c1Nc1ncc(-c2cccc(OCC3CCCN(C)C3)c2)n2cncc12,chembl,active
COc1c(NC(=O)Nc2ccc(Oc3ccnc(Nc4cc(C)c5[nH]ncc5c4)n3)c3ccccc23)cc(C(C)(C)C)cc1P(C)(C)=O,chembl,active
Cc1ccc(C(=O)Nc2ccc(CN3CCN(C)CC3)c(C(F)(F)F)c2)cc1C#Cc1nn(C2CCCC2)c2ncnc(N)c12,chembl,active
Cc1ccc(-n2nc([Si](C)(C)C)cc2NC(=O)Nc2ccc(Oc3ccnc(Nc4ccc5c(c4)NC(=O)C5)n3)c3ccccc23)cc1,chembl,active
Cc1ccc(NC(=O)c2cccc(C(F)(F)F)c2)cc1N1CCc2nc(Nc3ccc(C(=O)N4CCN(C)CC4)cc3)ncc2C1=O,chembl,active
Cc1ccc(NC(=O)c2cccc(Br)c2)cc1N1CCc2nc(Nc3ccc(N4CCN(C)CC4)cc3)ncc2C1=O,chembl,active
Cc1ccc(-n2nc(C(C)(C)C)cc2NC(=O)Nc2ccc(Oc3ccnc(Nc4ccc5[nH]ncc5c4)n3)c3ccccc23)cc1,chembl,active
COCCOc1cccc(-n2nc(C(C)(C)C)cc2NC(=O)Nc2ccc(Oc3ccnc(Nc4cc(C)c5[nH]ncc5c4)c3)c3ccccc23)c1,chembl,active
Cc1cccc(C)c1Nc1ncc(-c2ccc(OCC3CCCN(C)C3)cc2)n2cncc12.Cl,chembl,active
Cc1cccc(C)c1Nc1ncc(-c2ccc(OCC3CCCN(C)C3)cc2)n2cncc12,chembl,active
Cc1cc(F)ccc1-c1cc2nnc(Nc3ccc(S(=O)(=O)NCCN4CCCC4)cc3)nc2cc1C,chembl,active
Cc1ccc(-n2nc(C(C)C)cc2NC(=O)Nc2ccc(Oc3ccnc(Nc4cccc(OS(C)(=O)=O)c4)n3)c3ccccc23)cc1,chembl,active
Nc1ncnc2c1c(-c1cccc(O)c1)nn2-c1cccc(P(=O)(O)CC(=O)O)c1,chembl,active
Cc1n[nH]c2ccc(-c3cncc(OCC(CN)Cc4ccccc4)c3)cc12,chembl,active
CC(C)n1nc(-c2cnc3[nH]ccc3c2)c2c(N)ncnc21,chembl,active
COc1cccc(-c2cn(-c3ccc(CCN4CCC(O)CC4)cc3)c3ncnc(N)c23)c1,chembl,active
CNS(=O)(=O)c1ccc2c(c1)/C(=C/c1[nH]c3c(c1CCCN1CCN(CC(=O)O)CC1)CCCC3)C(=O)N2,chembl,active
COc1cc2c(Nc3cccc4c(Cl)c[nH]c34)ncnc2cc1OCCCN1CCOCC1,chembl,active
Cc1ccc(NC(=O)Nc2cccc(C(F)(F)F)c2)cc1C#CC(=N)c1c(N)ncnc1NC(C)C,chembl,active
COc1ccc(Cl)c(Nc2ncnc3cc(OCCN4CCOCC4)cc(OC(C)C)c23)n1,chembl,active
Cn1cc(-c2cnc(N)c3c(-c4ccc(NC(=O)Nc5ccc(OC(F)F)cc5)cc4)csc23)cn1,chembl,active
Nc1ncnc2c1c(-c1ccc(O)cc1)cn2C1CCCC1,chembl,active
CNC1CC2OC(C)(C1OC)n1c3ccccc3c3c4c(c5c6ccccc6n2c5c31)C(=O)NC4,chembl,active
CCN(CC)CCNC(=O)C=Cc1cnc(N)c2c(-c3ccc(NC(=O)Nc4cccc(C)c4)cc3)csc12,chembl,active
Cc1cccc(NC(=O)Nc2ccc(-c3cnc4c(-c5cnn(C)c5)cnn4c3N)cc2)c1,chembl,active
NS(=O)(=O)c1ccc(Nc2nc(N3CCOCC3)nc3[nH]cnc23)cc1,chembl,active
O=C(CCS)Nc1cccc(Nc2nccc(Nc3cc(C4CC4)[nH]n3)n2)c1,chembl,active
COc1cccc(-c2cn(C3CCN(CC(N)=O)CC3)c3ncnc(N)c23)c1,chembl,active
COc1ccc(Cl)c(Nc2ncnc3cc(OCCCN4CCN(C(C)=O)CC4)cc(OC(C)C)c23)n1,chembl,active
Cc1cc(Nc2ncc3c(n2)CCN(c2cc(NC(=O)c4cccc(C(F)(F)F)c4)ccc2Cl)C3=O)ccc1N1CCN(C)CC1,chembl,active
Nc1ncnc2c1c(-c1cccc(Cl)c1)cn2-c1ccc(OCCNCCO)cc1,chembl,active
Nc1ncnc2c1c(-c1cccc(F)c1)cn2-c1ccc(OCCNCCO)cc1,chembl,active
COc1cccc(-c2cn(-c3ccc(OCCNCCO)cc3)c3ncnc(N)c23)c1,chembl,active
COc1cccc(-c2cn(-c3ccc(CCNCCO)cc3)c3ncnc(N)c23)c1,chembl,active
COc1cccc(-c2cn(-c3ccc(CC(=O)NCCO)cc3)c3ncnc(N)c23)c1,chembl,active
CC(=O)N1CCN(CCOc2cc(OC(C)C)c3c(Nc4c(F)ccc5c4OCO5)ncnc3c2)CC1,chembl,active
Nc1ncnc2c1c(-c1ccccc1)cn2-c1ccc(CO)cc1,chembl,active
CNC(=O)c1ccc(Nc2ncc3c(n2)CCN(c2cc(NC(=O)c4cc(F)cc(C(F)(F)F)c4)ccc2Cl)C3)cc1,chembl,active
COc1ccc(Nc2ncc3cc(-c4c(Cl)cccc4Cl)c(=O)n(C)c3n2)cc1,chembl,active
COc1ccc(Cl)c(Nc2ncnc3cc(OCCCN4CCOCC4)cc(OC4CCCCC4)c23)c1,chembl,active
COc1cc2c(Oc3ccc(NC(=O)C4(C(=O)Nc5ccc(F)cc5)CC4)cc3F)ccnc2cc1OCCCN1CCOCC1,chembl,active
Cc1cccc(C)c1-c1cc(NS(C)(=O)=O)c2nc(Nc3ccc(OCCN4CCCC4)cc3)nnc2c1,chembl,active
CNC(=O)c1cc(C(C)(C)C)cc(NC(=O)Nc2ccc(Oc3ccnc(Nc4cc(CO)cc(OC)c4)c3)c3ccccc23)c1OC,chembl,active
Cc1ccc(C(=O)Nc2cccc(C(C)C)c2)cc1Nc1nc2ccccc2n1-c1cc(N)ncn1,chembl,active
Cc1ccc(C(=O)Nc2ccc(CN3CCOCC3)c(C(F)(F)F)c2)cc1C#Cc1nn(C(C)C)c2ncnc(N)c12,chembl,active
COc1cc2c(Nc3ccc4nc(N)sc4c3)c(C#N)cnc2cc1OCCCN1CCNCC1,chembl,active
COc1cc2c(Nc3cc(OC)c(OC)c(OC)c3)c(C#N)cnc2cc1C#CCCN1CCN(C)CC1,chembl,active
Cc1cccc(C)c1-c1cc(C)c2nc(Nc3ccc(OCCN4CCN(C)CC4)cc3)nnc2c1,chembl,active
Cc1cc(-c2c(Cl)cccc2Cl)cc2nnc(Nc3ccc(C#N)c(OCCN4CCCC4)c3)nc12,chembl,active
COc1cc(Nc2c(C#N)cnc3cc(-c4cccc(N5CCN(C)CC5)c4)sc23)c(Cl)cc1Cl,chembl,active
CCOC1CN(C)CCN1c1ccc(Nc2nnc3cc(-c4c(C)cccc4C)cc(C)c3n2)cc1,chembl,active
COc1cc(-c2nn(CCN3CCN(C)CC3)c3ncnc(N)c23)ccc1NC(=O)OC(C)(C)C,chembl,active
COc1cc(Nc2c(C#N)cnc3cc(-c4cccc(CN5CCN(C)CC5)c4)sc23)c(Cl)cc1Cl,chembl,active
COc1ccc(C)c(Nc2c(C#N)cnc3cc(/C=C/c4ccncc4)ccc23)c1,chembl,active
Nc1cc(-c2cnn3cc(-c4ccc(OCCN5CCOCC5)cc4)cnc23)ccn1,chembl,active
Cc1ccc(-n2nc(C(C)(C)C)cc2NC(=O)Nc2ccc(Oc3ccnc(Nc4ccc5[nH]ccc5c4)n3)c3ccccc23)cc1,chembl,active
Cc1ccc(-n2nc(C(C)(C)C)cc2NC(=O)Nc2ccc(Oc3ccnc(Nc4cccc5[nH]ncc45)n3)c3ccccc23)cc1,chembl,active
Cc1cc(-c2cc(O)ccc2Cl)cc2nnc(Nc3cccc(N(C)C)c3)nc12,chembl,active
Cc1cc(-c2c(Cl)cccc2Cl)cc2nnc(Nc3ccc(S(=O)(=O)CCCN4CCCC4)cc3)nc12,chembl,active
C=CC(=O)Nc1ccccc1Nc1nc(Nc2cccc(N3CCN(C)CC3)c2)ncc1C(=O)Nc1c(C)cccc1Cl,chembl,active
COc1cc(Nc2c(C#N)cnc3cc(C#Cc4cccc(CN(C)C)n4)ccc23)c(Cl)cc1Cl,chembl,active
N#Cc1cccc(-c2nc(Nc3cc(C4CC4)[nH]n3)c3ccccc3n2)c1,chembl,active
Cc1ccc(-n2nc(C(C)(C)C)cc2NC(=O)Nc2ccc(Oc3ccnc(Nc4cccc5[nH]ccc45)n3)c3ccccc23)cc1,chembl,active
Cc1ccc(-n2nc(C3CC3)cc2NC(=O)Nc2ccc(Oc3ccnc4[nH]c(=O)cnc34)c3ccccc23)cc1,chembl,active
CCN(CC)CCOc1ccc(Nc2ncc3cc(-c4c(C)cccc4C)c(=O)n(C)c3n2)cc1,chembl,active
Cc1nc(Nc2ncc(C(=O)Nc3c(C)nn(C)c3C)s2)cc(N2CCN(CCO)CC2)n1,chembl,active
COc1cc(Nc2nccc(Oc3ccc(NC(=O)Nc4cc(C(C)(C)C)nn4-c4ccc(C)cc4)c4ccccc34)n2)cc(SCCO)c1,chembl,active
Cc1cc(-c2c(Cl)cccc2Cl)cc2nnc(Nc3ccc(S(=O)(=O)N(CCN4CCCC4)C(C)C)cc3)nc12,chembl,active
CC(Cn1ncc2c(Nc3cc(O)ccc3Cl)nc(NCCO)nc21)c1ccccc1,chembl,active
COc1cc(-c2nn(C(C)C)c3ncnc(N)c23)ccc1N,chembl,active
COc1cc(Nc2c(C#N)cnc3cc(-c4ccc(C(=O)N(C)C)cc4)sc23)c(Cl)cc1Cl,chembl,active
CN1CCN(c2ccc(Nc3cc4c(cn3)cc(-c3c(Cl)cccc3Cl)c(=O)n4C)cc2)CC1,chembl,active
NC(=O)c1c(-c2ccc(Oc3ccccc3)cc2)[nH]c(C(=O)c2c(F)cccc2F)c1N,chembl,active
Cc1ccc(-n2nc(C(C)(C)C)cc2NC(=O)Nc2ccc(Oc3ccnc(Nc4ccc5c(c4)OCO5)n3)c3ccccc23)cc1,chembl,active
Cc1cc(NC(=O)c2cn(C3(C)CCC3)c3ncnc(N)c23)n[nH]1,chembl,active
CCNC(=O)Nc1nc2nc(NCCCCN(CC)CC)ncc2cc1-c1c(Cl)cccc1Cl,chembl,active
COc1ccc(-c2cnc(Nc3c(C)cccc3C)c3cncn23)cc1OC,chembl,active
Cc1cc(-c2c(Cl)cccc2Cl)cc2nnc(Nc3ccc(OCCN4CCN(C)CC4)cc3)nc12,chembl,active
COc1cc(Nc2c(C#N)cnc3cc(-c4cccc(CN5CCOCC5)n4)ccc23)c(Cl)cc1Cl,chembl,active
CCN(CC)CCCCCNc1cc2c(cn1)cc(-c1c(Cl)cccc1Cl)c(=O)n2C,chembl,active
C#CC(C)(C)c1cc(NC(=O)Nc2ccc(Oc3ccnc(Nc4cc(C)c5[nH]ncc5c4)n3)c3ccccc23)n(-c2ccc(C)cc2)n1,chembl,active
COc1ccc(C)c(Nc2c(C#N)cnc3cc(OCC4CCN(C)CC4)c(OC)cc23)c1,chembl,active
CC(C)(C)OC(=O)N1C[C@@H](n2cc(-c3ccc(O)cc3)c3c(N)ncnc32)C[C@@H]1CO,chembl,active
Nc1ncnc2c1c(-c1ccc(F)c(O)c1)nn2C1CCC1,chembl,active
Cc1cccc(NC(=O)Nc2ccc(-c3csc4c(-c5cnn(C)c5)cnc(N)c34)cc2)c1,chembl,active
COc1cccc(-c2cn(C3CCN(CCO)CC3)c3ncnc(N)c23)c1,chembl,active
CSc1nc(Nc2ccccc2)c2cnn(CC(C)c3ccccc3)c2n1,chembl,active
COc1cc(N2CCC(N3CCN(C)CC3)CC2)ccc1Nc1ncc(Cl)c(Nc2ccccc2S(=O)(=O)C(C)C)n1,chembl,active
CCn1cnc2c(Nc3ccc(P(C)(C)=O)cc3)nc(C(C)C)nc21,chembl,active
CC(C)(C)OC(=O)N1C[C@H](n2cc(-c3ccc(O)cc3)c3c(N)ncnc32)C[C@H]1CO,chembl,active
Cc1ccc(C#N)cc1-c1cc(C)c2nc(Nc3ccc(S(=O)(=O)NCCN4CCCC4)cc3)nnc2c1,chembl,active
Cc1cc(-c2c(Cl)cccc2Cl)cc2nnc(Nc3ccc(OCCN4CCCC4)c(C#N)c3)nc12,chembl,active
COCCOc1cc2ncc(C#N)c(Nc3cc(OC)c(OC)c(OC)c3)c2cc1OCCOC,chembl,active
COc1cc(Nc2c(C#N)cnc3cc(-c4ccc(CN5CCN(C)CC5)s4)sc23)c(Cl)cc1Cl,chembl,active
Cc1cc(-c2c(Cl)cccc2Cl)cc2nnc(Nc3ccc(OCCCN4CCN(C)CC4)cc3)nc12,chembl,active
Cc1cccc(NC(=O)Nc2ccc(-c3csc4c(-c5cnn(CC(C)O)c5)cnc(N)c34)cc2)c1,chembl,active
Nc1ncnc2c1c(-c1ccc(Cl)c(O)c1)nn2CC1CCNC1,chembl,active
CSc1nc(Nc2cccc(Cl)c2)c2cnn(CC(C)c3ccccc3)c2n1,chembl,active
CNC(=O)c1cnc(N)c2c(-c3ccc(NC(=O)Nc4cc(C)ccc4F)cc3)csc12,chembl,active
COc1cc(Nc2nn3c(N4CCC[C@H]4CO)cc(C4CC4)nc3c2C(N)=O)cc(OC)c1,chembl,active
Cc1ccc(NC(=O)Nc2ccc(-c3csc4c(-c5cnn(C)c5)cnc(N)c34)cc2)cc1,chembl,active
CC(C)n1nc(-c2cccc(O)c2F)c2c(N)ncnc21,chembl,active
Cn1cc(-c2cnn3c(N)c(-c4ccc(NC(=O)Nc5cccc(C(F)(F)F)c5)cc4)cnc23)cn1,chembl,active
Cc1cccc(C)c1-c1cc(C)c2nc(Nc3ccc(S(=O)(=O)N(C)CCN4CCCC4)cc3)nnc2c1,chembl,active
Cc1ccc(NC(=O)CCC(F)(F)F)cc1N1CCc2nc(Nc3ccc(C(=O)N4CCN(C)CC4)cc3)ncc2C1,chembl,active
Cc1cccc(C)c1-c1cc(C)c2nc(Nc3cccc(NS(=O)(=O)CCN4CCCC4)c3)nnc2c1,chembl,active
Cc1cc(F)ccc1-c1cc2nnc(Nc3ccc(OCCN4CCCC4)cc3)nc2cc1C,chembl,active
COc1cc(Nc2c(C#N)cnc3cc(-c4cc(CN5CCOCC5)ccn4)ccc23)c(Cl)cc1Cl,chembl,active
Cc1cccc(C)c1-c1cc(C)c2nc(Nc3cccc(S(=O)(=O)NCCN4CCCC4)c3)nnc2c1,chembl,active
CC(=O)N[C@@H](Cc1ccc(OP(=O)(O)O)cc1)C(=O)N[C@H]1CCCCN(Cc2ccc(-c3ccccc3C#N)cc2)C1=O,chembl,active
Cc1cc(Nc2cc(C)c(C#N)c(NC(C)CCCC(C)(C)O)n2)n[nH]1.Cl,chembl,active
CCOc1cc2nc(Nc3ccc(S(=O)(=O)NCCN4CCCC4)cc3)nnc2cc1-c1ccccc1C,chembl,active
Cc1ccc(NC(=O)c2cc(C(F)(F)F)ccn2)cc1N1CCc2nc(Nc3ccc(C(=O)N4CCN(C)CC4)cc3)ncc2C1,chembl,active
Cc1cc2nc(Nc3cccnc3)nnc2cc1-c1cc(O)ccc1F,chembl,active
COc1cc(Cc2nn([C@H]3CC[C@H](N4CCN(C)CC4)CC3)c3ncnc(N)c23)ccc1NC(=O)[C@@H]1C[C@H]1c1ccccc1,chembl,active
Cc1cc(-c2c(Cl)cccc2Cl)cc2nnc(Nc3cccnc3)nc12,chembl,active
Cc1ccc(NC(=O)c2cc(C(F)(F)F)ccn2)cc1N1CCc2nc(Nc3ccc(N4CCN(C)CC4)cc3)ncc2C1=O,chembl,active
CN1CCN(c2ccc(Nc3ncc4c(n3)CCN(c3cc(NC(=O)c5cccc(C(F)(F)F)c5)ccc3Cl)C4=O)cc2)CC1,chembl,active
COc1c(NC(=O)Nc2ccc(Oc3ccnc(Nc4ccn(C)n4)c3)c3ccccc23)cc(C(C)(C)C)cc1P(C)(C)=O,chembl,active
CN(C)CC1CCN(CCn2nc(-c3cnc4[nH]ccc4c3)c3c(N)ncnc32)CC1,chembl,active
COc1cc2c(N[C@@H]3C[C@H]3c3ccccc3)c(C#N)cnc2cc1OCCCN1CCN(C)CC1,chembl,active
Cc1nn(C(C)C)c(C)c1-c1nc2c(-c3ccc4c(c3)CCCC[C@H]4NC(=O)c3nc(C(C)(C)C)no3)ccnc2[nH]1,chembl,active
Cc1cccc(C)c1-c1cc(C)c2nc(Nc3cccc(C(=O)NCCCN4CCN(C)CC4)c3)nnc2c1,chembl,active
Cc1cc(-c2c(Cl)cccc2Cl)cc2nnc(Nc3cccc(OCCN4CCN(C)CC4)c3)nc12,chembl,active
O=C(Cc1cccc(Br)c1)Nc1ccc2ncnc(Nc3ccc(Br)cc3)c2c1,chembl,active
Cc1cc(NC(=O)c2cn(C3CCC(C)(C)CC3)c3ncnc(N)c23)n[nH]1,chembl,active
COc1cc(CO)cc(Nc2cc(Oc3ccc(NC(=O)Nc4cc(C(C)(C)C)cc(C(N)=O)c4OC)c4ccccc34)ccn2)c1,chembl,active
COc1cc(Nc2c(C#N)cnc3cc(-c4cccc(CN5CCOCC5)c4)ccc23)c(Cl)cc1Cl,chembl,active
CN1CCN(CCCOc2ccc(Nc3cc4c(cn3)cc(-c3c(Cl)cccc3Cl)c(=O)n4C)cc2)CC1,chembl,active
COc1cc(Nc2c(C#N)cnc3cc(OC)c(OCCCN4CCOCC4)cc23)c(Cl)cc1Cl,chembl,active
COc1cc2c(Nc3c(F)ccc4c3OCO4)ncnc2cc1OCCCN1CCOCC1,chembl,active
COc1cc(Nc2c(C#N)cnc3cc(C#CCCN4CCN(C)CC4)ccc23)c(Cl)cc1Cl,chembl,active
C=CC(=O)Nc1cccc(Oc2nc(Nc3cc(C)[nH]n3)cc(N3CCN(C)CC3)n2)c1,chembl,active
Cc1ccc(NC(=O)c2cccc(C(C)(C)C)c2)cc1N1CCc2nc(Nc3ccc(N4CCN(C)CC4)cc3)ncc2C1=O,chembl,active
CN1CCN(Cc2ccc(NC(=O)Nc3ccc(Oc4ccncc4)cc3)cc2C(F)(F)F)CC1,chembl,active
COc1ccc(-n2nc(C(C)(C)C)cc2NC(=O)Nc2ccc(Oc3ccnc(Nc4cccc(C#N)c4)n3)c3ccccc23)cn1,chembl,active
Cc1cc(NC(=O)c2cn(C3CC4CCC3C4)c3ncnc(N)c23)n[nH]1,chembl,active
Cc1cc(-c2c(Cl)cccc2Cl)cc2nnc(Nc3cccc(OCCCN4CCN(C)CC4)c3)nc12,chembl,active
Cc1cccc(C)c1-c1cc(C)c2nc(Nc3cccc(S(=O)(=O)NCCN4CCNCC4)c3)nnc2c1,chembl,active
Cc1cccc(C)c1-c1cc(C)c2nc(Nc3ccc(S(=O)(=O)NCCCN4CCCC4)cc3)nnc2c1,chembl,active
COC(=O)c1cc2cc(NC(=O)c3c(Cl)cccc3Cl)cnc2[nH]1,chembl,active
CC(C)n1nc(Cc2cccc(C(=O)CF)c2)c2c(N)ncnc21,chembl,active
COc1cc(Nc2c(C#N)cnc3cc4c(cc23)ncn4CCN2CCOCC2)c(C)cc1Cl,chembl,active
COc1cc(Nc2c(C#N)cnc3cc(-c4cccc(CCN5CCOCC5)c4)ccc23)c(Cl)cc1Cl,chembl,active
COc1cc2c(Nc3cc(OC)c(OC)c(OC)c3)c(C#N)cnc2cc1C#Cc1cccc(CN(C)C)n1,chembl,active
CNS(=O)(=O)c1ccc2c(c1)/C(=C/c1[nH]c3c(c1CCCN1CCN(CCO)CC1)CCCC3)C(=O)N2,chembl,active
CC(=O)Nc1cc(-c2c(C)cccc2C)cc2nnc(Nc3ccc(S(=O)(=O)NCCN4CCCC4)cc3)nc12,chembl,active
Nc1ncnc2c1c(-c1ccc(Cl)c(O)c1)nn2[C@@H]1CCNC1,chembl,active
Cn1c(=O)c(-c2c(Cl)cccc2Cl)cc2cnc(Nc3ccc(OC4OC(CO)C(O)C(O)C4O)cc3)nc21,chembl,active
CSc1nc(Nc2cccc(O)c2)c2cnn(CC(Cl)c3ccccc3)c2n1,chembl,active
COc1ccc(Cl)c(Nc2ncnc3cc(OCCCN4CCOCC4)cc(OC(C)C)c23)n1,chembl,active
Clc1cccc(Cl)c1-c1ccc2nc(Nc3ccc(OCCN4CCCC4)cc3)nnc2c1,chembl,active
COc1ccc(Cl)c(Nc2c(C#N)cnc3cc4[nH]cnc4cc23)c1,chembl,active
COc1ccc(Cl)c(Nc2ncnc3cc(OC)cc(OC4CCN(C)CC4)c23)c1,chembl,active
Cc1ccc(NC(=O)c2cccc(C(F)(F)F)c2)cc1N1CCc2nc(Nc3ccc(CC(=O)N4CCN(C)CC4)cc3)ncc2C1=O,chembl,active
CNS(=O)(=O)c1ccc2c(c1)/C(=C/c1[nH]c3c(c1CCC(N)=O)CCCC3)C(=O)N2,chembl,active
COc1cc2c(Nc3cccc4ccoc34)ncnc2cc1OCCCN1CCOCC1,chembl,active
Nc1c(C(=O)c2ccc3ncccc3c2)cnn1-c1cc(O)ccc1Cl,chembl,active
Nc1ncnc2c1c(-c1ccc(F)c(O)c1)nn2[C@@H]1CCOC1,chembl,active
CN1CCN(CCCNc2ncc3cc(-c4c(Cl)cccc4Cl)c(NC(=O)NC(C)(C)C)nc3n2)CC1,chembl,active
CC(C)n1nc(-c2cc(O)cc(Br)c2)c2c(N)ncnc21,chembl,active
CCCn1cc(-c2cnc(N)c3c(-c4ccc(NC(=O)Nc5cccc(F)c5)cc4)csc23)cn1,chembl,active
Cl.c1ccc(-c2cccc(Nc3ncnc4cc5c(cc34)OCO5)c2)cc1,chembl,active
COc1cccc(-c2cn(-c3ccc(CCN(C)CCO)cc3)c3ncnc(N)c23)c1,chembl,active
COc1cccc(-c2cn(-c3ccc(CNCCO)cc3)c3ncnc(N)c23)c1,chembl,active
Nc1ncnc2c1c(-c1ccccc1)cn2-c1ccc(CNCCO)cc1,chembl,active
Cc1cccc(C)c1-c1cc([N+](=O)[O-])c2nc(Nc3ccc(OCCN4CCCC4)cc3)n[n+]([O-])c2c1,chembl,active
CCOC1CN(c2ccc(Nc3nnc4cc(-c5c(C)cccc5C)cc(C)c4n3)cc2)CCO1,chembl,active
CCCP(=O)(CCC)c1ccc(Nc2nc(C(C)C)nc3c2ncn3/C=C/c2ccccc2)cc1,chembl,active
Cn1c(=O)c(-c2c(Cl)cccc2Cl)cc2cnc(Nc3ccc(CCCC(=O)O)cc3)nc21,chembl,active
COc1cc(Nc2cc(Oc3ccc(NC(=O)Nc4cc(C(C)(C)C)cc(P(C)(C)=O)c4OC)c4ccccc34)ccn2)cc(C(N)=O)c1,chembl,active
Cc1nc(Nc2n[nH]c3c2CN(C(=O)N[C@H](CN(C)C)c2ccccc2)C3(C)C)c2sccc2n1,chembl,active
CCOC(=O)C[C@@H]1C[C@@H](n2cc(-c3ccc(O)cc3)c3c(N)ncnc32)CN1C(=O)OC(C)(C)C,chembl,active
COc1c(NC(=O)Nc2ccc(Oc3ccnc(Nc4ccccc4)c3)c3ccccc23)cc(C(C)(C)C)cc1P(C)(C)=O,chembl,active
CCN1CCN(Cc2ccc(C(=O)Nc3ccc(C)c(Nc4nc5ccccc5n4-c4cc(N)ncn4)c3)cc2Cl)CC1,chembl,active
CCN(CC)CCCOc1ccc(Nc2cc3c(cn2)cc(-c2c(Cl)cccc2Cl)c(=O)n3C)cc1,chembl,active
CN(C)CCNc1cc(-c2ccccc2)c2c(N)c(C(=O)N/N=C/c3cncn3C)sc2n1,chembl,active
O=C1NN=Cc2c[nH]c3cc(NC(=O)C4CC4c4ccccc4)cc1c23,chembl,active
CN1CCN(c2ccc(C(=O)Nc3n[nH]c4ccc(Cc5cc(F)cc(F)c5)cc34)c(NC3CCOCC3)c2)CC1,chembl,active
Cn1cc(-c2cnc(N)c3c(-c4ccc(NC(=O)Nc5cccc(F)c5)cc4)csc23)cn1,chembl,active
COc1cc(Nc2ncc([N+](=O)[O-])c(Nc3ccccc3C(N)=O)n2)cc(OC)c1OC,chembl,active
Nc1ncc(-c2cnn(CCO)c2)c2scc(-c3ccc(NC(=O)Nc4cccc(F)c4)cc3)c12,chembl,active
c1ccc(-c2cccc(Nc3ncnc4cc5c(cc34)OCO5)c2)cc1,chembl,active
Cc1cccc(C)c1-c1cc(C)c2nc(Nc3ccc(OCCN4CCOCC4)cc3)nnc2c1,chembl,active
CC(Cn1ncc2c(Nc3cc(O)ccc3Cl)nc(NCCN)nc21)c1ccccc1,chembl,active
CC(C)n1nc(-c2cc(O)cc(F)c2)c2c(N)ncnc21,chembl,active
COc1cc(CO)cc(Nc2cc(Oc3ccc(NC(=O)Nc4cc(C(C)(C)C)cc(CC(N)=O)c4OC)c4ccccc34)ccn2)c1,chembl,active
COc1cc(Nc2nccc(Oc3ccc(NC(=O)Nc4cc(C(C)(C)C)cc(OCP(C)(C)=O)c4OC)c4ccccc34)n2)cc(OC)c1,chembl,active
Nc1nccn2c([C@@H]3CC[C@H]4CCC(=O)N4C3)nc(-c3ccc(C(=O)Nc4cc(C(F)(F)F)ccn4)cc3)c12,chembl,active
CCN1CCC(Nc2ccc3c(c2)C(=C(c2ccc(Cl)cc2)c2ncc[nH]2)C(=O)N3)CC1,chembl,active
Cc1cccc(C)c1-c1cc(C)c2nc(Nc3cccc(OCCN4CCOCC4)c3)nnc2c1,chembl,active
C=CC(=O)Nc1ccc(Nc2nc(Nc3ccc(N4CCN(C)CC4)cc3)ncc2C(=O)Nc2c(C)cccc2Cl)cc1,chembl,active
COc1cc(Nc2c(C#N)cnc3cc(-c4ccc(N5CCOCC5)cc4)sc23)c(Cl)cc1Cl,chembl,active
CNC(=O)c1cc(Oc2ccc(NC(=O)Nc3cc(C(C)(C)C)nn3-c3ccc4ncccc4c3)c(F)c2)ccn1,chembl,active
COc1cc2ncc(C#N)c(Nc3cc(OC)c(OC)c(OC)c3)c2cc1OC,chembl,active
COc1cc(Nc2cc(Oc3ccc(NC(=O)Nc4cc(C(C)(C)C)cc(CC(N)=O)c4OC)c4ccccc34)ccn2)cc(C(N)=O)c1,chembl,active
COc1cc2c(Nc3cc(OC)c(OC)c(OC)c3)c(C#N)cnc2cc1C#Cc1cccnc1,chembl,active
CC(=O)Nc1cc(-c2c(C)cccc2C)cc2nnc(Nc3ccc(S(=O)(=O)N(CCN4CCCC4)C(C)=O)cc3)nc12,chembl,active
C=CC(=O)N1CCC[C@H](n2nc(-c3ccc(Oc4ccccc4)cc3C)c3c(N)ncnc32)C1,chembl,active
Cc1cc(-c2ccccc2Cl)cc2nnc(Nc3ccc(OCCN4CCCC4)cc3)nc12,chembl,active
Cc1cccc(C)c1-c1cc(C)c2nc(Nc3cccc(S(=O)(=O)CCCN4CCCC4)c3)nnc2c1,chembl,active
COc1ccc(-n2nc(C(C)(C)C)cc2NC(=O)Nc2ccc(OCc3ccnc4[nH]c(=O)cnc34)c3ccccc23)cc1,chembl,active
CN1CCN(CCCCCNc2cc3c(cn2)cc(-c2c(Cl)cccc2Cl)c(=O)n3C)CC1,chembl,active
Cc1ccc(-n2nc(C(C)(C)C)cc2NC(=O)Nc2ccc(Oc3ncnc4[nH]c(=O)[nH]c34)c3ccccc23)cc1,chembl,active
CC(C)n1nc(-c2ccc(Cl)c(Cl)c2)c2c(N)ncnc21,chembl,active
CN1CCN(C(=O)c2ccc(Nc3ncc4cc(-c5c(Cl)cccc5Cl)c(=O)n(C)c4n3)cc2)CC1,chembl,active
CN1CCN(c2ccc(Nc3ncc4c(=O)n(-c5c(Cl)cc(Cl)cc5Cl)c5nc6ccccc6n5c4n3)cc2)CC1,chembl,active
COc1cc(Nc2ncnc3cc(OCCCN4CCOCC4)cc(OC(C)C)c23)c(Cl)cn1,chembl,active
Cc1ccc(N2CN(C(C)(C)C)c3[nH]ncc3C2=N)cc1,chembl,active
CCOC(=O)C[C@H]1C[C@H](n2cc(-c3ccc(O)cc3)c3c(N)ncnc32)CN1C(=O)OC(C)(C)C,chembl,active
CN1CCN([C@H]2CC[C@H](n3nc(-c4ccc(Oc5ccccc5)cc4)c4c(N)ncnc43)CC2)CC1,chembl,active
Cc1cccc(C)c1-c1cc(C)c2nc(Nc3ccc(OCCCN4CCN(C)CC4)cc3)nnc2c1,chembl,active
Cc1cc(NC(=O)c2cn(C(C)C)c3ncnc(N)c23)n[nH]1,chembl,active
Cc1cccc(C)c1-c1cc(C)c2nc(Nc3ccncc3)nnc2c1,chembl,active
Cn1c(=O)c(-c2c(Cl)cccc2Cl)cc2cnc(Nc3ccc(N)cc3)nc21,chembl,active
CCCOC1CN(C)CCN1c1ccc(Nc2nnc3cc(-c4c(C)cccc4C)cc(C)c3n2)cc1,chembl,active
CNC(=O)c1cc(Oc2ccc(NC(=O)Nc3ccc(CN4CCN(C)CC4)c(C(F)(F)F)c3)cc2)ccn1,chembl,active
CC(C)(C)c1cc(NC(=O)Nc2ccc(Oc3ccnc4[nH]c(=O)[nH]c34)c3ccccc23)n(-c2ccccc2)n1,chembl,active
CC(C)(C)n1nc(-c2ccc(Cl)cc2)c2c(N)ncnc21,chembl,active
COc1cc(Nc2c(C#N)cnc3cc(-c4cncc(CN5CCOCC5)c4)ccc23)c(Cl)cc1Cl,chembl,active
Cc1cccc(C)c1-c1cc(C)c2nc(Nc3ccc(OCC(C)N4CCN(C)CC4)cc3)nnc2c1,chembl,active
CC(C)(C)n1nc(C(=O)Nc2cc(C(F)(F)F)[nH]n2)c2c(N)ncnc21,chembl,active
Cc1ccn(-c2ccc(C(C)(C)C)cc2)c(=O)c1-c1ccc2nc(N)ncc2c1,chembl,active
Cc1cc2c(Nc3ccc4nc(N)sc4c3)c(C#N)cnc2cc1OCCCN1CC(C)NC(C)C1,chembl,active
Nc1nc(Nc2ccc3c(c2)CC[C@@H](N2CCCC2)CC3)nn1-c1cc2c(nn1)-c1ccccc1CCC2,chembl,active
COc1cc(Cl)c(Cl)c(Nc2c(C#N)cnc3cc(/C=C/c4cnccn4)ccc23)c1,chembl,active
COc1cc(Nc2cc(Oc3ccc(NC(=O)Nc4cc(C(C)(C)C)cc([S+](C)[O-])c4OC)c4ccccc34)ccn2)cc(C(N)=O)c1,chembl,active
O=C(NCC(F)(F)F)c1cc(-c2cnn3cc(-c4ccc(OCCN5CCCCC5)cc4)cnc23)cs1,chembl,active
CC(C)Cn1c2ccc(Nc3ncccn3)cc2c2c3c(c4c(c21)CCc1nn(C)cc1-4)C(=O)NC3,chembl,active
Cc1cccc(C)c1Nc1ncc(-c2ccc(OCCN3CCOCC3)cc2)n2cncc12,chembl,active
Cc1ccc(-n2nc([Si](C)(C)C)cc2NC(=O)Nc2ccc(Oc3ccnc(Nc4ccc5onc(N)c5c4)n3)c3ccccc23)cc1,chembl,active
COc1cc(Nc2nccc(Oc3ccc(NC(=O)Nc4cc(C(C)C)nn4-c4ccc(C)cc4)c4ccccc34)n2)cc(C(=O)NCCO)c1,chembl,active
Nc1ncnc2c1c(-c1ccc(O)cc1)cn2C1CCNC1,chembl,active
COc1cccc(Nc2ncnc3cc(OCCCN4CCOCC4)c(OC)cc23)c1,chembl,active
CC(C)n1nc(-c2cccc3[nH]ccc23)c2c(N)ncnc21,chembl,active
Cn1c(=O)c(-c2c(Cl)cccc2Cl)cc2cnc(Nc3cccc(N)c3)nc21,chembl,active
Cn1c(=O)c(-c2c(Cl)cccc2Cl)cc2cnc(Nc3ccc(NCC(O)CO)cc3)nc21,chembl,active
CC(C)n1nc(-c2ccc3cc(OCc4ccccc4)ccc3c2)c2c(N)ncnc21,chembl,active
COc1cc2nc(Nc3ccc(S(=O)(=O)NCCN4CCCC4)cc3)nnc2cc1-c1cccc(O)c1,chembl,active
Cc1cc(C)c(Nc2ncc(-c3ccccc3)n3cncc23)c(C)c1,chembl,active
COc1cccc(-c2cn(C3CCN(CC(N)=O)C3)c3ncnc(N)c23)c1,chembl,active
Cc1cccc(C)c1-c1cc(C)c2nc(Nc3cccc(OCCCN4CCN(C)CC4)c3)nnc2c1,chembl,active
Cc1ccc(NC(=O)c2cc(OC3CCN(C)CC3)cc(C(F)(F)F)c2)cc1Nc1nc2ccccc2n1-c1cc(N)ncn1,chembl,active
Cc1cccc(C)c1-c1cc(C)c2nc(Nc3cccc(OCC(C)N4CCN(C)CC4)c3)nnc2c1,chembl,active
CC(C)n1nc(-c2ccc3[nH]ccc3c2)c2c(N)ncnc21,chembl,active
COc1cc(Nc2nccc(Oc3ccc(NC(=O)Nc4cc(C(C)C)nn4-c4ccc(C)cc4)c4ccccc34)n2)cc(OS(C)(=O)=O)c1,chembl,active
CC(C)n1nc(-c2ccc(N)c(O)c2)c2c(N)ncnc21,chembl,active
COCCOC1CCC(n2nc(-c3ccc(Nc4nc5cc(C)cc(C)c5o4)cc3)c3c(N)ncnc32)CC1,chembl,active
Cl.Oc1cccc(Nc2nc(SCCN3CCOCC3)nc3c2cnn3CCc2ccccc2)c1,chembl,active
CN(C)CCNc1cc(Cc2ccccc2)c2c(N)c(C(=O)N/N=C/c3cccn3C)sc2n1,chembl,active
CNc1nccc(-c2c[nH]c(=O)c(NC(=O)c3ccc(N4CCCCC4)cc3)c2)n1,chembl,active
Nc1ncnc2c1c(-c1cccc(O)c1)cn2-c1ccc(CCO)cc1,chembl,active
CC(C)(C)c1cc(NC(=O)Nc2ccc(Oc3ccnc(Nc4ccccc4)n3)c3ccccc23)n(-c2cccc(CP(C)(C)=O)c2)n1,chembl,active
CN(CCO)CCc1ccc(-n2cc(-c3cccc(O)c3)c3c(N)ncnc32)cc1,chembl,active
COc1cccc(-c2cn(C3CCC3)c3ncnc(N)c23)c1,chembl,active
OCCNCCOc1ccc(-n2cc(-c3cccc(O)c3)c3cncnc32)cc1,chembl,active
CNC(=O)CNCCOc1ccc(-n2cc(-c3cccc(OC)c3)c3c(N)ncnc32)cc1,chembl,active
COc1cccc(-c2cn(-c3ccc(CCN(C)C)cc3)c3ncnc(N)c23)c1,chembl,active
Cc1cccc(C)c1-c1cc(C)c2nc(Nc3cccc(OCCN4CCN(C)CC4)c3)nnc2c1,chembl,active
COC(=O)c1cc2cc(NCc3cc(NC(=O)c4cc(-n5cnc(C)c5)cc(C(F)(F)F)c4)ccc3C)cnc2[nH]1,chembl,active
CCCOC1CN(C)CCN1c1cccc(Nc2nnc3cc(-c4c(C)cccc4C)cc(C)c3n2)c1,chembl,active
COc1ccc(Cl)c(Nc2ncnc3cc(OCCCN4CCOCC4)cc(OC(C)C)c23)c1,chembl,active
c1cc(Nc2ncnc3cc(OCCCN4CCCC4)cc(OC4CCOCC4)c23)c2c(c1)OCO2,chembl,active
COc1cc2c(Nc3cccc4c3ccn4C)ncnc2cc1OCCCN1CCOCC1,chembl,active
CCS(=O)(=O)c1ccc2c(c1)/C(=C/c1[nH]c3c(c1CCC(N)=O)CCCC3)C(=O)N2,chembl,active
COc1cc2ncc(C#N)c(Nc3cc(Cl)ccc3Cl)c2cc1OC,chembl,active
Nc1ncnc2c1c(-c1ccc(Oc3ccccc3)cc1)cn2C1CCCC1O,chembl,active
CCc1ccc2nc(Nc3cc(Cc4ccccc4)nc(N[C@H]4CC[C@H](O)CC4)n3)sc2c1,chembl,active
CN1CCN(CCCCNc2cc3c(cn2)cc(-c2c(Cl)cccc2Cl)c(=O)n3C)CC1,chembl,active
N[C@H]1CC[C@H](Nc2nc(Nc3ccc(P(=O)(O)CP(=O)(O)O)cc3)c3ncn(C4CCCC4)c3n2)CC1,chembl,active
CCOC1CN(C)CCN1c1cccc(Nc2nnc3cc(-c4c(C)cccc4C)cc(C)c3n2)c1,chembl,active
COc1cc(Nc2nn3c(N[C@@H](CO)C(C)C)cc(C(C)C)nc3c2C(N)=O)cc(OC)c1,chembl,active
N#Cc1cnc2cc(/C=C/CCN3CCOCC3)ccc2c1Nc1ccc(Cl)cc1Cl,chembl,active
COCC(C)(C)n1cc(C(=O)Nc2cc(C)[nH]n2)c2c(N)ncnc21,chembl,active
CC(C)n1nc(-c2ccc3cc(OCc4ccccc4)ccc3c2)c2c(N)ncnc21.Cl,chembl,active
CCN(CC)CCCCNc1cc2nc(O)c(-c3c(Cl)cccc3Cl)cc2cn1,chembl,active
CN1CCN([C@H]2CC[C@@H](n3cc(-c4ccc(Oc5ccccc5)cc4)c4c(N)ncnc43)CC2)CC1,chembl,active
N#Cc1cnc2cc(/C=C/c3ccncc3)ccc2c1Nc1ccc(Cl)cc1Cl,chembl,active
Cc1cc(-c2c(Cl)cccc2Cl)cc2nnc(Nc3ccncc3)nc12,chembl,active
CCN(CC)CCCOc1cc2ncc(C#N)c(Nc3ccc4nc(N)sc4c3)c2cc1C,chembl,active
Cc1cccc(C)c1Nc1ncc(-c2ccc(F)cc2)n2cncc12,chembl,active
Clc1cccc(Cl)c1Nc1ncc(-c2ccccc2)n2cncc12,chembl,active
CC(C)n1nc(-c2ccc3cc[nH]c3c2)c2c(N)ncnc21,chembl,active
CCn1cnc2c(Nc3ccc(P(C)(C)=O)cc3)nc(NC3CCOCC3)nc21,chembl,active
Cc1cccc(C)c1-c1cc(C)c2nc(Nc3cccc(S(=O)(=O)NCCN(C)C)c3)nnc2c1,chembl,active
Nc1ncnc2c1c(-c1ccc3cn[nH]c3c1)nn2C1CCCC1,chembl,active
Nc1ncnc2c1c(-c1ccc(F)c(O)c1)nn2Cc1ocnc1-c1ccccc1,chembl,active
Cn1cc(-c2cnc3c(-c4csc(C(=O)NCC(F)(F)F)c4)cnn3c2)cn1,chembl,active
Cc1cccc(C)c1/C=C/n1cnc2c(Nc3ccc(P(C)(C)=O)cc3)nc(-c3ccccn3)nc21,chembl,active
Cc1cc(-n2ccc(C)c(-c3ccc4nc(N)ncc4c3)c2=O)ccc1F,chembl,active
COc1cncc(Nc2cc(Oc3ccc(NC(=O)Nc4cc(C(C)(C)C)cc(P(C)(C)=O)c4OC)c4ccccc34)ccn2)c1,chembl,active
CC(C)n1nc(-c2ccc(O)c(F)c2)c2c(N)ncnc21,chembl,active
CC(=O)Nc1ccc(Nc2ncc3cc(-c4c(Cl)cccc4Cl)c(=O)n(C)c3n2)cc1,chembl,active
COc1cc(-c2nn([C@H]3CC[C@H](N4CCN(C)CC4)CC3)c3ncnc(N)c23)ccc1NC(=O)c1cc2ccccc2o1,chembl,active
Cn1c(=O)c(-c2c(Cl)cccc2Cl)cc2cnc(Nc3cccc(O)c3)nc21,chembl,active
CO/N=C(\C)c1ccc2c(c1)c1c3c(c4c(c1n2CC(C)C)CCc1nn(C)cc1-4)C(=O)NC3,chembl,active
C=CC(=O)Nc1ccc2c(Nc3cc[nH]n3)nc(-c3ccccc3)nc2c1,chembl,active
COc1ccc(Cl)c(Nc2c(C#N)cnc3cc4c(cc23)ncn4CCN2CCOCC2)c1,chembl,active
COc1cc(Nc2ncc3c(=O)n(-c4c(C)cccc4C)c4nc5ccccc5n4c3n2)cc(OC)c1OCCN1CCOCC1,chembl,active
CCN(CC)CCCCNc1cc2c(cn1)cc(-c1c(Cl)cccc1Cl)c(=O)n2C,chembl,active
COc1cc2c(Oc3ccc(NS(=O)(=O)c4c(F)cccc4F)cc3F)ccnc2cc1OCCCN1CCN(C)CC1,chembl,active
CCN(CC)CCCCNc1ncc2cc(-c3c(Cl)cccc3Cl)c(NC(=O)NC(C)(C)C)nc2n1,chembl,active
Cc1cc(-c2c(Cl)cccc2Cl)cc2nnc(Nc3ccc(S(=O)(=O)N(C)CCN4CCCC4)cc3)nc12,chembl,active
COc1cc(Nc2cc(Oc3ccc(NC(=O)Nc4cc(C(C)(C)C)cc(P(C)(C)=O)c4OC)c4ccccc34)ccn2)cc(OC)c1,chembl,active
COc1cccc(Nc2cc(Oc3ccc(NC(=O)Nc4cc(C(C)(C)C)cc(CC(N)=O)c4OC)c(Cl)c3Cl)ccn2)c1,chembl,active
Cn1c(=O)c(-c2c(Cl)cccc2Cl)cc2cnc(NCCCCN3CCOCC3)cc21,chembl,active
Cc1cc(NC(=O)c2cn(C3(C4CC4)CC3)c3ncnc(N)c23)n[nH]1,chembl,active
COc1cc2c(N[C@@H]3C[C@H]3c3ccccc3)c(C#N)cnc2cc1OCCCN1CCOCC1,chembl,active
Cc1ccc(-n2nc([Si](C)(C)C)cc2NC(=O)Nc2ccc(Oc3ccnc(Nc4ccc5[nH]ncc5c4)n3)c3ccccc23)cc1,chembl,active
c1ccc(-c2c(-c3ccc(OCCN4CCCC4)cc3)oc3ncnc(NCCN4CCNCC4)c23)cc1,chembl,active
Cc1ccncc1-c1cc2nnc(Nc3ccc(OCCN4CCCC4)cc3)nc2cc1C,chembl,active
Fc1cccc(CNc2ncnc3c2cnn3CC(Cl)c2ccc(Br)cc2)c1,chembl,active
Cc1ccc(-n2nc(C(C)(C)C)cc2NC(=O)Nc2ccc(Oc3ccnc(Nc4cccc5cn[nH]c45)n3)c3ccccc23)cc1,chembl,active
Nc1ncnc2c1c(-c1ccc(F)c(O)c1)nn2[C@@H]1CCNC1,chembl,active
Cc1ccc(Nc2c(C#N)cnc3cc(/C=C/c4ccncc4)ccc23)c(C)c1,chembl,active
CCCCn1c(-c2cc(-c3cccc4[nH]ncc34)ccc2C)cn2c3c(=O)[nH]c(=O)n(C)c3nc12,chembl,active
COc1c(NC(=O)Nc2ccc(Oc3ccnc(Nc4cnccn4)c3)c3ccccc23)cc(C(C)(C)C)cc1P(C)(C)=O,chembl,active
CC(C)n1nc(-c2ccc3c(ccn3C(=O)OC(C)(C)C)c2)c2c(N)ncnc21,chembl,active
COc1cc(Nc2c(C#N)cnc3cc(C#Cc4cccnc4)ccc23)c(Cl)cc1Cl,chembl,active
CN1CCN(Cc2ccc(-c3cc4ncc(C#N)c(Nc5ccc(Cl)cc5Cl)c4s3)nc2)CC1,chembl,active
Oc1ccc(Cl)c(-c2cc(OCCN3CCCC3)c3nc(Nc4cccnc4)nnc3c2)c1,chembl,active
Cc1ccc(NC(=O)c2cc(N3CCN(C)CC3)cc(C(F)(F)F)c2)cc1Nc1nc2ccccc2n1-c1cc(N)ncn1,chembl,active
COCCN(C)CCN1CCC(n2cc(-c3cccc(OC)c3)c3c(N)ncnc32)CC1,chembl,active
Cc1ccncc1-c1cc2nnc(Nc3ccc(C(=O)N4CCN(C)CC4)cc3)nc2cc1C,chembl,active
COc1c(CC(N)=O)cc(C(C)(C)C)cc1NC(=O)Nc1ccc(Oc2ccnc(Nc3ccn(C)n3)c2)c2ccccc12,chembl,active
CC(C)c1cc(NC(=O)Nc2ccc(Oc3ccnc(Nc4ccccc4)c3)c3ccccc23)n(-c2cccc(CP(C)(C)=O)c2)n1,chembl,active
COc1cc(Nc2nccc(Oc3ccc(NC(=O)Nc4cc(C(C)C)nn4-c4ccc(C)cc4)c4ccccc34)n2)cc(SCCO)c1,chembl,active
COc1c(NC(=O)Nc2ccc(Oc3ccnc(Nc4cc(C)cc(C)c4)c3)c3ccccc23)cc(C(C)(C)C)cc1P(C)(C)=O,chembl,active
Cc1cccc(C)c1-c1cc(C)c2nc(Nc3cccc(S(=O)(=O)N4CCNCC4)c3)nnc2c1,chembl,active
CNc1cc(C(C)(C)C)cc(NC(=O)Nc2ccc(Oc3ccnc(Nc4cc(OC)cc(S(=O)(=O)C5CC5)c4)n3)c3ccccc23)c1OC,chembl,active
CCC(=O)Nc1ccc2c(Nc3cc[nH]n3)nc(-c3ccccc3)nc2c1,chembl,active
CC(C)n1cc(-c2ccc(Oc3ccccc3)cc2)c2c(N)ncnc21,chembl,active
Nc1ncnc2c1c(-c1ccc3[nH]ncc3c1)nn2C1CCCC1,chembl,active
COc1cc2c(N[C@@H]3C[C@H]3c3ccccc3)c(C#N)cnc2cc1OCCCc1cccnc1,chembl,active
CN1CCN(c2ccc(Nc3ncc4c(=O)n(-c5c(Cl)cccc5Cl)c5nc6ccccc6n5c4n3)cc2)CC1,chembl,active
COc1cc(Nc2nccc(Nc3cc(C4CCCCC4)no3)n2)cc(OC)c1OC,chembl,active
Nc1ncnc2c1c(-c1ccc(O)cc1)cn2[C@H]1CN[C@@H](CO)C1,chembl,active
COC(=O)CN1CCC(n2cc(-c3cccc(OC)c3)c3c(N)ncnc32)C1,chembl,active
CC(C)Oc1cc(OCCCN2CCCC2)cc2ncnc(Nc3c(Cl)ccc4c3OCO4)c12,chembl,active
CNC(=O)C=Cc1cnc(N)c2c(-c3cc(F)c4[nH]c(C)cc4c3)csc12,chembl,active
c1cc(-c2cnn3cc(-c4ccc(OCCN5CCOCC5)cc4)cnc23)ccn1,chembl,active
COc1cccc(-c2cn(-c3ccc(CC(=O)O)cc3)c3ncnc(N)c23)c1,chembl,active
Nc1ncnc2c1c(-c1ccc(O)cc1)cn2[C@@H]1CN[C@H](CO)C1,chembl,active
CC(O)Cn1cc(-c2cnc(N)c3c(-c4ccc(NC(=O)Nc5cccc(F)c5)cc4)csc23)cn1,chembl,active
COc1ccc(C=NNc2ncnc3c2[nH]c2ccccc23)cc1OC,chembl,active
COc1cccc(-c2cn(-c3ccccc3)c3ncnc(N)c23)c1,chembl,active
CN1CCN(Cc2ccc(-c3cc4ncc(C#N)c(Nc5ccc(Cl)cc5Cl)c4s3)cc2)CC1,chembl,active
COc1cc2c(Oc3ccc4[nH]c(C)cc4c3F)ncnc2cc1OCCCN1CCCC1,chembl,active
Cc1cc2c(Nc3ccc4nc(N)sc4c3)c(C#N)cnc2cc1OCCCN1CCN(C)CC1,chembl,active
COC(=O)c1cc2cc(NC(=O)c3ccccc3C)cnc2[nH]1,chembl,active
COc1cc(Nc2c(C#N)cnc3cc(-c4cccc(CN5CCN(C)CC5)n4)sc23)c(Cl)cc1Cl,chembl,active
Cc1cc(-c2cc(N)ccc2Cl)cc2nnc(Nc3ccc(S(=O)(=O)NCCN4CCCC4)cc3)nc12,chembl,active
COc1cc(Nc2c(C#N)cnc3cc(-c4ccc(CN5CCNCC5)o4)sc23)c(Cl)cc1Cl,chembl,active
COc1cc2ncc(C#N)c(Nc3ccc(Cl)cc3F)c2cc1OC,chembl,active
COc1cc2ncc(C#N)c(Nc3ccc(Cl)cc3)c2cc1OC,chembl,active
Cc1cccc(C)c1Nc1ncc(-c2ccc(CN3CCCC3)s2)n2cncc12.Cl,chembl,active
Cc1cc(-c2cc(O)ccc2Cl)cc2nnc(Nc3cccc(S(=O)(=O)N4CCNCC4)c3)nc12,chembl,active
Cc1cccc(C)c1Nc1ncc(-c2ccc(C(=O)N(C)C)cc2)n2cncc12,chembl,active
Cc1cn(-c2cc(C(=O)Nc3cccc(Nc4ccc5c(c4)NC(=O)/C5=C\c4ccc[nH]4)c3)cc(C(F)(F)F)c2)cn1,chembl,active
COc1cccc(-c2cn(C3CCNC3)c3ncnc(N)c23)c1,chembl,active
Nc1ncnc2c1c(-c1ccc(Oc3ccccc3)cc1)nn2C[C@H]1SSC[C@H]1O,chembl,active
Nc1ncnc2c1c(-c1ccc(Oc3ccccc3)cc1)nn2C[C@H]1SSC[C@@H]1O,chembl,active
CN(C)Cc1ccc(-c2cc3ncc(C#N)c(Nc4ccc(Cl)cc4Cl)c3s2)cc1,chembl,active
COc1cc(Nc2c(C#N)cnc3cc(-c4ccc(CN5CCSCC5)cc4)sc23)c(Cl)cc1Cl,chembl,active
CO[C@@H](C(=O)N1Cc2[nH]nc(NC(=O)c3ccc(N4CCN(C)CC4)cc3)c2C1)c1ccccc1,chembl,active
COc1cccc(Nc2cc(Oc3ccc(NC(=O)Nc4cc(C(C)(C)C)cc(CNC(C)=O)c4OC)c4ccccc34)ccn2)c1,chembl,active
Cc1cc2c(Nc3ccc4nc(N)sc4c3)c(C#N)cnc2cc1OCCCN1CCC(C)CC1,chembl,active
CC(C)n1nc(-c2cc(F)c(O)cc2F)c2c(N)ncnc21,chembl,active
COc1cc(Nc2cc(Oc3ccc(NC(=O)Nc4cc(C(C)(C)C)cc(OC(CO)CO)c4OC)c4ccccc34)ccn2)cc(C(N)=O)c1,chembl,active
CC(=O)Oc1ccc(Cl)c(-c2cc(C)c3nc(Nc4ccc(OCCN5CCCC5)cc4)nnc3c2)c1,chembl,active
COC(=O)c1cc2cc(NC(=O)c3c(C)cccc3Cl)cnc2[nH]1,chembl,active
Cc1cccc(C)c1Nc1ncc(-c2cccc(OCCN3CCCC3)c2)n2cncc12.Cl,chembl,active
CN1CCN([C@H]2CC(F)(F)c3cc(NC(=O)c4ccc(F)c(C#Cc5cncc(N6CCOCC6)c5)c4)ccc32)CC1,chembl,active
CCN1CCN(CC/C=C/c2ccc3c(Nc4ccc(Sc5nccn5C)c(Cl)c4)c(C#N)cnc3c2)CC1,chembl,active
Clc1ccc2c(c1Nc1ncnc3cccc(Oc4ccncc4)c13)OCO2,chembl,active
COCC(=O)N1CCC[C@@H](c2nc(-c3ccc(C(=O)Nc4cc(C(F)(F)F)ccn4)cc3F)c3c(N)nccn23)C1,chembl,active
CC(C)n1nc(-c2ccc3cc(O)ccc3c2)c2c(N)ncnc21,chembl,active
CN(C)C1CCN(CCn2nc(-c3cnc4[nH]ccc4c3)c3c(N)ncnc32)CC1,chembl,active
CN(C)C1CCN(CCn2nc(-c3ccc(NC(=O)OC(C)(C)C)cc3)c3c(N)ncnc32)CC1,chembl,active
COc1cc(-c2nn(CCN3CCC(N(C)C)CC3)c3ncnc(N)c23)ccc1Cc1ncc(C)o1,chembl,active
Cc1ccc(NC(=O)c2cc(C3CC3)n[nH]2)cc1Nc1nc2ccccc2n1-c1cc(N)ncn1,chembl,active
Cc1ccc(NC(=O)c2ccncc2C(C)(C)C)cc1Nc1nc2ccccc2n1-c1cc(N)ncn1,chembl,active
CC(C)(C)c1cc(NC(=O)Nc2ccc(Oc3ccnc(Nc4ccccc4)c3)c3ccccc23)n(-c2cccc(CP(C)(C)=O)c2)n1,chembl,active
Cc1ccc(-c2cn([C@H]3CC[C@@H](N)CC3)c3ncnc(N)c23)c(F)c1,chembl,active
CC(C)(C)n1nc(C(=O)Nc2cc(C#N)[nH]n2)c2c(N)ncnc21,chembl,active
COc1cc(-c2nn([C@H]3CC[C@H](N4CCN(C)CC4)CC3)c3ncnc(N)c23)ccc1NC(=O)c1cc2ccccc2[nH]1,chembl,active
COc1cc(Nc2c(C#N)cnc3cc(-c4csc(CN5CCN(C)CC5)n4)sc23)c(Cl)cc1Cl,chembl,active
COc1cccc(Nc2cc(Oc3ccc(NC(=O)Nc4cc(C(C)(C)C)cc(C(=O)NC5COC5)c4OC)c4ccccc34)ccn2)c1,chembl,active
COc1cc2ncc(C#N)c(Nc3ccc(Cl)c(Cl)c3)c2cc1OC,chembl,active
COC(=O)c1ccc(CN2CCCC[C@H](NC(=O)[C@H](Cc3ccc(OP(=O)(O)O)cc3)NC(C)=O)C2=O)cc1,chembl,active
Nc1ncnc2c1c(-c1cccc3[nH]ccc13)nn2C1CCCC1,chembl,active
CC(C)n1nc(-c2ccc3c(N)n[nH]c3c2)c2c(N)ncnc21,chembl,active
COc1cc(Nc2c(C#N)cnc3cc(C#Cc4ccccc4)c(OC)cc23)c(Cl)cc1Cl,chembl,active
CCN1CCN(c2cc(C(=O)Nc3ccc(C)c(Nc4nc5ccccc5n4-c4cc(N)ncn4)c3)cc(C(F)(F)F)c2)CC1,chembl,active
CCn1nc(C#Cc2cc(C(=O)Nc3ccc(CN4CCN(C)CC4)c(C(F)(F)F)c3)ccc2OC)c2c(N)ncnc21,chembl,active
CN1CCN(CCCNc2cc3c(cn2)cc(-c2c(Cl)cccc2Cl)c(=O)n3C)CC1,chembl,active
COc1cccc(-c2cnc(Nc3c(C)cccc3Cl)c3cncn23)c1,chembl,active
Nc1ncnc2c1c(-c1cccc(O)c1)cn2-c1ccc(CCOP(=O)(O)CP(=O)(O)O)cc1,chembl,active
ClC(Cn1ncc2c(Nc3ccccc3)ncnc21)c1ccc(Br)cc1,chembl,active
COc1cc2c(Nc3c(Br)ccc4c3OCO4)ncnc2cc1OCCCN1CCOCC1,chembl,active
Cc1cc2nc(Nc3ccc(OCCN4CCCC4)cc3)nnc2cc1-c1sccc1C,chembl,active
CC(Cn1ncc2c(Nc3cc(O)ccc3Cl)nc(SCCN3CCOCC3)nc21)c1ccccc1,chembl,active
CCS(=O)(=O)c1ccc2c(c1)/C(=C/c1[nH]c3c(c1CCCN(C)C)CCCC3)C(=O)N2,chembl,active
Cc1cc(-c2c(Cl)cccc2Cl)cc2nnc(Nc3ccc(S(=O)(=O)N4CCNCC4)cc3)nc12,chembl,active
O=C(O)CCc1c(/C=C2\C(=O)Nc3ccc(C(=O)O)cc32)[nH]c2c1CCCC2,chembl,active
CNS(=O)(=O)c1ccc2c(c1)/C(=C/c1[nH]c3c(c1CCCN1CCOCC1)CCCC3)C(=O)N2,chembl,active
COc1ccc(Cl)c(Nc2ncnc3cc(OCCCN4CCN(C)CC4)cc(OC(C)C)c23)n1,chembl,active
C#CC(C)(C)c1cc(NC(=O)Nc2ccc(Oc3ccnc(Nc4ccccc4)n3)c3ccccc23)n(-c2ccc(C)cc2)n1,chembl,active
CCc1cc(NC(=O)c2nn(C(C)(C)C)c3ncnc(N)c23)[nH]n1,chembl,active
CN1CCN(CCCCCNc2ncc3cc(-c4c(Cl)cccc4Cl)c(=O)n(C)c3n2)CC1,chembl,active
COc1ccc(-c2ccc3c(c2)NC(=O)/C3=C\c2[nH]c3c(c2CCC(=O)O)CCCC3)cc1,chembl,active
COc1cc(Nc2cc(Oc3ccc(NC(=O)Nc4cc(C(C)(C)C)cc(CC(N)=O)c4OC)c4ccccc34)ccn2)cc(OC)c1,chembl,active
C=C(CF)n1nc(C(=O)Nc2cc(C)[nH]n2)c2c(N)ncnc21,chembl,active
COc1cc2ncc(C#N)c(Nc3c(Cl)cccc3Cl)c2cc1OC,chembl,active
O=c1ccc(-c2cnn3cc(-c4ccc(OCCN5CCOCC5)cc4)cnc23)c[nH]1,chembl,active
COc1c(NC(=O)Nc2ccc(Oc3ccnc(Nc4ccccc4)n3)c3ccccc23)cc(C(C)(C)C)cc1OCP(C)(C)=O,chembl,active
Cn1nc(-c2ccc(Br)c(O)c2)c2c(N)ncnc21,chembl,active
COc1cc2c(Oc3ccc(NC(=O)NN4C(=O)CSC4c4c(F)cccc4F)c(F)c3)ccnc2cc1OCCCN1CCCC1,chembl,active
Cc1cc(-c2cc(O)ccc2Cl)cc2nnc(Nc3ccc(S(=O)(=O)N4CCN(C)CC4)cc3)nc12,chembl,active
Nc1ncc(-c2ccncc2)c2scc(-c3ccc(NC(=O)Nc4cc(C(F)(F)F)ccc4F)cc3)c12,chembl,active
Nc1ncnc2c1c(-c1ccccc1)cn2-c1cccc(CO)c1,chembl,active
COc1cccc(-c2cn(-c3cccc(CO)c3)c3ncnc(N)c23)c1,chembl,active
COc1cccc(-c2cn(C3CCN(CC(=O)N(C)C)CC3)c3ncnc(N)c23)c1,chembl,active
CN1CCN(c2ccc3nc(-c4c(N)c5c(F)cccc5[nH]c4=O)[nH]c3c2)CC1,chembl,active
CCCc1cc(NCCN(C)C)nc2sc(C(=O)N/N=C/c3cccn3C)c(N)c12,chembl,active
O=C(Cc1ccccc1)Nc1cccc(-c2nc3sccn3c2-c2ccnc(Nc3cccc(N4CCOCC4)c3)n2)c1,chembl,active
NS(=O)(=O)c1cccc(Nc2ncc3ccn(Cc4ccccc4)c3n2)c1,chembl,active
C=CS(=O)(=O)Nc1cccc(-c2nn(C(C)C)c3ncnc(N)c23)c1,chembl,active
CCOc1c(OC)cc(Nc2c(C#N)cnc3cc(OC)c(OC)cc23)cc1OC,chembl,active
CC(=O)NCC(=O)N1C2CCC1c1cc(Nc3ncc(C(F)(F)F)c(NC4CCC4)n3)ccc12,chembl,active
COc1cccc(Nc2cc(Oc3ccc(NC(=O)Nc4cc(C(C)(C)C)cc(CC(N)=O)c4OC)c4ccccc34)ccn2)c1,chembl,active
COc1cc2c(Nc3ccc(C)cc3C)c(C#N)cnc2cc1OCC1CCN(C)CC1,chembl,active
COc1ccc(NC(=O)Nc2ccc(-c3csc4c(-c5cnn(CC(C)(C)O)c5)cnc(N)c34)cc2)cc1,chembl,active
Nc1ncnc2c1c(-c1cccc(O)c1)cn2[C@H]1C[C@@H](CO)C1,chembl,active
COCCOC1CCC(n2nc(-c3ccc(Nc4nc5cc(C)cc(Cl)c5o4)cc3)c3c(N)ncnc32)CC1,chembl,active
CC(C)n1nc(-c2ccc3ccccc3c2)c2c(N)ncnc21,chembl,active
CN1CCN(CCOc2cc(OC3CCOCC3)c3c(Nc4c(Cl)ccc5c4OCCO5)ncnc3c2)CC1,chembl,active
CCn1c2ccccc2c2cc(/C=N/OCCO/N=C/c3ccc(O)c(O)c3)ccc21,chembl,active
Clc1ccc2c(c1Nc1ncnc3cc(OCCCN4CCCC4)cc(OC4CCOCC4)c13)OCO2,chembl,active
CCn1c2ccccc2c2cc(/C=N\OCCO/N=C/c3ccc(O)c(O)c3)ccc21,chembl,active
COc1cc(Nc2c(C#N)cnc3cc(/C=C/c4ccccc4)c(OC)cc23)c(Cl)cc1Cl,chembl,active
CN1CCN([C@H]2CC[C@H](n3nc(-c4ccc(Nc5ccccc5)cc4)c4c(N)ncnc43)CC2)CC1,chembl,active
O=C(Nc1nnc(SCc2cccc(F)c2)s1)c1ccc(Cl)cc1,chembl,active
CC(C)n1nc(-c2ccc3ccccc3c2)c2c(N)ncnc21.Cl,chembl,active
Cn1c(=O)c(-c2c(Cl)cccc2Cl)cc2cnc(Nc3cccc(COCC(O)CO)c3)nc21,chembl,active
COc1cc(Nc2c(C#N)cnc3cc(OC)c(OC)cc23)c(F)cc1Cl,chembl,active
Cn1c(=O)c(-c2c(Cl)cccc2Cl)cc2cnc(Nc3ccc(F)cc3)nc21,chembl,active
Nc1n[nH]c2cccc(C#Cc3cccc(NC(=O)c4ccc(N5CCOCC5)c(C(F)(F)F)c4)c3)c12,chembl,active
Cc1cc2nc(Nc3ccc(S(=O)(=O)NCCN4CCCC4)cc3)nnc2cc1-c1ccccc1C(F)(F)F,chembl,active
Cc1ccc(NC(=O)CC(C)C(F)(F)F)cc1N1CCc2nc(Nc3ccc(OCCN4CCN(C)CC4)cc3)ncc2C1,chembl,active
COc1cc(N2CCN(C)CC2)ccc1Nc1ncc2cc(-c3ccccc3Cl)c(=O)n(C[C@H]3CCCO3)c2n1,chembl,active
CCN(CC)CCOc1ccc(Nc2cc(NC(=O)Nc3c(Cl)cccc3Cl)ncn2)cc1,chembl,active
Cc1cc2cn[nH]c2cc1-c1cccc2c(N)c(C(N)=O)nnc12,chembl,active
COc1cc(Nc2cc(Oc3ccc(NC(=O)Nc4cc(C(C)(C)C)cc(CNC(C)=O)c4OC)c4ccccc34)ccn2)cc(OC)c1,chembl,active
CCn1nc(-c2ccc(OC)c(O)c2)c2c(N)ncnc21,chembl,active
COc1ccc(C)c(Nc2c(C#N)cnc3cc4[nH]c(NCCN5CCOCC5)nc4cc23)c1,chembl,active
CN(C)CCNc1cc(-c2ccccc2)c2c(N)c(C(=O)N/N=C/c3cccn3C)sc2n1,chembl,active
COc1cc(-c2nn([C@H]3CC[C@H](N4CCN(C)CC4)CC3)c3ncnc(N)c23)ccc1NCc1ccccc1,chembl,active
CCn1cnc2c(Nc3ccc(P(=O)(O)CP(=O)(O)O)cc3)nc([C@H]3CC[C@H](N)CC3)nc21,chembl,active
CN1CCN(Cc2cc(-c3cc4ncc(C#N)c(Nc5ccc(Cl)cc5Cl)c4s3)cs2)CC1,chembl,active
COc1cc(Nc2nn3c(N[C@@H](CO)C(C)C)cc(-c4ccccc4)nc3c2C(N)=O)cc(OC)c1,chembl,active
Cc1nc(Nc2nnc3cc(-c4cc(O)ccc4Cl)cc(C)c3n2)cc(N2CCN(CCO)CC2)n1,chembl,active
CCS(=O)(=O)c1ccc2c(c1)/C(=C/c1[nH]c3c(c1CCCN1CCC(O)CC1)CCCC3)C(=O)N2,chembl,active
CN1CCN(CCCCNc2ncc3cc(-c4c(Cl)cccc4Cl)c(=O)n(C)c3n2)CC1,chembl,active
CCS(=O)(=O)c1ccc2c(c1)/C(=C/c1[nH]c3c(c1CN1CCOCC1)CCCC3)C(=O)N2,chembl,active
COc1c(CC(N)=O)cc(C(C)(C)C)cc1NC(=O)Nc1ccc(Oc2ccnc(Nc3cc(C)cc(C)c3)c2)c2ccccc12,chembl,active
O=C(CCCCCC(=O)N1CCC[C@@H]1c1ccco1)Nc1cccc(Nc2nccc(Nc3cc(C4CC4)[nH]n3)n2)c1,chembl,active
Clc1cccc(CNc2ncnc3c2cnn3CC(Cl)c2ccc(Br)cc2)c1,chembl,active
CC(Cn1ncc2c(Nc3cccc(O)c3)nc(SCCN3CCOCC3)nc21)c1ccccc1.Cl,chembl,active
COc1cc(-c2nn([C@H]3CC[C@H](N4CCN(C)CC4)CC3)c3ncnc(N)c23)ccc1NC(=O)c1cc2ccccc2n1C,chembl,active
CNS(=O)(=O)c1ccc2c(c1)/C(=C/c1[nH]c3c(c1CCCN1CCN(C)CC1)CCCC3)C(=O)N2,chembl,active
CCOC(=O)CN1CCN(CCCc2c(/C=C3\C(=O)Nc4ccc(S(=O)(=O)NC)cc43)[nH]c3c2CCCC3)CC1,chembl,active
COc1cc(Nc2ncc3c(=O)n(-c4c(C)cccc4C)c4nc5ccccc5n4c3n2)cc(OC)c1OCCCN1CCN(C)CC1,chembl,active
CCS(=O)(=O)c1ccc2c(c1)/C(=C/c1[nH]c3c(c1CCCN1CCN(CC(=O)O)CC1)CCCC3)C(=O)N2,chembl,active
CCS(=O)(=O)c1ccc2c(c1)/C(=C/c1[nH]c3c(c1CCCN1CCN(CCO)CC1)CCCC3)C(=O)N2,chembl,active
CC1(C)OC(=O)N2C[C@H](c3nc(-c4ccc(C(=O)Nc5cc(C(F)(F)F)ccn5)cc4)c4c(N)nccn34)CC[C@H]21,chembl,active
Nc1ncnc2c1c(-c1ccc(Oc3ccccc3)cc1)cn2C1CCCC1,chembl,active
CC(C)n1nc(-c2ccc3cn[nH]c3c2)c2c(N)ncnc21,chembl,active
CCCCn1c(-c2ccccc2C)cn2c3c(=O)[nH]c(=O)n(C)c3nc12,chembl,active
COc1cc(C(=O)Nc2cc(C(F)(F)F)ccn2)ccc1-c1nc([C@@H]2CC[C@H]3CCC(=O)N3C2)n2ccnc(N)c12,chembl,active
Cc1cc(-c2cc(O)ccc2Cl)cc2nnc(Nc3ccc(S(N)(=O)=O)cc3)nc12,chembl,active
Cc1cc2nc(Nc3ccc(S(=O)(=O)NCCN4CCCC4)cc3)nnc2cc1-c1ccccc1CO,chembl,active
Cc1cccc(C)c1-c1cc(C)c2nc(Nc3ccc(C4(C#N)CC4)cc3)nnc2c1,chembl,active
C[C@H](CN)n1nc(-c2ccc(Cl)c(O)c2)c2c(N)ncnc21,chembl,active
CC(C)n1nc(-c2ccc3[nH]ncc3c2)c2c(N)ncnc21,chembl,active
COCOc1cc(-c2nn(C(C)C)c3ncnc(N)c23)ccc1Br,chembl,active
CCN(CC)CCCNc1ncc2cc(-c3c(Cl)cccc3Cl)c(NC(=O)NC(C)(C)C)nc2n1,chembl,active
C=CC(=O)Nc1ccc2ncnc(Nc3cccc(Br)c3)c2c1,chembl,active
COc1cccc(Nc2cc(Oc3ccc(NC(=O)Nc4cc(C(C)(C)C)cc([S+](C)[O-])c4OC)c4ccccc34)ccn2)c1,chembl,active
C=CC(=O)N1CCC[C@@H](n2nc(-c3ccc(Oc4ccc(Cl)cc4)cc3)c(C(N)=O)c2N)C1,chembl,active
CN(C)S(=O)(=O)c1ccc2c(c1)/C(=C/c1cc3c([nH]1)CCCC3)C(=O)N2,chembl,active
COc1c(NC(=O)Nc2ccc(Oc3ccnc(Nc4ccccc4)c3)c3ccccc23)cc(C(C)(C)C)cc1C(=O)NCCN1CCC1,chembl,active
OCCNc1nc(Nc2cc(O)ccc2Cl)c2cnn(CC(Cl)c3ccccc3)c2n1,chembl,active
COc1cc(Nc2c(C#N)cnc3cc(-c4cccc(CCN5CCOCC5)c4)c(OC)cc23)c(Cl)cc1Cl,chembl,active
Cc1nc(Nc2ncc(C(=O)NC3CN4CCC3CC4)s2)cc(NN2CCN(CCO)CC2)n1,chembl,active
COc1cc(-c2nn(C(C)C)c3ncnc(N)c23)cc(OC)c1OC,chembl,active
Cc1cc(O)cc(C)c1-c1cc(C)c2nc(Nc3ccc(OCCN4CCCC4)cc3)nnc2c1,chembl,active
CC(C)n1nc(-c2ccc(O)cc2)c2c(N)ncnc21,chembl,active
Clc1ccc2c(c1Nc1ncnc3cc(OCCN4CCCC4)cc(N4CCOCC4)c13)OCO2,chembl,active
Cc1cccc(C)c1-c1ccc2nc(Nc3ccc(=O)n(CCCN4CCCC4)c3)nnc2c1,chembl,active
Cc1cccc(C)c1-c1cc(C)c2nc(Nc3ccc(C4(CN)CC4)cc3)nnc2c1,chembl,active
Cc1cnc(Nc2ccc(OCCN3CCCC3)cc2)nc1Nc1cccc(S(=O)(=O)NC(C)(C)C)c1,chembl,active
N#Cc1cnc2cc3[nH]cnc3cc2c1Nc1ccc(Cl)cc1Br,chembl,active
Cc1cc2c(Nc3ccccn3)c(C#N)cnc2cc1OCCCN1CCN(C)CC1,chembl,active
CC1(C)c2cc(C3CCN(CC4CCOCC4)CC3)ccc2C(=O)c2c1[nH]c1cc(C#N)ccc21,chembl,active
Cc1cccc(C)c1-c1cc(C)c2nc(Nc3ccc(=O)n(CCCN4CCCC4)c3)nnc2c1,chembl,active
Cc1nc(Nc2nnc3cc(-c4cc(O)ccc4Cl)cc(C)c3n2)cc(OCCN2CCCC2)n1,chembl,active
Cn1c(=O)c(-c2c(Cl)cccc2Cl)cc2cnc(Nc3cccc(P(=O)(O)CP(=O)(O)O)c3)nc21,chembl,active
Cc1ccn(-c2ccc(-n3cccn3)cc2)c(=O)c1-c1ccc2nc(N)ncc2c1,chembl,active
CCN(CC)CCOc1ccc(Nc2cc3c(cn2)cc(-c2c(Cl)cccc2Cl)c(=O)n3C)cc1,chembl,active
Cc1ccc(NC(=O)c2cccc(C(F)(F)F)c2)cc1Nc1nc2ccccc2n1-c1cc(N)ncn1,chembl,active
COc1cc(Nc2ncc3c(=O)n(-c4c(C)cccc4C)c4nc5ccccc5n4c3n2)cc(OC)c1OCCN1CCN(C)CC1,chembl,active
Cc1ccc(-n2nc([Si](C)(C)C)cc2NC(=O)Nc2ccc(Oc3ccnc(Nc4ccccc4)n3)c3ccccc23)cc1,chembl,active
COc1cc(Nc2cc(Oc3ccc(NC(=O)Nc4cc(C(C)(C)C)cc([S+](C)[O-])c4OC)c4ccccc34)ccn2)cc(OC)c1,chembl,active
CCNC(=O)Nc1nc2nc(N)ncc2cc1-c1c(Cl)cccc1Cl,chembl,active
COc1cccc(Nc2cc(Oc3ccc(NC(=O)Nc4cc(C(C)(C)C)cc(P(C)(C)=O)c4OC)c4ccccc34)ccn2)c1,chembl,active
Nc1nccn2c([C@@H]3CCCN(C4CCOCC4)C3)nc(-c3ccc(C(=O)Nc4cc(C(F)(F)F)ccn4)cc3F)c12,chembl,active
C=CC(=O)Nc1ccccc1Nc1nc(Nc2ccc(N3CCN(C)CC3)cc2)ncc1C(=O)Nc1ccccc1CC,chembl,active
NS(=O)(=O)c1ccc2c(c1)/C(=C/c1cc3c([nH]1)CCCC3)C(=O)N2,chembl,active
Cc1cc(NC(=O)c2nn(CC3CCC3)c3ncnc(N)c23)n[nH]1,chembl,active
c1cc(Nc2ncnc3cc(OCCN4CCCC4)cc(OC4CCOCC4)c23)c2c(c1)OCO2,chembl,active
CN(C)C(=O)/C(C#N)=C/c1cccc(-n2cc(-c3ccc(Cl)cc3)c3c(N)ncnc32)c1,chembl,active
COC(=O)CN1CCC(n2cc(-c3cccc(OC)c3)c3c(N)ncnc32)CC1,chembl,active
COc1ccc(-c2cn(C3CCCC3)c3ncnc(N)c23)cc1,chembl,active
Cc1cc(-c2cc(OC(=O)c3ccccc3)ccc2Cl)cc2nnc(Nc3ccc(S(=O)(=O)NCCN4CCCC4)cc3)nc12,chembl,active
Clc1cc(-c2c[nH]c3ncccc23)cc(NCc2ccccc2)n1,chembl,active
CNS(=O)(=O)c1ccccc1Nc1nc(Nc2cc(N3CCN(C(C)=O)CC3)ccc2OC)ncc1Br,chembl,active
Fc1cccc(CNc2ncnc3c2cnn3CC(Cl)c2ccccc2)c1,chembl,active
Cc1cc(Nc2nc(-c3ccccc3)nc3ccccc23)n[nH]1,chembl,active
Cc1nn(-c2ccccc2)nc1Cn1nc(-c2ccc(F)c(O)c2)c2c(N)ncnc21,chembl,active
COc1cc(Nc2ccnc3cc(OC)c(OC)cc23)c(Cl)cc1Cl,chembl,active
C#CC(C)(C)c1cc(NC(=O)Nc2ccc(Oc3ccnc(Nc4ccccc4)c3)c3ccccc23)n(-c2ccc(C)cc2)n1,chembl,active
Cc1cc2c(Nc3ccc4nc(N)sc4c3)c(C#N)cnc2cc1OCCCN1CCOCC1,chembl,active
COc1cc2nccc(Nc3ccc(Cl)cc3Cl)c2cc1OC,chembl,active
Cc1cc(NC(=O)c2cn(C3CCC(F)(F)C3)c3ncnc(N)c23)n[nH]1,chembl,active
CCc1ccc(C(=O)Nc2ccc(CN3CCN(C)CC3)c(C(F)(F)F)c2)cc1C#Cc1nn(CC)c2ncnc(N)c12,chembl,active
COc1cc(Nc2cc(Oc3ccc(NC(=O)Nc4cc(C(C)(C)C)cc(CC(N)=O)c4OC)c4ccccc34)ccn2)cc(S(C)(=O)=O)c1,chembl,active
COc1cc(Nc2c(C#N)cnc3cc(C#Cc4ccncc4)ccc23)c(Cl)cc1Cl,chembl,active
Cc1ccccc1Nc1nc2cc(F)c(N(C)C(=O)/C=C/CN(C)C)cc2n2cncc12,chembl,active
Nc1ncnc2c1c(-c1ccc(Oc3ccccc3)cc1)cn2C1CC(O)C(O)C1,chembl,active
Cc1cn(-c2cc(NC(=O)c3ccc(C)c(/C=C/n4cnc5cncnc54)c3)cc(C(F)(F)F)c2)cn1,chembl,active
COc1cc(Nc2c(C#N)cnc3ccc(-c4coc(CN5CCN(C)CC5)c4)cc23)c(Cl)cc1Cl,chembl,active
N#Cc1cnc2ccc(-c3ccc(CN)cc3)cc2c1N[C@@H]1C[C@H]1c1ccccc1,chembl,active
c1cc(Nc2ncnc3cc(OCCN4CCCC4)cc(OC4CCOCC4)c23)c2c(c1)OCCO2,chembl,active
Nc1ncnc2c1c(-c1ccc(Oc3ccccc3)cc1)cn2C1CCC(O)C1,chembl,active
COc1cc(Nc2c(C#N)cnc3cc(OCC4CCCCN4C)c(OC)cc23)c(Cl)cc1Cl,chembl,active
CC(=O)N[C@@H](Cc1ccc(OP(=O)(O)O)cc1)C(=O)N[C@H]1CSCCN(Cc2ccc(-c3ccccc3)cc2)C1=O,chembl,active
COc1cc2c(Oc3ccc(NS(=O)(=O)c4cc(F)ccc4F)cc3F)ccnc2cc1OCCCN1CCN(C)CC1,chembl,active
CN1CCN(C(=O)CCSCCC(=O)Nc2cccc(Nc3nccc(Nc4cc(C5CC5)[nH]n4)n3)c2)C(c2ccccc2)C1,chembl,active
Cc1cccc(C)c1-c1cc(C)c2nc(Nc3cccc(C(=O)N4CCN(C)CC4)c3)nnc2c1,chembl,active
CSc1nc(Nc2cccc(Cl)c2)c2cnn(CCc3ccccc3)c2n1,chembl,active
COCCOc1cc2ncnc(Nc3c(Cl)ccc4c3OCO4)c2cc1NC(=O)[C@@H]1CCCN1,chembl,active
N#CCCCn1nc(-c2ccc(F)c(O)c2)c2c(N)ncnc21,chembl,active
CNc1nc(Nc2ccc(C)c(N)c2)ncc1C(=O)Nc1cc(NC(=O)c2cccc(C(F)(F)F)c2)ccc1C,chembl,active
C[C@H]1CC[C@@H](c2nc(-c3ccc(C(=O)Nc4cc(C(F)(F)F)ccn4)cc3F)c3c(N)nccn23)CN1C(=O)C1CC1,chembl,active
COc1cc(Nc2c(C#N)cnc3cc(C#Cc4cccnc4)ccc23)cc(OC)c1OC,chembl,active
COc1cc2ncc(C#N)c(Nc3cccc(Cl)c3Cl)c2cc1OC,chembl,active
Nc1nccn2c([C@@H]3CC[C@H]4COC(=O)N4C3)nc(-c3ccc(C(=O)Nc4cc(C(F)(F)F)ccn4)cc3)c12,chembl,active
CCS(=O)(=O)c1cccc(-c2cc(C(=O)NC3CCN(C)CC3)c(C)c3[nH]c4ncc(C)cc4c23)c1,chembl,active
CNc1cc(O)c2c(c1)/C=C/C[C@H](O)[C@H](O)C(=O)/C=C\[C@@H](C)[C@H](C)OC2=O,chembl,active
Cc1cc2nc(Nc3ccc(S(=O)(=O)NCCN4CCCC4)cc3)nnc2cc1-c1ccccc1N,chembl,active
Cc1cc(-c2c(Cl)cccc2Cl)cc2c1nc(Nc1ccc(OCCN3CCCC3)cc1)n[n+]2[O-],chembl,active
Cc1cc2nc(Nc3ccc(S(=O)(=O)NCCN4CCCC4)cc3)nnc2cc1N,chembl,active
CN1CCN([C@H]2CC(F)(F)c3cc(NC(=O)c4ccc(F)c(C#Cc5cncc(N6CCC6)c5)c4)ccc32)CC1,chembl,active
CCS(=O)(=O)c1cc(Nc2ncc(F)c(N(Cc3ccccc3C#N)c3cc(CO)ccc3C)n2)ccc1N1CCN(C)CC1,chembl,active
COc1ccc(-n2nc([Si](C)(C)C)cc2NC(=O)Nc2ccc(Oc3ccnc(Nc4ccccc4)n3)c3ccccc23)cn1,chembl,active
Cc1cccc(C)c1-c1cc(C)c2nc(Nc3ccc(C(=O)N4CCN(C)CC4)o3)nnc2c1,chembl,active
CNc1ncc2c(-c3ccc(N4CCN(C)CC4)cc3)nn(CC3CCCC3)c2n1,chembl,active
COc1c(CC(N)=O)cc(C(C)(C)C)cc1NC(=O)Nc1ccc(Oc2ccnc(Nc3cccc(OS(C)(=O)=O)c3)c2)c2ccccc12,chembl,active
NC(=O)c1c(Nc2ccccc2)nn2c(N)cc(C3CC3)nc12,chembl,active
COc1cc2ncc(C#N)c(Nc3ccccc3Cl)c2cc1OC,chembl,active
CC(C)n1nc(-c2ccc3cc(OC(=O)c4cccc(Cl)c4)ccc3c2)c2c(N)ncnc21,chembl,active
Nc1ncnc2c1c(-c1ccc(O)cc1)cn2[C@@H]1CN[C@@H](CO)C1,chembl,active
COc1cc2ncc(C#N)c(Nc3ccc(I)cc3Cl)c2cc1OC,chembl,active
Cc1cccc(C)c1-c1cc(C)c2nc(Nc3ccc(C(=O)N4CCN(C)CC4)cc3)n[n+]([O-])c2c1,chembl,active
Cc1ccc(-c2nn(C)c3ncnc(N)c23)cc1O,chembl,active
Cc1cccc(Cl)c1Nc1nc2ccc(N3CCN[C@@H](C)C3)nc2n2cncc12,chembl,active
Nc1ncnc2c1c(-c1ccc(Cl)c(O)c1)nn2CC1CCCN1,chembl,active
COc1cncc(Nc2cc(Oc3ccc(NC(=O)Nc4cc(C(C)(C)C)cc(CC(N)=O)c4OC)c4ccccc34)ccn2)c1,chembl,active
Oc1ccc(-c2cnn3cc(-c4ccc(OCCN5CCOCC5)cc4)cnc23)cc1O,chembl,active
COc1cc(-c2nn(C(C)C)c3ncnc(N)c23)ccc1F,chembl,active
COc1c(NC(=O)Nc2ccc(Oc3ccnc(Nc4ccccc4)c3)c3ccccc23)cc(C(C)(C)C)cc1C(=O)NC1COC1,chembl,active
COc1cc(Nc2cc(Oc3ccc(NC(=O)Nc4cc(C(C)(C)C)cc(OCCO)c4OC)c4ccccc34)ccn2)cc(C(N)=O)c1,chembl,active
Cc1nc(Nc2ncc(-c3ccccc3)s2)cc(N2CCN(CCO)CC2)n1,chembl,active
C=Cc1ccc2c(Nc3cc(OC)c(Cl)cc3Cl)c(C#N)cnc2c1,chembl,active
CCN(CC)CCCCNc1cc(-n2c(Nc3cc(NC(=O)c4cccc(C(F)(F)F)c4)ccc3C)nc3ccccc32)ncn1,chembl,active
Cc1cccc(C)c1OC(=O)N(c1ccc(-c2ccccc2)cc1)c1ccnc(Nc2ccc(N3CCN(C)CC3)cc2)n1,chembl,active
COc1cc(-c2nn([C@H]3CC[C@H](N4CCN(C)CC4)CC3)c3ncnc(N)c23)ccc1NCc1ccco1,chembl,active
COc1cc(Nc2ncc3c(=O)n(-c4c(C)cccc4C)c4nc5ccccc5n4c3n2)ccc1N1CCN(C)CC1,chembl,active
Nc1ncnc2c1ncn2[C@@H]1O[C@H](COP(=O)(O)O)[C@@H](O)[C@H]1O,chembl,active
O=C(N/N=C/c1cc(C(=O)O)c(Nc2ccc(I)cc2F)c(F)c1F)c1ccc(CO)o1,chembl,active
Cn1c(=O)c(-c2c(Cl)ccc(O)c2Cl)cc2cnc(Nc3ccc(OCCCC(=O)O)cc3)nc21,chembl,active
Cc1cc(Nc2nccc(C)n2)cc(-c2cnc([C@@]3(O)CC[C@H](C(=O)O)C(C)(C)C3)s2)c1,chembl,active
COc1ccc(Cl)c(Nc2ncnc3cc(OCCCN4CCOCC4)cc(OC4CCOC4)c23)c1,chembl,active
Nc1ncnc2c1c(-c1ccccc1)cn2-c1ccccc1,chembl,active
COc1cccc(-c2cn(-c3ccc(CCO)cc3)c3ncnc(N)c23)c1,chembl,active
CN1CCC(Oc2cccc3ncnc(Nc4c(Cl)ccc5c4OCO5)c23)CC1,chembl,active
CC(C)Oc1cc(OC2CCN(C)CC2)c2c(Nc3c(Cl)ccc4c3OCO4)ncnc2c1,chembl,active
CCOC(=O)C[C@@H]1C[C@@H](n2cc(-c3ccc(O)cc3)c3c(N)ncnc32)CN1,chembl,active
Nc1ncnc2c1c(-c1ccc(O)cc1)cn2[C@H]1CN[C@H](CO)C1,chembl,active
Nc1ncnc2c1c(-c1ccccc1)cn2C1CCC1,chembl,active
CC[C@H](C)[C@H](NC(=O)[C@H](CCC(=O)O)NC(=O)[C@H](CCC(=O)O)NC(=O)[C@@H](N)Cc1ccc(OP(=O)(O)O)cc1)C(=O)O,chembl,active
Fc1ccc(C(Cl)Cn2ncc3c(Nc4cccc(F)c4)ncnc32)cc1,chembl,active
NS(=O)(=O)c1cccc(Nc2nc(N3CCNCC3)nc3[nH]cnc23)c1,chembl,active
C[C@H](CN)n1nc(-c2ccc(F)c(O)c2)c2c(N)ncnc21,chembl,active
COc1cc2c(Nc3c(Cl)ccc4c3OCO4)ncnc2cc1OCCCN1CCOCC1,chembl,active
CNS(=O)(=O)c1ccc2c(c1)/C(=C/c1[nH]c3c(c1CCCN(C)C)CCCC3)C(=O)N2,chembl,active
CC(C)(C(N)=O)n1cc(-c2cnc(N)c3c(-c4ccc(NC(=O)Nc5cccc(F)c5)cc4)csc23)cn1,chembl,active
CCNC(=O)c1cnc(N)c2c(-c3ccc(NC(=O)Nc4cccc(F)c4)cc3)csc12,chembl,active
CCNC(=O)Nc1nc2cc(N)ncc2cc1-c1c(Cl)cccc1Cl,chembl,active
CCOC(=O)C[C@H]1C[C@H](n2cc(-c3ccc(O)cc3)c3c(N)ncnc32)CN1,chembl,active
Cc1nc(N)cc(N(CC(=O)NO)c2ncc(C(=O)Nc3c(C)cccc3Cl)s2)n1,chembl,active
CC(=O)N[C@@H](Cc1ccc(OP(=O)(O)O)cc1)C(=O)N[C@H]1CCCCc2cc(OCC3CCCCC3)c(C(N)=O)cc21,chembl,active
CCSc1nc(Nc2cccc(Br)c2)c2cnn(CC(C)c3ccccc3)c2n1,chembl,active
COc1cccc(-c2ccc3c(c2)NC(=O)/C3=C\c2[nH]c3c(c2CCC(=O)O)CCCC3)c1,chembl,active
Cc1ccc(-n2nc(C(C)(C)C)cc2NC(=O)Nc2ccc(Oc3ccnc(Nc4ccc5cn[nH]c5c4)n3)c3ccccc23)cc1,chembl,active
CC(C)n1nc(-c2cc(F)c3cn[nH]c3c2)c2c(N)ncnc21,chembl,active
O=C1CCN2c3nc(Nc4ccc(N5CCOCC5)cc4)ncc3C=C(c3c(Cl)cccc3Cl)N12,chembl,active
CCOc1ccc(Nc2nnc3cc(-c4c(C)cccc4C)cc(C)c3n2)cc1,chembl,active
Cc1cccc(C)c1Nc1ncc(-c2ccncc2)n2cncc12,chembl,active
CC(C)n1nc(-c2ccc3cc(OCc4cc(F)cc(Cl)c4)ccc3c2)c2c(N)ncnc21,chembl,active
CN(C)CCNc1cc(-c2ccccc2)c2c(N)c(C(=O)N/N=C/c3cccc4ccccc34)sc2n1,chembl,active
Cc1cn(-c2cc(NC(=O)c3ccc(C)c(Nc4nc5ccccc5n4-c4cc(N)ncn4)c3)cc(C(F)(F)F)c2)cn1,chembl,active
Clc1ccc2c(c1Nc1ncnc3cc(OCCN4CCCC4)cc(OC4CCOCC4)c13)OCCO2,chembl,active
CC(=O)Nc1cc2nc(Nc3ccc(S(=O)(=O)NCCN4CCCC4)cc3)nnc2cc1-c1ccccc1C,chembl,active
O=C(O)CCc1c(/C=C2\C(=O)Nc3cc(-c4ccccc4)ccc32)[nH]c2c1CCCC2,chembl,active
COc1cc2ncnc(Nc3ccc(F)c(Cl)c3)c2cc1NC(=O)/C=C/CN1CCCCC1,chembl,active
Fc1cccc(Nc2nc(SC3CCCC3)nc3c2cnn3CC(Cl)c2ccccc2)c1,chembl,active
Cc1cc2c(Nc3nc4ccc(OCC(F)(F)F)cc4s3)c(C#N)cnc2cc1OCCCN1CCN(C)CC1,chembl,active
COCCOc1cc2ncc(C#N)c(N[C@@H]3C[C@H]3c3ccccc3)c2cc1OC,chembl,active
CCCCn1c(-c2ccc(F)cc2C)cn2c3c(=O)[nH]c(=O)n(C)c3nc12,chembl,active
ClC(Cn1ncc2c(Nc3ccccc3)ncnc21)c1ccccc1,chembl,active
COc1cc2c(Nc3c(Cl)ccc4c3OCO4)ncnc2cc1OCCCN1CCCCC1,chembl,active
COc1cc(Nc2c(C#N)cnc3cc(-c4ccc(N(C)C)cc4)sc23)c(Cl)cc1Cl,chembl,active
CN1CCN(CCCNc2cc3nc(O)c(-c4c(Cl)cccc4Cl)cc3cn2)CC1,chembl,active
NC(=O)Nc1cc(-c2cccc(F)c2)sc1C(=O)N[C@H]1CCCNC1,chembl,active
COc1cc2ncc(C#N)c(Nc3cc(OC)c(OC(C)C)c(OC)c3)c2cc1OC,chembl,active
Cc1cccc(C)c1-c1cc2cnc(N)nc2nc1NC(=O)NC(C)(C)C,chembl,active
CCSc1nc(Nc2cccc(O)c2)c2cnn(CC(C)c3ccccc3)c2n1,chembl,active
COc1c(CNC(C)=O)cc(C(C)(C)C)cc1NC(=O)Nc1ccc(Oc2ccnc(Nc3ccccc3)c2)c2ccccc12,chembl,active
Nc1nccn2c([C@H]3CN(C4CCOCC4)CCO3)nc(-c3ccc(C(=O)Nc4cc(C(F)(F)F)ccn4)cc3F)c12,chembl,active
Cc1ccc(-n2nc(C(C)(C)C)cc2NC(=O)Nc2ccc(Oc3ccnc(Nc4ccc5c(c4)CC(=O)N5C)n3)c3ccccc23)cc1,chembl,active
CCN1CCN(Cc2ccc(NC(=O)c3ccc(C)c(Oc4ccnc5[nH]ccc45)c3)cc2C(F)(F)F)CC1,chembl,active
COc1cc2c(Oc3ccc(NS(=O)(=O)c4cc(F)ccc4F)cc3F)ccnc2cc1OCCCN1CCCC(C)C1,chembl,active
Cc1ccccc1COc1ccc2cc(-c3nn(C(C)C)c4ncnc(N)c34)ccc2c1,chembl,active
CC1(C(=O)N2CCC[C@@H](c3nc(-c4ccc(C(=O)Nc5cc(C(F)(F)F)ccn5)cc4F)c4c(N)nccn34)C2)COC1,chembl,active
CC[Si](C)(C)c1cc(NC(=O)Nc2ccc(Oc3ccnc(Nc4ccccc4)n3)c3ccccc23)n(-c2ccc(C)cc2)n1,chembl,active
COc1cc(-c2nn(CCN3CCC(N(C)C)CC3)c3ncnc(N)c23)ccc1NC(=O)CC(C)(C)C,chembl,active
COc1cc(F)cc(Nc2cc(Oc3ccc(NC(=O)Nc4cc(C(C)(C)C)cc(P(C)(C)=O)c4OC)c4ccccc34)ccn2)c1,chembl,active
COc1cc(-c2nn([C@H]3CC[C@H](N4CCN(C)CC4)CC3)c3ncnc(N)c23)ccc1NC(=O)CC(C)(C)c1ccccc1,chembl,active
Cc1ccccc1-c1cc2nnc(Nc3ccc(S(=O)(=O)NCCN4CCCC4)cc3)nc2cc1O,chembl,active
Cc1cccc(C)c1-c1cc(C)c2nc(Nc3ccnc(Cl)c3)nnc2c1,chembl,active
Cc1ccc(C(=O)Nc2cccc(C(F)(F)F)c2)cc1Nc1nc2ccccc2n1-c1ncnc(NCCCN2CCN(C)CC2)n1,chembl,active
CC(=O)Nc1ccc(Nc2nnc3cc(-c4cc(O)ccc4Cl)cc(C)c3n2)cn1,chembl,active
O=C(Cc1ccc(-c2ccc(OCCN3CCOCC3)cc2)cn1)NCc1cccc(F)c1,chembl,active
Nc1ncnc2c1c(C(=O)Nc1cc(Br)[nH]n1)nn2CC1CCCC1,chembl,active
O=C(Nc1cncnc1)c1c(Cl)ccc2c(Nc3cccc(C(F)(F)F)c3)noc12,chembl,active
COc1ccc(-c2cnn3c(N)c(-c4ccccc4)c(OC4CCN(C)CC4)nc23)cc1OC,chembl,active
CN1CCN(Cc2ccc(NC(=O)Nc3ccc(Oc4ccc5ncncc5c4)cc3)cc2C(F)(F)F)CC1,chembl,active
COc1cc(Nc2c(C#N)cnc3cc(C#Cc4cccc(CN(C)C)n4)ccc23)cc(OC)c1OC,chembl,active
Cc1cc(F)ccc1-c1cc2nnc(Nc3ccc(C(=O)NCCN4CCCC4)o3)nc2cc1C,chembl,active
ClC(Cn1ncc2c(Nc3ccccc3)nc(SC3CCCC3)nc21)c1ccccc1,chembl,active
Cc1cccc(C)c1-n1c(=O)c2cnc(Nc3ccc(N4CCN(C)CC4)cc3)nc2n2c3ccccc3nc12,chembl,active
CNc1cncc(-c2c[nH]c(=O)c(NC(=O)c3ccc(N4CCC[C@H]4CN4CCCC4)cc3)c2)n1,chembl,active
O=C1Nc2ccc(C(=O)O)cc2/C1=C/c1cc2c([nH]1)CCCC2,chembl,active
CC(C)(C)n1nc(-c2ccc3ccccc3c2)c2c(N)ncnc21.Cl,chembl,active
COc1cc(Nc2c(C#N)cnc3cc(OC)c(OC)cc23)ccc1Cl,chembl,active
CC(Cn1ncc2c(Nc3cc(O)ccc3Cl)ncnc21)c1ccccc1,chembl,active
O=c1c(O)c(-c2ccc(O)c(O)c2)oc2cc(O)cc(O)c12,chembl,active
Cc1cccc(Cl)c1NC(=O)c1cnc(Nc2ccc(N3CCN(C)CC3)cc2)nc1Nc1ccccc1NC(=O)/C=C/CN(C)C,chembl,active
NS(=O)(=O)c1cccc(Nc2nc(N3CCOCC3)nc3[nH]cnc23)c1,chembl,active
COc1cc(-c2nn(C(C)C)c3ncnc(N)c23)ccc1O,chembl,active
CCOc1cc2ncc(C#N)c(Nc3ccc(F)c(Cl)c3)c2cc1NC(=O)/C=C/CN(C)C,chembl,active
COc1ccc(C)c(Nc2c(C#N)cnc3cc4c(cc23)ncn4CCN2CCOCC2)c1,chembl,active
CC(=O)N[C@@H](Cc1ccc(C(=O)O)c(C=O)c1)C(=O)N[C@H]1CCCCN(Cc2ccc(-c3ccccc3)cc2)C1=O,chembl,active
COc1c(NC(=O)Nc2ccc(Oc3ccnc(Nc4ccccc4)c3)c3ccccc23)cc(C(C)(C)C)cc1OCP(C)(C)=O,chembl,active
Cc1ccc(-c2cn(C(C)(C)C)c3ncnc(N)c23)cc1,chembl,active
Cc1cc(-c2c(O)cccc2F)cc2nnc(Nc3ccc(S(=O)(=O)NCCN4CCCC4)cc3)nc12,chembl,active
COCC(=O)N1CCO[C@@H](c2nc(-c3ccc(C(=O)Nc4cc(C(F)(F)F)ccn4)cc3F)c3c(N)nccn23)C1,chembl,active
Nc1ncnc2c1c(-c1ccc(Oc3ccccc3)cc1)cn2C[C@H]1CCCN1C[C@@H]1CO1,chembl,active
NC(=O)c1c(OCc2c(F)cc(Br)cc2F)nsc1NC(=O)NCCCCN1CCCC1,chembl,active
CP(C)(=O)c1ccc(Nc2ncnc3c2ncn3/C=C/c2ccccc2Cl)cc1,chembl,active
Nc1ncnc2c1c(-c1ccccc1)cn2[C@@H]1CN[C@H](CO)C1,chembl,active
CC(C)n1nc(-c2ccc3cc(OCc4ccc(C(C)(C)C)cc4)ccc3c2)c2c(N)ncnc21,chembl,active
Cc1ccc(-c2nn(CCN3CCC(N(C)C)CC3)c3ncnc(N)c23)cc1,chembl,active
COc1cc2c(cc1F)C(c1ccccc1Cl)=Nc1c(n[nH]c1C)N2,chembl,active
COc1ccc(-c2ccc(NC(=O)Nc3ccc(OC(F)(F)F)cc3)cc2)c2c(N)noc12,chembl,active
Nc1ncnc2c1c(-c1ccccc1)cn2C1CCCC1,chembl,active
NS(=O)(=O)c1cccc(Nc2ncc3ccn(-c4ccccc4)c3n2)c1,chembl,active
COc1cccc(-c2cn(-c3ccc(OCCn4ccnc4)cc3)c3ncnc(N)c23)c1,chembl,active
CC(C)(C)OC(=O)N1C[C@H](n2cc(-c3ccccc3)c3c(N)ncnc32)C[C@H]1CO,chembl,active
C=CC(=O)Nc1ccc2ncnc(Nc3ccccc3)c2c1,chembl,active
Cc1cccc(C)c1-c1cc(C)c2nc(Nc3ccc(S(=O)(=O)N4CCNCC4)cc3)nnc2c1,chembl,active
CN(c1ccc(F)c(NC(=O)c2cccc(OC(C)(C)C#N)c2Cl)c1)c1ccc2nc(NC(=O)C3CC3)sc2n1,chembl,active
Cc1cccc(C)c1-c1cc2nnc(Nc3ccccc3)nc2c(C)c1C,chembl,active
CC(C)(C)n1nc(-c2ccccc2)c2c(N)ncnc21.Cl,chembl,active
Nc1ncnc2c1c(-c1ccccc1)cn2[C@H]1CN[C@@H](CO)C1,chembl,active
CC(C)(C)OC(=O)N1C[C@@H](n2cc(-c3ccccc3)c3c(N)ncnc32)C[C@@H]1CO,chembl,active
Cc1cc2c(Nc3ccc4nc(N)sc4c3)c(C#N)cnc2cc1OCCCN1CCNCC1,chembl,active
ClC(Cn1ncc2c(Nc3cccc(Br)c3)nc(SCCN3CCOCC3)nc21)c1ccccc1,chembl,active
CCCCSc1nc(Nc2cccc(O)c2)c2cnn(CC(Cl)c3ccccc3)c2n1,chembl,active
COC(=O)c1cccc(CN2CCSC[C@H](NC(=O)[C@H](Cc3ccc(OP(=O)(O)O)cc3)NC(C)=O)C2=O)c1,chembl,active
Cc1cccc(C)c1-c1cc(C)c2nc(Nc3cccc(Cl)c3)nnc2c1,chembl,active
C[C@@H](NC(=O)CCCCCC(=O)Nc1cccc(Nc2nccc(Nc3cc(C4CC4)[nH]n3)n2)c1)c1ccco1,chembl,active
CC(C)(C)n1nc(-c2ccccc2)c2c(N)ncnc21,chembl,active
COc1cc(Nc2c(C#N)cnc3ccc(-c4ccc(CN5CCN(C)CC5)cn4)cc23)c(Cl)cc1Cl,chembl,active
Cc1c(Nc2c(C#N)cncc2/C=C/c2cccc(CN3CCN(C)CC3)n2)ccc2[nH]ccc12,chembl,active
COc1cc(Nc2c(C#N)cnc3cc(/C=C/CCCCCCCCCN4CCOCC4)c(OC)cc23)c(Cl)cc1Cl,chembl,active
COc1ccc(Nc2nc(N3CCOCC3)nc3[nH]cnc23)cc1,chembl,active
O=[N+]([O-])c1cccc(Nc2nc(N3CCOCC3)nc3[nH]cnc23)c1,chembl,active
COc1c(NC(=O)Nc2ccc(Oc3ccnc(Nc4cccnc4)c3)c3ccccc23)cc(C(C)(C)C)cc1P(C)(C)=O,chembl,active
Cc1ccc(NC(=O)c2cccc(C(F)(F)F)c2)cc1Nc1nc2ccccc2n1-c1cc(NCCCN2CCN(C)CC2)ncn1,chembl,active
CC(=O)Oc1ccc(Cl)c(-c2cc(C)c3nc(Nc4cccc(OCCN5CCCC5)c4)nnc3c2)c1,chembl,active
Nc1ncnc2c1c(-c1ccc(Cl)c(O)c1)nn2CC1CCCNC1,chembl,active
CC(C)n1nc(-c2ccc3nc[nH]c(=O)c3c2)c2c(N)ncnc21,chembl,active
COc1cc2c(Nc3nc4ccccc4[nH]3)c(C#N)cnc2cc1OCCCN1CCN(C)CC1,chembl,active
COc1ccc(-c2nn([C@@H]3CCNC3)c3ncnc(N)c23)cc1O,chembl,active
COc1c(NC(=O)Nc2ccc(Oc3ccnc(Nc4ccccc4)c3)c3ccccc23)cc(C(C)(C)C)cc1C(=O)NCCN1CCOCC1,chembl,active
CN1CCN(c2cccc(-c3cnn4c(N)c(-c5ccc(NC(=O)CCC6CCCC6)cc5)cnc34)c2)CC1,chembl,active
CCOc1ccc(-c2nn(C3CCCC3)c3ncnc(N)c23)cc1O,chembl,active
Cc1ccc(-n2nc([Si](C)(C)C)cc2NC(=O)Nc2ccc(Oc3ccnc(Nc4cc(C)c5[nH]ncc5c4)n3)c3ccccc23)cc1,chembl,active
Cc1cccc(C)c1-c1cc(C)c2nc(Nc3ccc(S(=O)(=O)N4CCN(C)CC4)cc3)nnc2c1,chembl,active
Cc1ccc(-n2nc(C(C)(C)C)cc2NC(=O)Nc2ccc(Oc3ccnc(Nc4cccc5cc[nH]c45)n3)c3ccccc23)cc1,chembl,active
Cc1ccc(NC(=O)c2cccc(C(F)(F)F)c2)cc1Nc1nc2ccccc2n1-c1cc(NCCCCN(C)C)ncn1,chembl,active
Cc1cn(-c2cc(NC(=O)c3ccc(C)c(C#Cc4nn(C(C)C)c5ncnc(N)c45)c3)cc(C(F)(F)F)c2)cn1,chembl,active
Nc1ncnc2c1c(-c1ccc(Cl)cc1)nn2-c1cccc(-c2cnnn2CCCCCC(=O)NO)c1,chembl,active
CC(=O)Nc1cc(-c2c(C)cccc2C)cc2nnc(Nc3ccc(C(=O)NCCN4CCCC4)o3)nc12,chembl,active
C#Cc1cccc(Nc2nccc(Oc3ccc(NC(=O)Nc4cc(C(C)C)nn4-c4ccc(C)cc4)c4ccccc34)n2)c1,chembl,active
COc1ccc(Nc2nnc3cc(-c4c(Cl)cccc4Cl)cc(C)c3n2)cc1,chembl,active
COc1ccc(Nc2nnc3cc(-c4c(C)cccc4C)cc(C)c3n2)cc1,chembl,active
CN1CCN(C(=O)CCCCCC(=O)Nc2cccc(Nc3nccc(Nc4cc(C5CC5)[nH]n4)n3)c2)C(c2ccccc2)C1,chembl,active
CN1CCN(c2ccc(-c3cnn4c(N)c(-c5ccc(NC(=O)CCC6CCCC6)cc5)cnc34)cc2)CC1,chembl,active
Cc1cc2nc(Nc3ccc(S(=O)(=O)NCCN4CCCC4)cc3)nnc2cc1-c1cccc(Cl)c1Cl,chembl,active
CNc1cc(-c2c[nH]c(=O)c(NC(=O)c3ccc(N4CCCCC4)cc3)c2)ccn1,chembl,active
Nc1ncnc2c1c(-c1ccc3occc3c1)nn2C1CCCC1,chembl,active
CN1CCN(Cc2ccc(-c3cc4ncc(C#N)c(Nc5ccc(Oc6ccccc6)cc5)c4s3)cc2)CC1,chembl,active
CCOc1ccc(-c2nn(C3CCCC3)c3ncnc(N)c23)cc1OC,chembl,active
Cc1cccc(C)c1-c1cc(C)c2nc(Nc3cccc(S(N)(=O)=O)c3)nnc2c1,chembl,active
N#Cc1cnc2cc(-c3ccc(CN4CCOCC4)cc3)ccc2c1N[C@@H]1C[C@H]1c1ccccc1,chembl,active
N[C@H]1CC[C@H](Nc2nc(Nc3ccccc3)c3ncn(C4CCCC4)c3n2)CC1,chembl,active
CC(=O)N[C@@H](Cc1ccc(OP(=O)(O)O)cc1)C(=O)N[C@H]1CCCCN(Cc2ccc(-c3cccc4ccccc34)cc2)C1=O,chembl,active
Cc1cccc(Cl)c1Nc1ncc(-c2ccc(F)cc2)n2cncc12,chembl,active
Cc1cc2c(Nc3ccc4nc(N)[nH]c4c3)c(C#N)cnc2cc1OCCCN(C)C,chembl,active
CN1CCN(c2ccc(-c3cnn4c(N)c(-c5ccc(NC(=O)NCC6CCCCC6)cc5)cnc34)cc2)CC1,chembl,active
Nc1ncnc2c1c(-c1ccc(Cl)c(O)c1)nn2CCC1CCCNC1,chembl,active
C=CS(=O)(=O)Nc1ccc(-c2nn(C(C)C)c3ncnc(N)c23)cc1,chembl,active
CC(C)(C)c1cc(NC(=O)Nc2ccc(Oc3ccc4cccnc4c3)cc2)n(-c2ccc3ncccc3c2)n1,chembl,active
COc1c(CS(C)(=O)=O)cc(C(C)(C)C)cc1NC(=O)Nc1ccc(Oc2ccnc(Nc3ccccc3)c2)c2ccccc12,chembl,active
Cc1cccc(Cl)c1Nc1nc2ccccc2n1-c1cc(Nc2ccc(CCN3CCOCC3)cn2)ncn1,chembl,active
CCN(CC)CCNC(=O)c1c(C)[nH]c(/C=C2\C(=O)Nc3ccc(F)cc32)c1C,chembl,active
Cc1ccc(C)c(Nc2nccc(-c3nccs3)n2)c1,chembl,active
COc1cccc(CNc2ncnc3c2cnn3CC(Cl)c2ccc(Br)cc2)c1,chembl,active
CC(C)(C)n1cc(-c2ccc(Cl)cc2)c2c(N)ncnc21,chembl,active
C=CS(=O)(=O)Nc1cccc(Cc2nn(C(C)C)c3ncnc(N)c23)c1,chembl,active
Fc1ccccc1CNc1ncnc2c1cnn2CC(Cl)c1ccccc1,chembl,active
COc1cc(Nc2c(C#N)cnc3cc(-c4cccc(CN5CCOCC5)c4)c(OC)cc23)c(Cl)cc1Cl,chembl,active
COc1cc(OC2CCN(C)CC2)c2c(Nc3cccc4c3OCO4)ncnc2c1,chembl,active
CN1CCN(CCCNc2ncc3cc(-c4c(Cl)cccc4Cl)c(=O)n(C)c3n2)CC1,chembl,active
CC(=O)Nc1cccc(Nc2ncc3cc(-c4c(Cl)cccc4Cl)c(=O)n(C)c3n2)c1,chembl,active
COc1ccc(-n2ccc(C)c(-c3ccc4nc(N)ncc4c3)c2=O)cc1,chembl,active
CCCc1ccc(CN2CCCC[C@H](NC(=O)[C@H](Cc3ccc(OP(=O)(O)O)cc3)NC(C)=O)C2=O)cc1,chembl,active
COc1cc2ncc(C#N)c(N[C@@H]3C[C@H]3c3ccccc3)c2cc1OC,chembl,active
CCS(=O)(=O)c1ccc2c(c1)/C(=C/c1[nH]c3c(c1CCCN1CCOCC1)CCCC3)C(=O)N2,chembl,active
C=Cn1cnc2c(Nc3ccc(P(C)(C)=O)cc3)nc(N3CCC(CO)CC3)nc21,chembl,active
COc1cc(-c2nn([C@H]3CC[C@H](N4CCN(C)CC4)CC3)c3ncnc(N)c23)ccc1NC(=O)CCc1ccccc1,chembl,active
Cc1cc(-c2ccc(O)c(F)c2)cc2nnc(Nc3ccc(S(=O)(=O)NCCN4CCCC4)cc3)nc12,chembl,active
CC1(C)OCC(=O)Nc2cc(Nc3nc(NCC(F)(F)F)c4occc4n3)ccc21,chembl,active
Cc1ccc(-n2nc(C(C)(C)C)cc2NC(=O)Nc2ccc(Oc3ccnc(Nc4ccc5c(ccn5C)c4)n3)c3ccccc23)cc1,chembl,active
COc1ccc(-c2cc3nccn3c(Nc3ccccc3C(N)=O)n2)cc1OC,chembl,active
CC(C)n1nc(-c2ccc3c(ccn3C)c2)c2c(N)ncnc21,chembl,active
COc1cccc(-c2nn(C(C)C)c3ncnc(N)c23)c1,chembl,active
Cc1cccc(C)c1-n1c(=O)c2cnc(Nc3ccc(OCCN4CCN(C)CC4)c(F)c3)nc2n2c3ccccc3nc12,chembl,active
Cc1cccc(C)c1-n1c(=O)c2cnc(Nc3ccc(OCCCN4CCCCC4)cc3)nc2n2c3ccccc3nc12,chembl,active
COc1cc(N2CCC(N3CCN(C)CC3)CC2)ccc1Nc1ncc(Cl)c(Nc2ccccc2P(C)(C)=O)n1,chembl,active
COc1ccc(-c2cn(-c3ccccc3)c3ncnc(N)c23)cc1,chembl,active
COCCNCCOc1cccc(-n2cc(-c3cccc(OC)c3)c3c(N)ncnc32)c1,chembl,active
CO[C@H]1[C@@H](N(C)C(=O)CNC(=O)OC(C)(C)C)C[C@@H]2O[C@@]1(C)n1c3ccccc3c3c4c(c5c6ccccc6n2c5c31)C(=O)NC4,chembl,active
Cc1cc2c(Nc3ccc4nc(N)[nH]c4c3)c(C#N)cnc2cc1OCCCN1CCCC1,chembl,active
Cc1cccc(NC(=O)Nc2ccc(-c3csc4c(C#Cc5cccnc5)cnc(N)c34)cc2)c1,chembl,active
CC(C)(C)c1ccc2nc(-c3n[nH]c4ccccc34)[nH]c2c1,chembl,active
N#CCOc1ccc(Nc2nc(Nc3cccc(S(N)(=O)=O)c3)ncc2Br)cc1,chembl,active
Cc1cc(C)c2oc(Nc3ccc(-c4cccc(C(N)=O)c4N)cc3F)nc2c1,chembl,active
CCCCOc1cc2ncc(C#N)c(Nc3ccc(Cl)cc3Cl)c2cc1OCCCC,chembl,active
Cc1cc(Nc2cc(N3CCN(C)CC3)nc(Sc3ccc(NC(=O)C4CC4)cc3)n2)n[nH]1,chembl,active
O=C1Nc2ccc3ncsc3c2C1=CNc1ccc(S(=O)(=O)Nc2ccccn2)cc1,chembl,active
Nc1n[nH]c2cccc(-c3ccc(NC(=O)Nc4cccc(C(F)(F)F)c4)c(F)c3)c12,chembl,active
Cc1cccc(Nc2nc(NC3CCCCC3N)cnc2C(N)=O)c1,chembl,active
COc1c(CNS(C)(=O)=O)cc(C(C)(C)C)cc1NC(=O)Nc1ccc(Oc2ccnc(Nc3ccccc3)c2)c2ccccc12,chembl,active
CCN(CC)CCNc1cc(Nc2cc(O)ccc2C)nc(-n2cnc3ccccc32)n1,chembl,active
Cc1ccc(-c2n[nH]c3ncnc(N)c23)cc1O,chembl,active
Cc1ccc(C(=O)Nc2ccc(Cl)cc2Cl)cc1C#Cc1cc(-c2cnn(C)c2)cnc1N,chembl,active
COCC(=O)Nc1cc(COc2ccc(NC(=O)Nc3cc(C(C)(C)C)nn3-c3ccc(C)cc3)c3ccccc23)ccn1,chembl,active
Cc1ccc(-n2nc(C(C)(C)C)cc2NC(=O)Nc2ccc(Oc3ccnc(Nc4cc(Cl)c5[nH]ncc5c4)n3)c3ccccc23)cc1,chembl,active
COc1c(CP(C)(C)=O)cc(C(C)(C)C)cc1NC(=O)Nc1ccc(Oc2ccnc(Nc3ccccc3)c2)c2ccccc12,chembl,active
COC(=O)c1cc2cc(NCc3ccccc3Br)cnc2[nH]1,chembl,active
Cc1ccc(NC(=O)c2cccc(C(F)(F)F)c2)cc1Nc1nc2ccccc2n1-c1cc(NCCCC2COCCN2)ncn1,chembl,active
Fc1ccc(F)c(CNc2ncnc3c2cnn3CC(Cl)c2ccc(Br)cc2)c1,chembl,active
O=C(Nc1nnc(SCc2ccc([N+](=O)[O-])cc2)s1)c1ccc(Cl)cc1,chembl,active
CC(=O)Nc1cc(COc2ccc(NC(=O)Nc3cc(C(C)(C)C)nn3-c3ccc(C)cc3)c3ccccc23)ccn1,chembl,active
COc1cc(Nc2cc(Oc3ccc(NC(=O)Nc4cc(C(C)(C)C)cc(CC(N)=O)c4OC)c4ccccc34)ccn2)ccn1,chembl,active
CC(C)(C)NC(=O)Nc1nc2cc(N)ncc2cc1-c1c(Cl)cccc1Cl,chembl,active
COc1ccc(-c2nn(C3CCC3)c3ncnc(N)c23)cc1OC,chembl,active
COc1ccc2c(N[C@@H]3C[C@H]3c3ccccc3)c(C#N)cnc2c1,chembl,active
O=C(Nc1nnc(SCc2cccc(Cl)c2)s1)c1ccccc1Cl,chembl,active
O=C(Nc1nnc(SCc2ccc([N+](=O)[O-])cc2)s1)c1ccc(F)cc1,chembl,active
COc1cc2ncc(C#N)c(Nc3cc(OC)c(OC)c(OC)c3Br)c2cc1OC,chembl,active
CCOC(=O)c1ccc(-n2ccc(C)c(-c3ccc4nc(N)ncc4c3)c2=O)cc1,chembl,active
Oc1ccc(F)c(Nc2nc(SCCN3CCOCC3)nc3c2cnn3CC(Cl)c2ccccc2)c1,chembl,active
CCn1cc(-c2ccc3c(c2)CCN3C(=O)Cc2cccc(OC(F)(F)F)c2)c2c(N)ncnc21,chembl,active
COc1cc(Nc2nn3c(NCC(C)(C)N)cc(C)nc3c2C(N)=O)cc(OC)c1,chembl,active
CCOc1ccc(-c2nn(C3CCCCC3)c3ncnc(N)c23)cc1OC,chembl,active
Cc1cc2c(Nc3nc4ccccc4s3)c(C#N)cnc2cc1OCCCN1CCOCC1,chembl,active
COc1ccc(-c2nn(C3CCCC3)c3ncnc(N)c23)cc1OC,chembl,active
COc1cc2c(Nc3nc4ccc(OCC(F)(F)F)cc4s3)c(C#N)cnc2cc1OCCCN1CCN(C)CC1,chembl,active
Cc1cccc(Nc2nnc3cc(-c4c(C)cccc4C)cc(C)c3n2)c1,chembl,active
COc1cc(Nc2ncc3c(=O)n(-c4c(C)cccc4C)c4nc5ccccc5n4c3n2)ccc1OCCCN1CCN(C)CC1,chembl,active
Cc1ccc(NC(=O)c2cc(CN3CCN(C)CC3)n(C(C)(C)C)n2)cc1Nc1nc2ccccc2n1-c1cc(N)ncn1,chembl,active
CC(C)(C)OC(=O)N1CCC(n2cc(-c3ccccc3)c3c(N)ncnc32)C1,chembl,active
COc1cc2c(Nc3cccc4[nH]ccc34)ncnc2cc1OCCCN1CCOCC1,chembl,active
COc1cc(Nc2c(C#N)cnc3cc(/C=C/c4ccccc4)ccc23)c(Cl)cc1Cl,chembl,active
COc1cc(Nc2c(C#N)cnc3cc4[nH]c(NCCN5CCOCC5)nc4cc23)cc(OC)c1OC,chembl,active
COc1ccc(-c2nn(C(C)(C)C)c3ncnc(N)c23)cc1C.Cl,chembl,active
COC(=O)c1ccc2c(c1)NC(=O)/C2=C(\Nc1ccc(-n2c(C)ccc2CN2CCN(C)CC2)cc1)c1ccccc1,chembl,active
CCCCCCCCCCCCOc1c(OC)cc(Nc2c(C#N)cnc3cc(OC)c(OC)cc23)cc1OC,chembl,active
COc1ccc(-c2nn(C(C)(C)C)c3ncnc(N)c23)cc1C,chembl,active
COc1cc2nccc(Oc3ccc(NC(=O)C4(C(=O)Nc5ccc(F)cc5)CC4)cc3)c2cc1OC,chembl,active
CNC(=O)Cc1cc(C(C)(C)C)cc(NC(=O)Nc2ccc(Oc3ccnc(Nc4cccc(OC)c4)c3)c3ccccc23)c1OC,chembl,active
Cc1cc(Nc2nc(-c3ccncc3)nc3ccccc23)n[nH]1,chembl,active
COc1cc2c(cc1OC)-c1n[nH]c(Nc3cccc(F)c3)c1C2,chembl,active
COc1cc2c(Nc3nc4ccccc4s3)c(C#N)cnc2cc1OCCCN1CCN(C)CC1,chembl,active
C=Cn1cnc2c(Nc3ccc(P(C)(C)=O)cc3)nc(OC3CCOC3)nc21,chembl,active
COc1cccc(Nc2nnc3cc(-c4c(Cl)cccc4Cl)cc(C)c3n2)c1,chembl,active
Oc1cccc(Nc2nc(SCCN3CCOCC3)nc3c2cnn3CC(Cl)c2ccccc2)c1,chembl,active
Clc1cccc(Nc2nc(SCCN3CCOCC3)nc3c2cnn3CC(Cl)c2ccccc2)c1,chembl,active
O=C(NC(=S)Nc1ccc(O)c(-c2nc3ccccc3s2)c1)c1ccc([N+](=O)[O-])cc1,chembl,active
COc1cc(-c2nn([C@H]3CC[C@H](N4CCN(C)CC4)CC3)c3ncnc(N)c23)ccc1NC(=O)c1ccccc1,chembl,active
COc1cc2ncc(C#N)c(Nc3cc(O)c(Cl)cc3Cl)c2cc1OC,chembl,active
CC(Oc1ccc2cc(-c3nn(C(C)C)c4ncnc(N)c34)ccc2c1)c1ccccc1,chembl,active
Nc1ncnc2c1c(-c1ccc(Cl)cc1)nn2-c1cccc(-c2cnnn2CCCCCCC(=O)NO)c1,chembl,active
Cc1cc(Nc2ccnc(Nc3cccc(-c4nc5ccccc5s4)c3)n2)n[nH]1,chembl,active
Cc1ccc(C(F)(F)F)cc1COc1ccc2cc(-c3nn(C(C)C)c4ncnc(N)c34)ccc2c1,chembl,active
COc1cc(-c2nn(CCN3CCC(N(C)C)CC3)c3ncnc(N)c23)ccc1NC(=O)NC(C)(C)C,chembl,active
C=CS(=O)(=O)N1CCC[C@@H]1Cn1cc(-c2ccc3c(c2)OCO3)c2c(N)ncnc21,chembl,active
CC(C)(C)OC(=O)n1ccc2cc(-c3nn(C4CCCC4)c4ncnc(N)c34)ccc21,chembl,active
O=C(Nc1nnc(SCc2cccc(Cl)c2)s1)c1ccc(Cl)cc1,chembl,active
C=CS(=O)(=O)Nc1cccc(Cc2nn(C3CCCC3)c3ncnc(N)c23)c1,chembl,active
COc1ccc(-c2cn(C3CCC3)c3ncnc(N)c23)cc1,chembl,active
Cl[C@@H](Cn1ncc2c(Nc3ccccc3)nc(SCCN3CCOCC3)nc21)c1ccccc1,chembl,active
CSc1nc(Nc2cccc(Br)c2)c2cnn(CCc3ccccc3)c2n1,chembl,active
Nc1ncnc2c1c(-c1cccc(Cl)c1)cn2-c1ccccc1,chembl,active
C=CCOc1ccc2cc(-c3nn(C(C)C)c4ncnc(N)c34)ccc2c1.Cl,chembl,active
CC(C)n1nc(-c2cnc3ccccc3c2)c2c(N)ncnc21.Cl,chembl,active
CP(C)(=O)c1ccc(Nc2ncnc3c2ncn3/C=C/c2cccc3[nH]ccc23)cc1,chembl,active
CC(C)n1nc(-c2cnc3ccccc3c2)c2c(N)ncnc21,chembl,active
CCOc1ccc2cc(-c3nn(C(C)C)c4ncnc(N)c34)ccc2c1,chembl,active
Cc1ccc(NC(=O)Nc2ccc(-c3csc4c(-c5cnn(C(C)C(=O)N(C)C)c5)cnc(N)c34)cc2)cc1,chembl,active
CC(=O)N1CCN(C2CCC(n3nc(-c4ccc(NC(=O)c5cc6ccccc6n5C)cc4)c4c(N)ncnc43)CC2)CC1,chembl,active
Nc1ncnc2c1c(-c1ccc(Cl)c(O)c1)nn2CC1CCNCC1,chembl,active
Cl.Cl.O=C1Nc2c(Br)cccc2/C1=C1Nc2ccccc2C/1=N\OCCN1CCNCC1,chembl,active
N#Cc1cccc(-c2nc(Nc3cc(C4CC4)[nH]n3)c3cc(Cl)ccc3n2)c1,chembl,active
Cc1ccc(C(=O)Nc2cccc(C(C)(C)C)c2)cc1Nc1nc2ccccc2n1-c1cc(N)ncn1,chembl,active
Cc1cc(Nc2nc(Sc3ccc(Cl)cc3)nc3ccccc23)n[nH]1,chembl,active
Nc1ncnc2c1c(-c1ccccc1)cn2CC(CO)CO,chembl,active
O=C(Nc1nnc(SCc2ccc(F)cc2)s1)c1ccc(Cl)cc1,chembl,active
COc1ccc(CSc2nnc(NC(=O)c3ccc(Cl)cc3)s2)cc1,chembl,active
C=CCOc1ccc2cc(-c3nn(C(C)C)c4ncnc(N)c34)ccc2c1,chembl,active
COc1c(NC(=O)Nc2ccc(Oc3ccnc(Nc4ccccc4)c3)c3ccccc23)cc(C(C)(C)C)cc1[S+](C)[O-],chembl,active
N#Cc1cnc2cc(C#Cc3cccnc3)ccc2c1Nc1ccc(Cl)cc1Cl,chembl,active
COc1cc2nccc(Nc3cc(OC)c(OC)c(OC)c3)c2cc1OC,chembl,active
CCS(=O)(=O)c1ccc2c(c1)/C(=C/c1[nH]c3c(c1CCCN1CCN(C)CC1)CCCC3)C(=O)N2,chembl,active
CNS(=O)(=O)c1ccc2c(c1)/C(=C/c1[nH]c3c(c1CCCN1CCNCC1)CCCC3)C(=O)N2,chembl,active
CNS(=O)(=O)c1ccc2c(c1)/C(=C/c1[nH]c3ccccc3c1CCCN(C)C)C(=O)N2,chembl,active
COc1ccc2c(Nc3ccc(Cl)cc3Cl)c(C#N)cnc2c1,chembl,active
COc1cc(Nc2c(C#N)cnc3cc4c(cc23)ncn4CCN2CCOCC2)cc(OC)c1OC,chembl,active
Cn1c(=O)c(-c2c(Cl)cccc2Cl)cc2cnc(Nc3ccc(OCC(=O)O)c(P(=O)(O)O)c3)nc21,chembl,active
CC(=O)N[C@@H](Cc1ccc(OP(=O)(O)O)cc1)C(=O)N[C@H]1CCCOc2cc(OCC3CCCCC3)c(C(N)=O)cc21,chembl,active
CO[C@H]1[C@@H](N(C)C(=O)CCC(=O)O)C[C@@H]2O[C@@]1(C)n1c3ccccc3c3c4c(c5c6ccccc6n2c5c31)C(=O)NC4,chembl,active
Cn1c(=O)c(-c2c(Cl)cccc2Cl)cc2cnc(NCCCN3CCOCC3)cc21,chembl,active
CCN1CCN(Cc2ccc(NC(=O)c3ccc(C)c(/C=C/c4cnc5[nH]ccc5c4OC)c3)cc2C(F)(F)F)CC1,chembl,active
C#CC(C)(C)c1cc(NC(=O)Nc2ccc(Oc3ccnc(Nc4ccc5c(c4)NC(=O)C5)n3)c3ccccc23)n(-c2ccc(C)cc2)n1,chembl,active
Cc1cnc(F)cc1-c1cc(C)c2nc(Nc3ccc(OCCN4CCCC4)cc3)nnc2c1,chembl,active
COc1ccc2ncc(C#N)c(N[C@@H]3C[C@H]3c3ccccc3)c2c1,chembl,active
CCN1CCC(n2nc(Cc3cccc4ccccc34)c3c(N)ncnc32)CC1,chembl,active
Cc1cc2c(Nc3nc4ccccc4s3)c(C#N)cnc2cc1OCCCN1CCCCC1,chembl,active
COc1cc(Nc2ncc3c(=O)n(-c4c(C)cccc4C)c4nc5ccccc5n4c3n2)cc(OC)c1OC,chembl,active
COC(=O)c1cc2cc(NCc3cccs3)cnc2[nH]1,chembl,active
CSc1nc(Nc2cccc(F)c2)c2cnn(CC(Cl)c3ccc(F)cc3)c2n1,chembl,active
Cc1noc(C)c1-c1cc(C)c2nc(Nc3ccc(OCCN4CCCC4)cc3)nnc2c1,chembl,active
Cc1cc(-c2c(F)cccc2F)cc2nnc(Nc3ccc(OCCN4CCCC4)cc3)nc12,chembl,active
ClC(Cn1ncc2c(Nc3ccccc3)nc(SCCN3CCOCC3)nc21)c1ccccc1,chembl,active
COc1ccccc1/C=C/c1nc(Nc2ccc3c(c2)OCO3)c2ccccc2n1,chembl,active
COc1c(NC(=O)Nc2ccc(Oc3ccnc(Nc4cnccn4)n3)c3ccccc23)cc(C(C)(C)C)cc1P(C)(C)=O,chembl,active
CC(C)(C)NC(=O)Nc1nc2nc(N)ncc2cc1-c1c(Cl)cccc1Br,chembl,active
CC(C)(C)NC(=O)Nc1nc2nc(N)ncc2cc1-c1c(Br)cccc1Br,chembl,active
Cn1ccc2cc(-c3nn(C4CCCC4)c4ncnc(N)c34)ccc21,chembl,active
Nc1ncc2cc(-c3c(Cl)cccc3Cl)c(N)nc2n1,chembl,active
Cn1c(=O)c(-c2c(Cl)cccc2Cl)cc2cnc(Nc3ccc(NC(=O)CCNC(=O)OC(C)(C)C)cc3)nc21,chembl,active
CN1CCN(Cc2ccc(NC(=O)Nc3ccc(Oc4ccc5ncccc5c4)cc3)cc2C(F)(F)F)CC1,chembl,active
O=C(Nc1nnc(SCc2ccc(Br)cc2)s1)c1ccc(Cl)cc1,chembl,active
CCOc1cn(-c2ccc(F)cc2C)nc1C(=O)Nc1ccc(Oc2ccnc3cc(OC)c(OC)cc23)c(F)c1,chembl,active
CSc1nc(NCc2ccccc2)c2cnn(CC(Br)c3ccccc3)c2n1,chembl,active
COc1ccc(Cl)c(Nc2ncnc3cc(OCCCN4CCN(C)CC4)cc(OC4CCOCC4)c23)c1,chembl,active
Cc1c(Nc2c(C#N)cncc2/C=C/c2cccc(S(=O)(=O)N3CCN(C)CC3)c2)ccc2[nH]ccc12,chembl,active
Oc1cccc(Nc2[nH]nc3ncnc(Nc4cccc(Cl)c4)c23)c1,chembl,active
CNc1cccc(-c2c[nH]c(=O)c(NC(=O)c3ccc(N4CCCCC4)cc3)c2)c1,chembl,active
CC(C)c1cccc(-c2nn(C(C)C)c3ncnc(N)c23)c1,chembl,active
CC(C)(C)NC(=O)Nc1nc2nc(N)ncc2cc1-c1c(Cl)cccc1Cl,chembl,active
CC(C)n1nc(-c2cc3cc(O)ccc3[nH]2)c2c(N)ncnc21,chembl,active
CCS(=O)(=O)c1ccc2c(c1)/C(=C/c1[nH]c3c(c1CCCN1CCN(C(=O)CO)CC1)CCCC3)C(=O)N2,chembl,active
COc1cc2ncc(C#N)c(Nc3ccc(Cl)cc3Cl)c2cc1OCCCN1CCOCC1,chembl,active
O=C(Nc1nnc(SCc2ccc(Br)cc2)s1)c1ccc(F)cc1,chembl,active
O=C(Nc1nnc(SCc2ccc([N+](=O)[O-])cc2)s1)c1ccccc1Cl,chembl,active
COc1cc(Nc2c(C#N)cnc3cc(C#CCCN4CCN(C)CC4)ccc23)cc(OC)c1OC,chembl,active
Cn1c(=O)c(-c2c(Cl)cccc2Cl)cc2cnc(Nc3ccc(O)cc3)nc21,chembl,active
C=CC(=O)Nc1cccc(Nc2nc(Nc3ccc(N4CCN(C)CC4)cc3)ncc2C(=O)Nc2c(C)cccc2Cl)c1,chembl,active
COc1c(C[S+](C)[O-])cc(C(C)(C)C)cc1NC(=O)Nc1ccc(Oc2ccnc(Nc3ccccc3)c2)c2ccccc12,chembl,active
CC(NC(=O)CCCCCC(=O)Nc1cccc(Nc2nccc(Nc3cc(C4CC4)[nH]n3)n2)c1)c1ccco1,chembl,active
Cc1cc(NCCN(C)C)nc2sc(C(=O)N/N=C/c3cccc4ccccc34)c(N)c12,chembl,active
COc1cc(Nc2c(C#N)cnc3cc(OC4CCN(C)CC4)c(OC)cc23)c(Cl)cc1Cl,chembl,active
Nc1ncnc2c1c(-c1ccccc1)cn2C1CCNC1,chembl,active
CC(C)S(=O)(=O)c1ccc2c(c1)/C(=C/c1[nH]c3c(c1CCCN(C)C)CCCC3)C(=O)N2,chembl,active
Cl[C@H](Cn1ncc2c(Nc3ccccc3)nc(SCCN3CCOCC3)nc21)c1ccccc1,chembl,active
Nc1c(C(=O)c2cc3ccccc3[nH]2)cnn1-c1ccc2[nH]ccc2c1,chembl,active
CC(C)CNS(=O)(=O)c1ccc2c(c1)/C(=C/c1[nH]c3c(c1CCCN(C)C)CCCC3)C(=O)N2,chembl,active
CN1CCN(c2cccc(-c3cnn4c(N)c(-c5ccc(NC(=O)NCC6CCCCC6)cc5)cnc34)c2)CC1,chembl,active
COc1cc(Nc2c(C#N)cnc3ccc(C#CCCN4CCN(C)CC4)cc23)c(Cl)cc1Cl,chembl,active
COc1ccc(Cl)c(Nc2ncnc3cc(OC)cc(OCCCN4CCOCC4)c23)c1,chembl,active
Cc1cccc(C)c1Nc1ncc(-c2ccc(C(F)(F)F)cc2)n2cncc12,chembl,active
Cc1cccc(C)c1Nc1ncc(-c2ccc(C(=O)O)cc2)n2cncc12,chembl,active
CCc1cccc(Nc2ncc3cc(-c4c(Cl)cccc4Cl)c(=O)n(C)c3n2)c1,chembl,active
Cc1cccc(C)c1Nc1ncc(-c2ccc(C#N)cc2)n2cncc12,chembl,active
Cc1cccc(C)c1-c1cc(C)c2nc(Nc3ccc(Cl)nc3)nnc2c1,chembl,active
CC(C)n1nc(-c2ccc3occc3c2)c2c(N)ncnc21,chembl,active
CN1CCN(Cc2ccc(-c3cc4ncc(C#N)c(CNc5ccc(Cl)cc5Cl)c4s3)cc2)CC1,chembl,active
CN(C)CCCc1c(/C=C2\C(=O)Nc3ccc(S(=O)(=O)NCCO)cc32)[nH]c2c1CCCC2,chembl,active
COc1c(CC(N)=O)cc(C(C)(C)C)cc1NC(=O)Nc1ccc(Oc2ccnc(Nc3ccccc3)c2)c2ccccc12,chembl,active
COc1cc(Nc2c(C#N)cnc3cc(-c4cscc4CN4CCOCC4)ccc23)c(Cl)cc1Cl,chembl,active
CC(C)n1nc(-c2ccc3ncccc3c2)c2c(N)ncnc21,chembl,active
CCN(C)[C@H]1C[C@@H]2O[C@](C)([C@H]1OC)n1c3ccccc3c3c4c(c5c6ccccc6n2c5c31)C(=O)NC4,chembl,active
Cc1ccc(NC(=O)c2cccc(C(F)(F)F)c2)cc1C(=O)Nc1cncnc1,chembl,active
COc1ccc(-c2nn(C3CNC3)c3ncnc(N)c23)cc1O,chembl,active
Cc1cccc(C)c1-c1cc(C)c2nc(Nc3ccc(N(C)C)cc3)nnc2c1,chembl,active
COc1cc(Nc2ncc3c(=O)n(-c4c(C)cccc4C)c4nc5ccccc5n4c3n2)ccc1OCCN1CCN(C)CC1,chembl,active
CC(C)[C@H](CO)Nc1nc(Nc2cccc(Cl)c2)c2ncn(C(C)C)c2n1,chembl,active
O=C(Nc1nnc(SCc2cccc(Cl)c2)s1)c1ccc(F)cc1,chembl,active
Cc1cc(NCCN(C)C)nc2sc(C(=O)N/N=C/c3cccn3C)c(N)c12,chembl,active
NC(=O)c1cnc(N[C@@H]2CCCC[C@@H]2N)nc1Nc1cccc(-n2nccn2)c1,chembl,active
COc1cccc(Nc2ncnc3cc(OC)c(OC)cc23)c1,chembl,active
CCc1c(-c2ccc(C(C)(C)O)cc2)[nH]c2nccnc12,chembl,active
COc1ccc(Cl)c(Nc2ncnc3cc(OC)c(OC)cc23)c1,chembl,active
Cc1cc(NC(=O)Nc2ccc(-c3ccnc4[nH]nc(N)c34)cc2)ccc1F,chembl,active
Cn1nc(-c2ccc3cc[nH]c3c2)c2c(N)ncnc21,chembl,active
Cn1c(=O)c(-c2c(Cl)cccc2Cl)cc2cnc(Nc3ccc(N4CCOCC4)cc3)cc21,chembl,active
COc1cc2ncnc(Nc3ccc(Cl)cc3Cl)c2cc1OC,chembl,active
COc1cccc(-c2cn(-c3ccc(C(=O)NCCCP(=O)(O)CP(=O)(O)O)cc3)c3ncnc(N)c23)c1,chembl,active
O=C(Cc1ccccc1)Nc1cccc(-c2nc3sccn3c2-c2ccnc(Nc3cccc(N4CCCC4=O)c3)n2)c1,chembl,active
Cc1cccc(NC(=O)Nc2ccc(-c3cncc4[nH]nc(N)c34)cc2)c1,chembl,active
CCN1C(=O)C(C)(C)c2cc3[nH]c4c(c3cc21)CCCc1c(C)n[nH]c1-4,chembl,active
COc1cc2ncc(C=O)c(Nc3ccc(Cl)cc3Cl)c2cc1OC,chembl,active
COc1cc(Nc2c(C#N)cnc3cc(-c4ccccc4)sc23)c(Cl)cc1Cl,chembl,active
Cc1cnc(Nc2cccc(S(N)(=O)=O)c2)nc1Nc1ccc(OCC(N)=O)cc1,chembl,active
Cc1cccc(C(=O)c2cnn(-c3cc(O)ccc3Cl)c2N)c1,chembl,active
Nc1ncnc2c1c(-c1ccccc1)cn2C1CC1,chembl,active
CC1(C)c2cc(C3CCN(C4COC4)CC3)ccc2C(=O)c2c1[nH]c1cc(C#N)ccc21,chembl,active
CCC(=O)Nc1cccc(Oc2nc(Nc3cc(C)[nH]n3)cc(N3CCN(C)CC3)n2)c1,chembl,active
CCC(=O)Nc1cccc(Oc2nc(Nc3n[nH]c4ccccc34)cc(N3CCN(C)CC3)n2)c1,chembl,active
COc1ccc(CSc2nnc(NC(=O)c3ccc(F)cc3)s2)cc1,chembl,active
CC(C)COc1ccc2cc(-c3nn(C(C)C)c4ncnc(N)c34)ccc2c1,chembl,active
NS(=O)(=O)c1ccc(Nc2nc(N3CCN(CCO)CC3)nc3[nH]cnc23)cc1,chembl,active
Cc1ccn(-c2ccc(Cl)cc2)c(=O)c1-c1ccc2nc(N)ncc2c1,chembl,active
Cn1c(=O)c(-c2c(Cl)cccc2Cl)cc2cnc(N)nc21,chembl,active
CC(C)C(=O)N1CCC[C@@H](c2nc(-c3ccc(C(=O)Nc4cc(C(F)(F)F)ccn4)cc3F)c3c(N)nccn23)C1,chembl,active
COc1ccc(-c2cnc(Nc3ccccc3C)c3cncn23)cc1,chembl,active
CC(C)COc1ccc2cc(-c3nn(C(C)C)c4ncnc(N)c34)ccc2c1.Cl,chembl,active
CC(C)Sc1nc(Nc2cccc(F)c2)c2cnn(CC(Cl)c3ccccc3)c2n1,chembl,active
COc1cc2c(Nc3cccc4cc[nH]c34)ncnc2cc1OCCCN1CCOCC1,chembl,active
COc1ccccc1-c1cc2nnc(Nc3ccc(S(=O)(=O)NCCN4CCCC4)cc3)nc2cc1C,chembl,active
COc1cc2c(Nc3cccc4c3OC(F)(F)O4)ncnc2cc1OCCCN1CCOCC1,chembl,active
Nc1c(-c2ccc(F)cc2)c(-c2ccncc2)nn1-c1c(Cl)cc(Cl)cc1Cl,chembl,active
COc1cccc(-n2ccc(C)c(-c3ccc4nc(N)ncc4c3)c2=O)c1,chembl,active
COc1ccc(CSc2nnc(NC(=O)c3ccccc3Cl)s2)cc1,chembl,active
COc1cccc(-c2cn(C3CCN(C(=O)OC(C)(C)C)C3)c3ncnc(N)c23)c1,chembl,active
Cc1ccc(C(=O)Oc2ccc(Cl)c(-c3cc(C)c4nc(Nc5ccc(OCCN6CCCC6)cc5)nnc4c3)c2)cc1,chembl,active
O=C(Cc1ccc(-c2ccccc2)cn1)NCc1cccc(F)c1,chembl,active
Cc1cc2c(Nc3ccc4nc(N)sc4c3)c(C#N)cnc2cc1OCCCN1CC(C)CC(C)C1,chembl,active
Cc1cc(C)c2c(N)c(C(=O)N/N=C/c3cccc4ccccc34)sc2n1,chembl,active
CC(C)n1nc(-c2ccc3cc(OCc4ccc(Cl)cc4)ccc3c2)c2c(N)ncnc21.Cl,chembl,active
CN(C)c1ccc(Nc2ncc3c(n2)N2CCC(=O)N2C(c2cc(O)ccc2Cl)=C3)cc1,chembl,active
CC(=O)Nc1ccc(Sc2nc(Nc3cc[nH]n3)c3ccccc3n2)cc1,chembl,active
CCN(CC)CCCCNc1cc(-n2c(Nc3cc(C(=O)Nc4cccc(C(F)(F)F)c4)ccc3C)nc3ccccc32)ncn1,chembl,active
N#Cc1cnc2ccc(-c3cccc(CN4CCOCC4)c3)cc2c1N[C@@H]1C[C@H]1c1ccccc1,chembl,active
Cc1cc(-c2c(Cl)cccc2Cl)cc2nnc(Nc3ccc(O)cc3)nc12,chembl,active
CC(C)n1nc(-c2ccc3cc(OCc4cccc(Cl)c4)ccc3c2)c2c(N)ncnc21.Cl,chembl,active
C[C@@H](CN)n1nc(-c2ccc(Cl)c(O)c2)c2c(N)ncnc21,chembl,active
COc1cc2ncnc(Nc3cc(OC)c(OC)c(OC)c3)c2cc1OC,chembl,active
Cc1cc(-c2cccc(N)c2)cc2nnc(Nc3ccc(S(=O)(=O)NCCN4CCCC4)cc3)nc12,chembl,active
COc1cc(Nc2c(C#N)cnc3ccc(-c4csc(CN5CCOCC5)c4)cc23)c(Cl)cc1Cl,chembl,active
CC(C)n1nc(-c2ccc3cc(OCc4ccccc4Cl)ccc3c2)c2c(N)ncnc21.Cl,chembl,active
CC(=O)N[C@@H](Cc1ccc(OP(=O)(O)O)cc1)C(=O)N[C@H]1CCCCN(C/C=C/c2ccccc2)C1=O,chembl,active
CNc1cncc(-c2c[nH]c(=O)c(NC(=O)c3ccc(N4CCC[C@H]4CN4CCCC4)cc3)c2)c1,chembl,active
COc1cc2ncc(C#N)c(Oc3cc(OC)c(OC)c(OC)c3)c2cc1OC,chembl,active
CC(=O)N[C@@H](Cc1ccc(OP(=O)(O)O)cc1)C(=O)N[C@H]1CCCCN(CCCc2ccccc2)C1=O,chembl,active
N#C/C(=C\c1cccc(-n2cc(-c3ccc(Oc4ccccc4)cc3)c3c(N)ncnc32)c1)C(=O)N1CC(O)C1,chembl,active
COc1cc(Br)cc(-c2nn(C(C)C)c3ncnc(N)c23)c1,chembl,active
CC(C)n1nc(-c2ccc3c(ccn3C)c2)c2c(N)ncnc21.Cl,chembl,active
CN1CCN(c2ccc(Nc3ncc4nc(Nc5ccccc5)n(C5CCCC5)c4n3)cc2)CC1,chembl,active
Cc1cccc(C)c1-c1cc(C)c2nc(Nc3ncc(C(=O)NCCN4CCCC4)s3)nnc2c1,chembl,active
Nc1nc(-c2cccc(-n3ccc4cc(C5CC5)cc(F)c4c3=O)c2CO)c2cc(C3=CCN(C4COC4)CC3)[nH]c2n1,chembl,active
Cc1cccc(C)c1-c1cc(C)c2nc(Nc3ccccc3)nnc2c1,chembl,active
CCCOc1ccc2cc(-c3nn(C(C)C)c4ncnc(N)c34)ccc2c1,chembl,active
COc1ccc(-c2nn(C(C)(C)C)c3ncnc(N)c23)cc1OC,chembl,active
C=CC(=O)Nc1ccc2ncnc(Nc3ccc(Br)cc3)c2c1,chembl,active
Nc1ncnc2c1c(-c1ccc(Oc3ccccc3)cc1)cn2[C@H]1CC[C@@H](N2CCCCC2)CC1,chembl,active
CNc1cc(F)cc(-c2c[nH]c(=O)c(NC(=O)c3ccc(N4CCC[C@H]4CN4CCCC4)cc3)c2)c1,chembl,active
Cc1ccc(NC(=O)c2cccc(C(F)(F)F)c2)cc1Nc1nc2ccccc2n1-c1cc(NCCN2CCN(C)CC2)ncn1,chembl,active
CN(C)CCCc1c(/C=C2\C(=O)Nc3ccc(S(C)(=O)=O)cc32)[nH]c2c1CCCC2,chembl,active
CCN(CC)CCCNc1cc2c(cn1)cc(-c1c(Cl)cccc1Cl)c(=O)n2C,chembl,active
CCC(=O)N1CCN(CCCc2c(/C=C3\C(=O)Nc4ccc(S(=O)(=O)NC)cc43)[nH]c3c2CCCC3)CC1,chembl,active
COc1ccc(Cl)c(Nc2ncnc3cccc(OC4CCN(C)CC4)c23)c1,chembl,active
CN(C)CCCc1c(/C=C2\C(=O)Nc3ccc(S(=O)(=O)Nc4ccccc4Cl)cc32)[nH]c2c1CCCC2,chembl,active
Cc1nc2cc(-n3ncc(C(=O)c4cc5ccc(CN6CCOCC6)cc5[nH]4)c3N)ccc2[nH]1,chembl,active
COCCOc1cc2ncnc(Nc3ccc(F)c(Cl)c3)c2cc1NC(=O)[C@@H]1CCCN1,chembl,active
CNS(=O)(=O)c1ccc2c(c1)/C(=C/c1[nH]c3c(c1CCC(=O)N1CCN(C)CC1)CCCC3)C(=O)N2,chembl,active
Cc1ccc(-c2nn(CCN3CCC(CN(C)C)CC3)c3ncnc(N)c23)cc1,chembl,active
CNS(=O)(=O)c1ccc2c(c1)/C(=C/c1[nH]c3c(c1CCCN1CCN(C(C)=O)CC1)CCCC3)C(=O)N2,chembl,active
COc1cc(Nc2c(C#N)cnc3cc(C#CCN4CCN(C)CC4)sc23)c(Cl)cc1Cl,chembl,active
CSc1nc(NCc2ccccc2F)c2cnn(CC(Cl)c3ccc(F)cc3)c2n1,chembl,active
CC(=O)N[C@@H](Cc1ccc(OP(=O)(O)O)cc1)C(=O)N[C@H]1CSCCN(Cc2cccc(-c3ccccc3C#N)c2)C1=O,chembl,active
COc1ccc(-c2cn(C3CCNC3)c3ncnc(N)c23)cc1,chembl,active
Nc1ncnc2c1c(-c1ccccc1)cn2[C@@H]1CN[C@@H](CO)C1,chembl,active
CCOC(=O)C[C@H]1C[C@@H](n2cc(-c3ccc(O)cc3)c3c(N)ncnc32)CN1C(=O)OC(C)(C)C,chembl,active
CC(=O)NC(Cc1ccc(P(=O)(O)O)c(P(=O)(O)O)c1)C(=O)N[C@H]1CCCCc2cc(OCC3CCCCC3)c(C(N)=O)cc21,chembl,active
CC(C)Sc1nc(Nc2ccccc2)c2cnn(CC(Cl)c3ccccc3)c2n1,chembl,active
Cc1cc2c(Nc3ccc(-c4nc5ccccc5s4)cc3)ncnc2cc1Cl,chembl,active
Cc1cccc(C)c1Nc1ncc(-c2ccc(CN3CCN(C)CC3)s2)n2cncc12.Cl,chembl,active
O=c1oc2c(O)c(O)cc3c(=O)oc4c(O)c(O)cc1c4c23,chembl,active
CCCOc1ccc2cc(-c3nn(C(C)C)c4ncnc(N)c34)ccc2c1.Cl,chembl,active
CC(Cn1ncc2c(Nc3cccc(O)c3)nc(NCCO)nc21)c1ccccc1,chembl,active
COc1cc(-c2nn([C@H]3CC[C@H](N4CCN(C)CC4)CC3)c3ncnc(N)c23)ccc1NC(=O)Nc1ccccc1,chembl,active
COc1cc(C#N)cc(Nc2cc(Oc3ccc(NC(=O)Nc4cc(C(C)(C)C)cc(CC(N)=O)c4OC)c4ccccc34)ccn2)c1,chembl,active
CNc1ncc2cc(-c3cc(NC(=O)NCCC(C)(C)C)c(F)cc3C)c(C)nc2n1,chembl,active
Cc1ccc(C(=O)Nc2cc(C(F)(F)F)ccn2)cc1/C=C/n1cnc2cncnc21,chembl,active
COc1cccc(-c2cn(-c3ccc(CCN(C)CCOP(=O)(O)CP(=O)(O)O)cc3)c3ncnc(N)c23)c1,chembl,active
CSc1nc(NCc2ccc(F)cc2)c2cnn(CC(Cl)c3ccc(F)cc3)c2n1,chembl,active
Cc1cccc(C)c1-c1cc(C)c2nc(Nc3cccc(S(=O)(=O)N4CCN(C)CC4)c3)nnc2c1,chembl,active
Cc1cc2nc(Nc3ccc(S(=O)(=O)NCCN4CCCC4)cc3)nnc2cc1-c1ccccc1,chembl,active
COc1cc(Nc2c(C#N)cnc3cc(C#Cc4ccccc4)ccc23)c(Cl)cc1Cl,chembl,active
COc1cc(Nc2c(C#N)cnc3cc(/C=C/c4ccc5ccccc5c4)ccc23)c(Cl)cc1Cl,chembl,active
Nc1ncnc2c1c(-c1ccccc1)cn2[C@H]1CN[C@H](CO)C1,chembl,active
Cc1cccc(NC(=O)Nc2ccc(-c3csc4ncnc(N)c34)cc2)c1,chembl,active
Cc1nc(N)sc1-c1ccnc(Nc2ccc(N3CCOCC3)cc2)n1,chembl,active
COc1ccc2ncc(C#N)c(Nc3ccc(Cl)cc3Cl)c2c1,chembl,active
Nc1n[nH]c2nccc(-c3ccc(NC(=O)Nc4cc(C(F)(F)F)ccc4F)cc3)c12,chembl,active
N#CCCc1ccc2c(c1)-c1[nH]c3ccc([N+](=O)[O-])cc3c1CC(=O)N2,chembl,active
CC(=O)N[C@@H](Cc1ccc(OP(=O)(O)O)cc1)C(=O)N[C@H]1CSCCN(Cc2ccc(-c3ccccc3C#N)cc2)C1=O,chembl,active
CC(C)(C)OC(=O)N1C[C@@H](n2cc(-c3ccc(O)cc3)c3c(N)ncnc32)C[C@H]1CO,chembl,active
COc1ccc(C(=O)Nc2n[nH]c3ccc(-c4cn(Cc5ccccc5)nn4)cc23)cc1OC,chembl,active
Nc1ncnc2c1c(-c1ccccc1)cn2-c1ccccc1CO,chembl,active
Nc1ncnc2c1c(-c1ccc(Oc3ccccc3)cc1)cn2C1CCOC1,chembl,active
CCOC(=O)C[C@@H]1C[C@H](n2cc(-c3ccc(O)cc3)c3c(N)ncnc32)CN1C(=O)OC(C)(C)C,chembl,active
CSc1nc(N2CCCCC2)c2cnn(CC(Br)c3ccccc3)c2n1,chembl,active
Cc1ccc(-c2nn(-c3cccc(C(=O)NCc4ccc(P(=O)(O)O)c(P(=O)(O)O)c4)c3)c3ncnc(N)c23)cc1,chembl,active
COc1cc(Nc2ncc3c(n2)-c2ccc(Cl)cc2C(c2c(F)cccc2OC)=NC3)ccc1C(=O)O,chembl,active
COc1cccc(-c2cn(CC(CO)CO)c3ncnc(N)c23)c1,chembl,active
Cc1cc(NC(=O)Nc2ccc(-c3cccc4[nH]nc(N)c34)cc2)ccc1F,chembl,active
O=C(Nc1cnc2[nH]cc(-c3ccccc3)c2c1)c1cccc(F)c1F,chembl,active
Cn1cc(Nc2nccc(-c3ccc4c(c3)CN(C3COC3)CC[C@H]4NC(=O)c3cn(C(C)(C)C)nn3)n2)cn1,chembl,active
CC(Oc1cc(-c2cnn(C3CCNCC3)c2)cnc1N)c1c(Cl)ccc(F)c1Cl,chembl,active
COC(=O)c1cc2cc(NC(=O)c3c(F)cccc3OC)cnc2[nH]1,chembl,active
COc1cc2ncc(C#N)c(N[C@@H]3C[C@H]3c3ccccc3)c2cc1OCc1ccccc1,chembl,active
CC(=O)N[C@@H](Cc1ccc(OP(=O)(O)O)cc1)C(=O)N[C@H]1CCCCN(Cc2ccc(-c3ccc(F)cc3F)cc2)C1=O,chembl,active
Cc1cc2cc(-n3ncc(C(=O)c4cc5ccccc5[nH]4)c3N)ccc2[nH]1,chembl,active
Cc1c(Nc2c(C#N)cnc3sc(/C=C/C(=O)N4CCCC4)cc23)ccc2[nH]ccc12,chembl,active
Cc1cccc(Cl)c1NC(=O)c1ccc2nc(NC(=O)NC(C)(C)C)sc2c1,chembl,active
COc1cc(Nc2c(C#N)cnc3cc4[nH]cnc4cc23)cc(OC)c1OC,chembl,active
O=C(CCCCCC(=O)N1CCC[C@H]1c1ccco1)Nc1cccc(Nc2nccc(Nc3cc(C4CC4)[nH]n3)n2)c1,chembl,active
Cc1cc(C(F)(F)F)nc2sc(C(=O)N/N=C/c3cncn3C)c(N)c12,chembl,active
O=C(Nc1nnc(SCc2ccccc2)s1)c1ccc(Cl)cc1,chembl,active
Cc1cc(-c2ccccc2)cc2nnc(Nc3ccc(OCCN4CCCC4)cc3)nc12,chembl,active
CCN1CCN(Cc2ccc(NC(=O)Nc3ccc(Oc4cc(NC)ncn4)cc3)cc2C(F)(F)F)CC1,chembl,active
Cn1c(=O)c(-c2c(Cl)cccc2Cl)cc2cnc(Nc3ccc(I)cc3)nc21,chembl,active
CCOc1c(OC)cc(Nc2ncnc3cc(OC)c(OC)cc23)cc1OC,chembl,active
COc1ccc(Nc2nnc3cc(-c4c(C)cccc4C)cc(C)c3n2)cn1,chembl,active
Cc1cc(-c2cccc3[nH]ccc23)cc2nnc(Nc3ccc(S(=O)(=O)NCCN4CCCC4)cc3)nc12,chembl,active
COc1cc(Nc2c(C#N)cnc3ccc(/C=C/CCN4CCOCC4)cc23)c(Cl)cc1Cl,chembl,active
Fc1ccc(C(Cl)Cn2ncc3c(Nc4cccc(Br)c4)ncnc32)cc1,chembl,active
Cc1ccc(O)cc1-n1c(=O)c2c(c3c(N)ncnc31)CCCC2,chembl,active
COCCNCc1ccc(-c2cc3nccc(Oc4ccc(NC(=S)NC(=O)Cc5ccc(F)cc5)cc4F)c3s2)nc1,chembl,active
CC(=O)N[C@@H](Cc1ccc(C(F)(F)P(=O)(O)O)cc1)C(=O)N[C@H]1CCCCN(CCCC2CCCCC2)C1=O,chembl,active
Clc1ccc(Nc2nc(N3CCOCC3)nc3[nH]cnc23)cc1,chembl,active
O=[N+]([O-])c1cccc(Nc2nc(N3CCN(CCO)CC3)nc3[nH]cnc23)c1,chembl,active
NS(=O)(=O)c1cccc(Nc2nc(N3CCN(CCO)CC3)nc3[nH]cnc23)c1,chembl,active
COc1cc(-c2nn(C(C)C)c3ncnc(N)c23)ccc1NC(C)CO,chembl,active
Cc1cc(-c2cccc3cc[nH]c23)cc2nnc(Nc3ccc(S(=O)(=O)NCCN4CCCC4)cc3)nc12,chembl,active
CC(C)(C)OC(=O)N1C[C@H](n2cc(-c3ccc(O)cc3)c3c(N)ncnc32)C[C@@H]1CO,chembl,active
O=C1NC(=O)c2c1c1[nH]cnc1c1[nH]c3ccccc3c21,chembl,active
Cn1c(=O)c(-c2c(Cl)cccc2Cl)cc2cnc(N)cc21,chembl,active
CC(=O)N[C@@H](Cc1ccc(C(P(=O)(O)O)P(=O)(O)O)cc1)C(=O)N[C@@H](C)c1ccc(OCC2CCCCC2)c(C(N)=O)c1,chembl,active
Cc1cc(C)cc(Nc2nccc(-c3ncc(C)s3)n2)c1,chembl,active
O=C(Cc1ccc(-c2ccccc2)cc1)NCc1cccc(F)c1,chembl,active
COc1c(NC(=O)Nc2ccc(Oc3ccnc(Nc4cnn(C)n4)n3)c3ccccc23)cc(C(C)(C)C)cc1P(C)(C)=O,chembl,active
O=C(Nc1nnc(SCc2ccc(F)cc2)s1)c1ccc(F)cc1,chembl,active
Cc1ccc(CN)cc1-c1cc(C)c2nc(Nc3ccc(S(=O)(=O)NCCN4CCCC4)cc3)nnc2c1,chembl,active
CS(=O)(=O)N1CCC(n2nc(Cc3cccc4ccccc34)c3c(N)ncnc32)CC1,chembl,active
Cc1cc(C)c(-c2cc3cnc(N)nc3nc2NC(=O)NC(C)(C)C)c(C)c1,chembl,active
Cc1cccc(C)c1-n1c(=O)c2cnc(Nc3ccc(OCCCN(C)C)cc3)nc2n2c3ccccc3nc12,chembl,active
CC(=O)Nc1cccc(Nc2nccc(Nc3cc(C4CC4)[nH]n3)n2)c1,chembl,active
Cc1ccc(-n2nc([Si](C)(C)C)cc2NC(=O)Nc2ccc(Oc3ccnc(Nc4ccccn4)n3)c3ccccc23)cc1,chembl,active
Cc1ccc(C(=O)Nc2cccc(C(F)(F)F)c2)cc1Nc1nc2ccccc2n1-c1cc(NCCCN2CCN(C)CC2)ncn1,chembl,active
CCOc1ccc(-c2nn(C(C)C)c3ncnc(N)c23)cc1OC,chembl,active
Cc1nc(Nc2nnc3cc(-c4c(Cl)cccc4Cl)cc(C)c3n2)cc(OCCN2CCCC2)n1,chembl,active
COc1c(CC(N)=O)cc(C(C)(C)C)cc1NC(=O)Nc1ccc(Oc2ccnc(Nc3cccc(OC(F)F)c3)c2)c2ccccc12,chembl,active
COc1cccc(-c2cn(-c3cccc(C(=O)NCCCP(=O)(O)CP(=O)(O)O)c3)c3ncnc(N)c23)c1,chembl,active
CCN(CC)CCOc1ccc(Nc2ncc3c(C)c(-c4c(C)cccc4C)c(=O)n(C)c3n2)cc1,chembl,active
Oc1ccc(C[C@@]2(O)COc3c(ccc(O)c3O)[C@H]2O)cc1O,chembl,active
C[C@H](NC(=O)CCCCCC(=O)Nc1cccc(Nc2nccc(Nc3cc(C4CC4)[nH]n3)n2)c1)c1ccco1,chembl,active
Nc1ncnc2c1c(-c1ccc3cc(OCc4cccc(Cl)c4)ccc3c1)nn2CC1CCNCC1,chembl,active
COc1cc2c(Nc3cccc4c3OCCO4)ncnc2cc1OCCCN1CCOCC1,chembl,active
CN(C)C/C=C/C(=O)N1CCC[C@@H](n2nc(-c3ccc(Oc4ccc(F)cc4F)cc3)c(C(N)=O)c2N)C1,chembl,active
COc1cc2c(Nc3nc4ccccc4s3)c(C#N)cnc2cc1OCCN1CCCCC1,chembl,active
Cc1c(O)c(O)c2c(c1C=O)[C@@H]1O[C@H](O2)c2c(C)c(O)c(O)c(O)c2C1=O,chembl,active
Nc1ncnc2c1c(-c1ccc(Cl)cc1)nn2-c1cccc(-c2cn(CCCCCC(=O)NO)nn2)c1,chembl,active
COCCc1ccc(OCc2cccc(-c3ccc(C(=O)NNC(=O)C(=O)c4c[nH]c5ccccc45)cc3)c2)cc1,chembl,active
CCn1cnc2c(Nc3ccc(C(C)C)cc3)nc(C(C)C)nc21,chembl,active
CCOc1ccc2cc(-c3nn(C(C)C)c4ncnc(N)c34)ccc2c1.Cl,chembl,active
Cl.Nc1ncnc2c1c(-c1ccc3cc(OCc4cccc(Cl)c4)ccc3c1)nn2CC1CCNCC1,chembl,active
COc1cc2c(Oc3ccc(C4SCC(=O)N4NC(=O)Nc4ccc(F)cc4F)cc3F)ccnc2cc1OCCCN1CCN(C)CC1,chembl,active
Cc1nc(Nc2nnc3cc(-c4c(Cl)cccc4Cl)cc(C)c3n2)cc(N2CCN(CCO)CC2)n1,chembl,active
CCCP(=O)(CCC)c1ccc(Nc2nc(C(C)C)nc3c2ncn3/C=C\c2ccccc2)cc1,chembl,active
COc1c(CNC(C)=O)cc(C(C)(C)C)cc1NC(=O)Nc1ccc(Oc2ccnc(NCc3ccccn3)c2)c2ccccc12,chembl,active
COc1ccc(-c2nn(C(C)C)c3ncnc(N)c23)cc1,chembl,active
N#Cc1cnc2cc(/C=C/c3ccncc3)ccc2c1Oc1ccc(Cl)cc1Cl,chembl,active
CN1CCN(c2ccc(-c3cnn4c(N)c(-c5ccc(NC(=O)Oc6ccccc6)cc5)cnc34)cc2)CC1,chembl,active
CNC(=O)c1cc(Oc2ccc(NC(=O)Nc3ccc(Cl)c(C(F)(F)F)c3)cc2)ccn1,chembl,active
Cc1ccn(-c2ccc(Cl)c(F)c2)c(=O)c1-c1ccc2nc(N)ncc2c1,chembl,active
COc1cc(Nc2ncnc3cc(OC)c(OC)cc23)c(Cl)cc1Cl,chembl,active
Cc1cc(Nc2nc(Nc3ccccc3)nc3ccccc23)n[nH]1,chembl,active
Nc1ncnc2c1c(-c1ccc(Oc3ccccc3)cc1)cn2C1CNOC1,chembl,active
C=CC(=O)Nc1ccc2ncnc(Nc3ccc(-c4ccccc4)cc3)c2c1,chembl,active
O=[N+]([O-])c1ccc(Nc2nc(N3CCOCC3)nc3[nH]cnc23)cc1,chembl,active
Cc1nc2cc(-n3ncc(C(=O)c4cc5ccc(CN6CCC(F)(F)CC6)cc5[nH]4)c3N)ccc2[nH]1,chembl,active
CC(=O)c1ccc(-n2ccc(C)c(-c3ccc4nc(N)ncc4c3)c2=O)cc1,chembl,active
O=C1Cc2c([nH]c3ccc([N+](=O)[O-])cc23)-c2ccccc2N1,chembl,active
COc1cc(Nc2ncnc3cc(OCCCN4CCOCC4)cc(OC4CCOCC4)c23)c(Cl)cn1,chembl,active
CCS(=O)(=O)c1ccc2c(c1)/C(=C/c1[nH]c3c(c1CCCN1CCN(C(C)=O)CC1)CCCC3)C(=O)N2,chembl,active
Cc1ccc(-c2nn(-c3cccc(C(=O)NCCCP(=O)(O)CP(=O)(O)O)c3)c3ncnc(N)c23)cc1,chembl,active
CCN(CC)CCNc1cc(-n2c(Nc3cc(NC(=O)c4cccc(C(F)(F)F)c4)ccc3C)nc3ccccc32)ncn1,chembl,active
Oc1ccc(Nc2[nH]nc3ncnc(Nc4cccc(Cl)c4)c23)cc1,chembl,active
O=C(CCc1ccccc1)n1c2cc(O)c(O)cc2c2ccc(O)c(O)c21,chembl,active
COc1ccc(-c2cn(C3CCN(C(=O)OC(C)(C)C)C3)c3ncnc(N)c23)cc1,chembl,active
Nc1ncc(-c2ccoc2)c2scc(-c3ccc(NC(=O)Nc4ccccc4F)cc3)c12,chembl,active
Cc1ccc(F)c(NC(=O)Nc2ccc(-c3cncc4[nH]nc(N)c34)cc2)c1,chembl,active
ClC(Cn1ncc2c(Nc3cccc(Br)c3)ncnc21)c1ccccc1,chembl,active
CN1CCN(c2ccc(-c3cnn4c(N)c(-c5ccc(O)cc5)cnc34)cc2)CC1,chembl,active
Cc1cccc(NC(=O)Nc2ccc(-c3csc4c(C#CCN(C)C)cnc(N)c34)cc2)c1,chembl,active
NCCC(C(=O)Nc1ccc2[nH]ncc2c1)c1ccc(Cl)c(Cl)c1,chembl,active
Cc1cccc(NC(=O)Nc2ccc(-c3csc4c(C#CC(C)(C)N)cnc(N)c34)cc2)c1,chembl,active
Cc1cc(C)cc(NC(=O)Nc2ccc(-c3cccc4onc(N)c34)cc2)c1,chembl,active
Clc1ccc(CNc2ccc3nnc(-c4ccccc4)n3n2)cc1,chembl,active
CC(C)n1nc(-c2ccc3cc(OCc4ccc(CC(F)(F)F)c(Cl)c4)ccc3c2)c2c(N)ncnc21,chembl,active
Cc1ccn(-c2ccc3c(c2)NCC3(C)C)c(=O)c1-c1ccc2nc(N)ncc2c1,chembl,active
COc1ccc(Cl)c(Nc2ncnc3cccc(OC4CCOCC4)c23)c1,chembl,active
COc1cc(Nc2ncnc3ccc(-c4ccc(CN5CC6C(CO)C6C5)cc4)cc23)ccc1Oc1ccccc1,chembl,active
Cc1cccc(NC(=O)Nc2ccc(-c3csc4c(C#CCNS(C)(=O)=O)cnc(N)c34)cc2)c1,chembl,active
CC(=O)N[C@@H](Cc1ccc(OP(=O)(O)O)cc1)C(=O)N[C@H]1CSCCN(Cc2cccc(OC(F)(F)F)c2)C1=O,chembl,active
Cc1cccc(NC(=O)Nc2ccc(-c3csc4c(C#CCN5CCCC5)cnc(N)c34)cc2)c1,chembl,active
CS(=O)(=O)c1ccc(C(=O)n2c3cc(O)c(O)cc3c3ccc(O)c(O)c32)cc1,chembl,active
Cc1cccc(NC(=O)Nc2ccc(-c3csc4c(C#CCN)cnc(N)c34)cc2)c1,chembl,active
NC(COc1cncc(-c2ccc3c(c2)C(=Cc2ccco2)C(=O)N3)c1)Cc1c[nH]c2ccccc12,chembl,active
CCS(=O)(=O)c1ccc2c(c1)/C(=C/c1[nH]c3c(c1CCC(=O)O)CCCC3)C(=O)N2,chembl,active
CCCC(=O)Nc1cccc(Nc2nccc(Nc3cc(C4CC4)[nH]n3)n2)c1,chembl,active
CNS(=O)(=O)c1ccc2c(c1)/C(=C/c1[nH]c3c(c1CCCN1CCN(C(=O)CO)CC1)CCCC3)C(=O)N2,chembl,active
N#Cc1ccc(Cn2c3cc(O)c(O)cc3c3ccc(O)c(O)c32)cc1,chembl,active
CCOC(=O)C[C@@H]1C[C@@H](n2cc(-c3ccccc3)c3c(N)ncnc32)CN1C(=O)OC(C)(C)C,chembl,active
CCOC(=O)C[C@H]1C[C@H](n2cc(-c3ccccc3)c3c(N)ncnc32)CN1C(=O)OC(C)(C)C,chembl,active
Cc1ccccc1-c1cc2cnc(N)nc2nc1NC(=O)NC(C)(C)C,chembl,active
Cc1ccc(F)cc1Nc1nc2cc(Cl)c(N(C)C(=O)/C=C/CN(C)C)cc2n2cncc12,chembl,active
CC(C)n1nc(-c2ccc(C#N)c(O)c2)c2c(N)ncnc21,chembl,active
C[C@@H](CN)n1nc(-c2ccc(F)c(O)c2)c2c(N)ncnc21,chembl,active
Cc1cccc(C)c1Nc1nc(-c2ccc(F)cc2)cn2cncc12,chembl,active
Nc1ncnc2c1c(-c1ccc(Cl)cc1)nn2-c1cccc(-c2cnnn2CCCCCCCC(=O)NO)c1,chembl,active
COc1cc(Nc2nn3c(NC[C@@H](C)N)cc(C)nc3c2C(N)=O)cc(OC)c1,chembl,active
OCCCOc1cc(Nc2nccc(-c3nccs3)n2)cc(C(F)(F)F)c1,chembl,active
C=CC(=O)Nc1cccc(-c2nn(C(C)C)c3ncnc(N)c23)c1,chembl,active
CNc1cc2c(cn1)cc(-c1c(Cl)cccc1Cl)c(=O)n2C,chembl,active
COc1cc(Nc2c(C#N)cnc3cc(C#Cc4ccc(-c5ccccc5)cc4)ccc23)c(Cl)cc1Cl,chembl,active
COc1cc(Nc2c(C#N)cnc3cc(-c4ccsc4CN4CCN(C)CC4)sc23)c(Cl)cc1Cl,chembl,active
O=C1Nc2ccccc2/C1=C1Nc2ccccc2C/1=N\OCC(O)CO,chembl,active
Cc1ccc(C(=O)Nc2ccc(CN3Cc4cn[nH]c4C3)c(Cl)c2)cc1C#Cc1cnc2cccnn12,chembl,active
COc1cc(Nc2nn3c(N[C@@H](CO)C(C)C)cc(C)nc3c2C(N)=O)cc(OC)c1,chembl,active
CN1CCN([C@H]2CC[C@H](n3nc(-c4ccc(C(=O)c5ccccc5)cc4)c4c(N)ncnc43)CC2)CC1,chembl,active
CN1CCN(c2cccc(-c3cnn4c(N)c(-c5ccc(O)cc5)cnc34)c2)CC1,chembl,active
CC(=O)N[C@@H](Cc1ccc(OCC(=O)O)c(P(=O)(O)O)c1)C(=O)N[C@H]1CCCCN(Cc2ccc(-c3ccccc3)cc2)C1=O,chembl,active
COc1cc(Nc2c(C#N)cnc3cc(CCc4ccncc4)ccc23)c(Cl)cc1Cl,chembl,active
CN1CCN(c2ccc(Nc3ncc(Cl)c(NC[C@H]4CCCO4)n3)cc2)CC1,chembl,active
COc1cc2c(Nc3cccc4c3OCC4)ncnc2cc1OCCCN1CCOCC1,chembl,active
COc1cc(Cl)c(Cl)c(Nc2c(C#N)cnc3ccc(C#Cc4cccnc4)cc23)c1,chembl,active
COc1cc(Nc2c(C#N)cnc3cc(-c4ccsc4CN4CCOCC4)ccc23)c(Cl)cc1Cl,chembl,active
Cc1cccc(C)c1-n1c(=O)c2cnc(Nc3ccc(OCCN(C)C)cc3)nc2n2c3ccccc3nc12,chembl,active
Cc1cc(-c2cc(O)ccc2Cl)cc2nnc(Nc3cccc(S(=O)(=O)N4CCN(C)CC4)c3)nc12,chembl,active
Cc1cc2nc(Nc3ccc(S(=O)(=O)NCCN4CCCC4)cc3)nnc2cc1-c1cccc(CO)c1,chembl,active
Cn1c(=O)c(-c2c(Cl)cccc2Cl)cc2cnc(Nc3ccc(NC(=O)CCl)cc3)nc21,chembl,active
C=CC(=O)Nc1ccc2ncnc(NCCc3ccccc3)c2c1,chembl,active
Cn1nc(-c2cnc3[nH]ccc3c2)c2c(N)ncnc21,chembl,active
Oc1cc2c(cc1O)[C@@H]1c3ccc(O)c(O)c3OC[C@]1(O)C2,chembl,active
Brc1ccc(Nc2nc(N3CCOCC3)nc3[nH]cnc23)cc1,chembl,active
CC(=O)N[C@@H](Cc1ccc(CC(=O)O)c(C(=O)O)c1)C(=O)N[C@H]1CCCCN(Cc2ccc(-c3ccccc3)cc2)C1=O,chembl,active
CC(C)c1cc(CNc2nc(Nc3cc(C4CC4)[nH]n3)cc(N3CCN(C)CC3)n2)on1,chembl,active
COc1cc(-c2nn([C@H]3CC[C@H](N4CCN(C)CC4)CC3)c3ncnc(N)c23)ccc1NC(=O)C(C)(C)Cc1ccccc1,chembl,active
Oc1ccc2c(ncn2-c2ccccc2)c1O,chembl,active
Cc1cc(Nc2nc(Sc3ccc(NC(=O)C4CC4)cc3)nc3ccccc23)n[nH]1,chembl,active
Nc1ccc2c(c1)C(=O)/C(=C/c1cc(Br)c(O)c(Br)c1)C2=O,chembl,active
Cc1ccc(C(=O)Nc2cccc(C(F)(F)F)c2)cc1Nc1nc2ccccc2n1-c1cc(NCCN2CCN(C)CC2)ncn1,chembl,active
Cc1cc(NC(=O)OCC(C)C)ccc1-c1cnc2c(-c3cccc(N4CCN(C)CC4)c3)cnn2c1N,chembl,active
CCOc1cccc2c1c(/C=C1\C(=O)NN=C1c1snnc1C)cn2C,chembl,active
COc1cc2ncc(C#N)c(Nc3cc(OC)c(OC)c(OC)c3C)c2cc1OC,chembl,active
O=C(Nc1nnc(SCc2ccccc2)s1)c1ccc(F)cc1,chembl,active
COc1cc(-c2nn([C@H]3CC[C@H](N4CCN(C)CC4)CC3)c3ncnc(N)c23)ccc1NS(=O)(=O)Nc1ccccc1,chembl,active
Cc1ccc(OCCNc2nc(Nc3cc(C)[nH]n3)cc(C)c2C#N)cn1,chembl,active
Nc1cc2cc(-c3cncc(OC[C@@H](N)Cc4c[nH]c5ccccc45)c3)ccc2cn1,chembl,active
COc1ccc(Nc2ncnc3cc(OCCCN4CCOCC4)c(OC)cc23)cc1,chembl,active
O=C(CCCCCC(=O)N1CCCC1c1ccco1)Nc1cccc(Nc2nccc(Nc3cc(C4CC4)[nH]n3)n2)c1,chembl,active
CC(C)Oc1ccc2cc(-c3nn(C(C)C)c4ncnc(N)c34)ccc2c1,chembl,active
C=CC(=O)Nc1ccc2ncnc(NCc3cccc4ccccc34)c2c1,chembl,active
COc1cc(F)c(-c2nn(C(C)C)c3ncnc(N)c23)cc1F,chembl,active
Clc1cccc(Nc2ncnc3c2cnn3CCc2ccccc2)c1,chembl,active
CNc1cccc(-c2c[nH]c(=O)c(NC(=O)c3ccc(N4CCCCC4)cc3)c2)n1,chembl,active
CNc1cc(C#N)cc(-c2c[nH]c(=O)c(NC(=O)c3ccc(N4CCC[C@H]4CN4CCCC4)cc3)c2)c1,chembl,active
CCNC(=O)C#Cc1ccc2c(c1)NC(=O)/C2=C(\Nc1ccc(CN(C)C)cc1)c1ccccc1,chembl,active
COc1ccc(-c2n[nH]c3ncnc(N)c23)cc1O,chembl,active
Cc1c(O)c(O)c(O)c(C=O)c1-c1cc2c(C=O)c(C)c(O)c(O)c2o1,chembl,active
Cc1ccc(Nc2ncc3cc(-c4c(Cl)cccc4Cl)c(=O)n(C)c3n2)cc1,chembl,active
Fc1cccc(F)c1Nc1ncc(-c2ccccc2)n2cncc12,chembl,active
Cc1cccc(C(=O)Nc2ccc(C)c(Nc3nc4ccccc4n3-c3cc(N)ncn3)c2)c1,chembl,active
Cc1ccc(C(=O)Nc2cccc(C(F)(F)F)c2)cc1Nc1nc2ccccc2n1-c1cc(NCCCCN(C)C)ncn1,chembl,active
CCCCOc1c(OC)cc(Nc2ncnc3cc(OC)c(OC)cc23)cc1OC,chembl,active
CC(C)n1nc(-c2ccc(C=O)c(F)c2)c2c(N)ncnc21,chembl,active
N#C/C(=C\c1cccc(-n2cc(-c3ccc(Cl)cc3)c3c(N)ncnc32)c1)C(=O)N1CC(O)C1,chembl,active
COc1cccc(Cl)c1-c1cc(C)c2nc(Nc3ccc(OCCN4CCCC4)cc3)nnc2c1,chembl,active
Nc1ncnc2c1c(-c1ccccc1)cn2[C@@H](CO)c1ccccc1,chembl,active
Fc1ccc(CNc2ncnc3c2cnn3CC(Cl)c2ccccc2)cc1,chembl,active
Nc1ncnc2c1c(-c1ccccc1)nn2-c1ccccc1,chembl,active
Oc1cc2c3ccc(O)c(O)c3n(CCCc3ccccc3)c2cc1O,chembl,active
Clc1ccc(CNc2ncnc3c2cnn3CC(Cl)c2ccc(Br)cc2)cc1Cl,chembl,active
O=C1NN(c2ccc(I)cc2)C(=O)/C1=C\c1cc2c(cc1Br)OCO2,chembl,active
CN1CCN(c2ccc(-c3cnn4c(N)c(-c5ccc(NC(=O)N(C)C6CCCCC6)cc5)cnc34)cc2)CC1,chembl,active
COc1cc2c(cc1OC)Nc1ncnc(O)c1C2,chembl,active
Nc1[nH]cnc2nnc(-c3ccc(Cl)cc3)c1-2,chembl,active
CCN(CC)c1nc(SC)nc2c1cnn2CC(Cl)c1ccccc1,chembl,active
O=C1NN(c2ccc(I)cc2)C(=O)/C1=C\c1ccc(I)cc1,chembl,active
CN1CCC(COc2cccc3ncnc(Nc4c(Cl)ccc5c4OCO5)c23)CC1,chembl,active
CN(C)C(=O)c1c(SSc2c(C(=O)N(C)C)c3ccccc3n2C)n(C)c2ccccc12,chembl,active
Cc1ccc(F)c(NC(=O)Nc2ccc(-c3c(F)ccc4[nH]nc(N)c34)cc2)c1,chembl,active
COc1cccc(-c2nn(C(C)C)c3ncnc(N)c23)c1OC,chembl,active
Nc1ncc(-c2ccoc2)c2scc(-c3ccc(NC(=O)Nc4cccc(F)c4)cc3)c12,chembl,active
Nc1n[nH]c2cccc(-c3ccc(NC(=O)Nc4cccc(Cl)c4)c(F)c3)c12,chembl,active
CN(c1ncccc1CNc1nc(Nc2ccc3c(c2)CC(=O)N3)ncc1C(F)(F)F)S(C)(=O)=O,chembl,active
Clc1ccc2c(Nc3ccc(-c4nc5ccccc5s4)c(Cl)c3)ncnc2c1,chembl,active
Cc1cc(-c2ccccc2)n(-c2cc(NN=Cc3ccco3)ncn2)n1,chembl,active
Cc1ccc(F)c(NC(=O)Nc2ccc(-c3cccc4[nH]nc(N)c34)c(F)c2)c1,chembl,active
NCCCn1ccc2c(-c3ccnc(Nc4cccc(OC(F)(F)C(F)F)c4)n3)cccc21,chembl,active
Nc1ncnc2c1c(-c1ccc(O)cc1)cn2CC(CO)CO,chembl,active
CCSc1nc(Nc2cccc(Cl)c2)c2cnn(CC(Cl)c3ccccc3)c2n1,chembl,active
COc1ccc2c(c1)Nc1ncnc(O)c1C2,chembl,active
O=C(c1ccc2ccccc2c1)n1c2cc(O)c(O)cc2c2ccc(O)c(O)c21,chembl,active
Cc1cccc(C)c1OC(=O)N(c1cccc(-c2ccccc2)c1)c1ccnc(Nc2ccc(N3CCN(C)CC3)cc2)n1,chembl,active
CN(C)CCCc1c(/C=C2\C(=O)Nc3ccc(F)cc32)[nH]c2c1CCCC2,chembl,active
CCS(=O)(=O)c1ccc2c(c1)/C(=C/c1[nH]c3c(c1CCC(=O)N1CCN(C)CC1)CCCC3)C(=O)N2,chembl,active
Cn1cc(C=C2C(=O)Nc3cccnc32)c2ccccc21,chembl,active
CC(C)(C)N1CN(c2ccc(Cl)cc2)C(N)=C2C=NN=C21,chembl,active
CSc1nc(NCc2ccccc2)c2ccn(Cc3ccc(F)cc3)c2n1,chembl,active
CC(C)(C)c1cc(NC(=O)Nc2ccc(Oc3ccc4ncncc4c3)cc2)n(-c2ccc3ncccc3c2)n1,chembl,active
Fc1cccc(CNc2ncnc3c2cnn3CCc2ccccc2)c1,chembl,active
O=C(Nc1cnc2[nH]c(Cc3ccc[nH]3)cc2c1)c1ccccc1Br,chembl,active
CCCSc1nc(NCc2ccccc2)c2cnn(CC(Cl)c3ccccc3)c2n1,chembl,active
CC(C)C(=O)N1CCO[C@@H](c2nc(-c3ccc(C(=O)Nc4cc(C(F)(F)F)ccn4)cc3F)c3c(N)nccn23)C1,chembl,active
Cc1nc2ccc(-n3ncc(C(=O)c4cc5cc(CN6CCOCC6)ccc5[nH]4)c3N)cc2[nH]1,chembl,active
COc1ccc(-c2nn(C)c3ncnc(N)c23)cc1O,chembl,active
Cc1ccc(NC(=O)c2cc(Cl)cc(Cl)c2)cc1Nc1nc2ccccc2n1-c1cc(N)ncn1,chembl,active
COc1cc(Nc2c(C#N)cnc3cc(C#Cc4ccccn4)ccc23)c(Cl)cc1Cl,chembl,active
Cn1ccc2cc(-c3nn(C(C)(C)C)c4ncnc(N)c34)ccc21,chembl,active
CC(C)n1nc(-c2cccc(CO)c2)c2c(N)ncnc21,chembl,active
COc1c(NC(=O)Nc2ccc(Oc3ccnc(NCc4ccccn4)c3)c3ccccc23)cc(C(C)(C)C)cc1P(C)(C)=O,chembl,active
Cc1ccc(NC(=O)c2cccc(C(F)(F)F)c2)cc1Nc1nc2ccccc2n1-c1cc(NCCc2ccccn2)ncn1,chembl,active
Cl.Cn1ccc2cc(-c3nn(C(C)(C)C)c4ncnc(N)c34)ccc21,chembl,active
N#C/C(=C\c1cccc(-n2cc(-c3ccc(Cl)cc3)c3c(N)ncnc32)c1)C(N)=O,chembl,active
Cn1c(=O)c(-c2c(Cl)cccc2Cl)cc2cnc(NCCCN3CCOCC3)nc21,chembl,active
Nc1ncnc2c1c(-c1ccc3occc(=O)c3c1)nn2C1CCCC1,chembl,active
Cc1cc(C(C)(C)C)ccc1OCc1cccc(-c2ccc(C(=O)NNC(=O)C(=O)c3c[nH]c4ccccc34)cc2)c1,chembl,active
C=CC(=O)Nc1cccc(Nc2ncnc(Nc3ccc(C(=O)N4CCCCC4)cc3)n2)c1,chembl,active
CN1CCN([C@H]2CC[C@H](n3nc(-c4ccc(NCc5cc6ccccc6[nH]5)cc4)c4c(N)ncnc43)CC2)CC1,chembl,active
COc1ccc(-c2nn(C(C)C)c3ncnc(N)c23)cc1OC,chembl,active
O=C(Nc1nnc(SCc2ccc(Br)cc2)s1)c1ccccc1Cl,chembl,active
Cn1c(=O)c(-c2c(Cl)cccc2Cl)cc2cnc(NCCCn3ccnc3)cc21,chembl,active
COc1ccc(Cl)c(Nc2ncnc3ccc(OC)c(OC4CCN(C)CC4)c23)c1,chembl,active
Nc1ncnc2occ(-c3ccc(NC(=O)Nc4cc(C(F)(F)F)ccc4F)cc3)c12,chembl,active
CCn1c(=O)c(C#CC(C)(C)C)cc2cnc(Nc3ccc(C)cn3)cc21,chembl,active
CCn1c(=O)c(-c2ccccc2)cc2cnc(Nc3ccc(OC)nn3)cc21,chembl,active
CCn1c(=O)c(C#CC(C)(C)O)cc2cnc(Nc3ccc(C)cn3)cc21,chembl,active
CCn1c(=O)c(-c2ccccc2)cc2cnc(Nc3ccnc(OC)n3)cc21,chembl,active
CCn1c(=O)c(-c2ccccc2)cc2cnc(Nc3ccc(N(C)C)cn3)cc21,chembl,active
CCN(CC)CCOc1ccc(Nc2cc3c(cn2)cc(-c2ccccc2)c(=O)n3CC2CCN(C)C2)nc1,chembl,active
CCN(CC)CCOc1ccc(Nc2cc3c(cn2)cc(-c2ccccc2)c(=O)n3C2CCOCC2)nc1,chembl,active
CCN(CC)CCOc1ccc(Nc2cc3c(cn2)cc(-c2ccccc2)c(=O)n3CCN(C)C)nc1,chembl,active
CCn1c(=O)c(-c2c(F)cccc2F)cc2cnc(Nc3ccc(F)cn3)cc21,chembl,active
CCn1c(=O)c(C#CCO)cc2cnc(Nc3ccc(C)cn3)cc21,chembl,active
CCn1c(=O)c(-c2ccccc2)cc2cnc(Nc3ccc(OC)cn3)cc21,chembl,active
CCN(CC)CCOc1ccc(Nc2cc3c(cn2)cc(-c2ccccc2)c(=O)n3-c2cccnc2)nc1,chembl,active
Cc1noc(C)c1-c1cc(C)c2nc(Nc3ccc(C(=O)N4CCN(C)CC4)cc3)nnc2c1,chembl,active
CCN(CC)CCOc1ccc(Nc2cc3c(cn2)cc(-c2ccccn2)c(=O)n3CC)nc1,chembl,active
CCN(CC)CCOc1ccc(Nc2cc3c(cn2)cc(-c2ccc(SC)cc2)c(=O)n3CC)nc1,chembl,active
CCN(CC)CCOc1ccc(Nc2cc3c(cn2)cc(C(C)C)c(=O)n3CC)nc1,chembl,active
CCn1c(=O)c(-c2ccccc2)cc2cnc(Nc3ccc(CN4CCNCC4)cn3)cc21,chembl,active
CCN(CC)CCOc1ccc(Nc2cc3[nH]c(=O)c(C(C)C)cc3cn2)nc1,chembl,active
CCn1c(=O)c(-c2ccccc2)cc2cnc(Nc3ccc(CN4CCN(S(C)(=O)=O)CC4)cn3)cc21,chembl,active
CCn1c(=O)c(-c2ccccc2)cc2cnc(Nc3cn(C)cn3)cc21,chembl,active
CCn1c(=O)c(-c2ccccc2)cc2cnc(Nc3cn(CCOC)cn3)cc21,chembl,active
CCN(CC)CCOc1ccc(Nc2cc3c(cn2)cc(C(C)C)c(=O)n3C2CCCC2)nc1,chembl,active
CCn1c(=O)c(-c2cc(SC)ccc2F)cc2cnc(Nc3ccc(N(C)C4CCN(C)CC4)cn3)cc21,chembl,active
O=c1c(-c2c(F)cccc2F)cc2cnc(Nc3ccc(F)cn3)cc2n1CCO,chembl,active
NCCn1c(=O)c(-c2c(F)cccc2F)cc2cnc(Nc3ccc(F)cn3)cc21,chembl,active
CN1CC[C@H](n2c(=O)c(-c3c(F)cccc3F)cc3cnc(Nc4ccc(F)cn4)cc32)C1,chembl,active
O=c1c(-c2c(F)cccc2F)cc2cnc(Nc3ccc(F)cn3)cc2n1[C@@H]1CCNC1,chembl,active
CCn1c(=O)c(-c2ccccc2C)cc2cnc(Nc3ccc(C)cn3)cc21,chembl,active
CCn1c(=O)c(-c2ccccc2)cc2cnc(Nc3ccc(N4CCOCC4)cn3)cc21,chembl,active
CN1CC[C@@H](n2c(=O)c(-c3c(F)cccc3F)cc3cnc(Nc4ccc(F)cn4)cc32)C1,chembl,active
CCn1c(=O)c(-c2ccc(C)cc2)cc2cnc(Nc3ccc(C)cn3)cc21,chembl,active
CCSc1nc(Nc2cccc(Cl)c2)c2cnn(CC(C)c3ccccc3)c2n1,chembl,active
CCN(CC)CCOc1ccc(Nc2cc3c(cn2)cc(-c2ccccc2)c(=O)n3-c2ccccc2)nc1,chembl,active
CCN(CC)CCOc1ccc(Nc2cc3c(cn2)cc(C(C)C)c(=O)n3C2CC2)nc1,chembl,active
CCn1c(=O)c(-c2ccccc2F)cc2cnc(Nc3ccc(C)cn3)cc21,chembl,active
CCn1c(=O)c(C2CCCC2)cc2cnc(Nc3ccc(C)cn3)cc21,chembl,active
CCn1c(=O)c(C2CC2)cc2cnc(Nc3ccc(C)cn3)cc21,chembl,active
CN1CCN(c2cccc(-c3cnn4c(N)c(-c5ccc(NC(=O)N(C)C6CCCCC6)cc5)cnc34)c2)CC1,chembl,active
CCN(CC)CCOc1ccc(Nc2cc3c(cn2)cc(-c2ccccc2)c(=O)n3C2CC2)nc1,chembl,active
CCN(CC)CCOc1ccc(Nc2cc3c(cn2)cc(-c2ccccc2)c(=O)n3C2CCCC2)nc1,chembl,active
Cc1ccc(-c2nn(CCN3CCN(C)CC3)c3ncnc(N)c23)cc1,chembl,active
Cc1ccc(-c2nn(CCN3CCN(CCN(C)C)CC3)c3ncnc(N)c23)cc1,chembl,active
CCN(CC)CCOc1ccc(Nc2cc3c(cn2)cc(-c2ccccc2)c(=O)n3C(C)C)nc1,chembl,active
CC#Cc1cc2cnc(Nc3ccc(C)cn3)cc2n(CC)c1=O,chembl,active
CC(C)Oc1ccc2cc(-c3nn(C(C)C)c4ncnc(N)c34)ccc2c1.Cl,chembl,active
CCN(CC)CCOc1ccc(Nc2cc3c(cn2)cc(C(C)C)c(=O)n3-c2ccccc2)nc1,chembl,active
CCN(CC)CCOc1ccc(Nc2cc3c(cn2)cc(-c2ccccc2)c(=O)n3C2CCOC2)nc1,chembl,active
CCN(CC)CCOc1ccc(Nc2cc3[nH]c(=O)c(-c4ccccc4)cc3cn2)nc1,chembl,active
Cn1c(=O)c(-c2c(Cl)cccc2Cl)cc2cnc(Nc3ccncc3)cc21,chembl,active
CCn1c(=O)c(-c2ccccc2)cc2cnc(Nc3ccccn3)cc21,chembl,active
CCn1c(=O)c(-c2ccccc2)cc2cnc(Nc3ccc(C(=O)N4CCOCC4)cn3)cc21,chembl,active
CCN(CC)CCOc1ccc(Nc2cc3c(cn2)cc(-c2ccccc2)c(=O)n3CC)nc1,chembl,active
COc1cc2c(Oc3ccc(NS(=O)(=O)c4ccccc4C(F)(F)F)cc3F)ccnc2cc1OCCCN1CCN(C)CC1,chembl,active
Cc1ccc2ccc(-c3nn(C(C)C)c4ncnc(N)c34)cc2n1,chembl,active
CCN(CC)CCOc1ccc(Nc2cc3c(cn2)cc(-c2ccccc2)c(=O)n3C2CCN(C)C2)nc1,chembl,active
CCN(CC)CCOc1ccc(Nc2cc3c(cn2)cc(C(C)C)c(=O)n3CCOC)nc1,chembl,active
CCN(CC)CCOc1ccc(Nc2cc3c(cn2)cc(C(C)C)c(=O)n3C)nc1,chembl,active
CCn1c(=O)c(-c2ccccc2)cc2cnc(Nc3ccncn3)cc21,chembl,active
COc1ccccc1Nc1ncnc2cc(OCCCN3CCOCC3)c(OC)cc12,chembl,active
COc1ccc(Cl)c(-c2cc3nnc(Nc4ccc(C(=O)N5CCN(C)CC5)cc4)nc3cc2C)c1,chembl,active
C=CS(=O)(=O)Nc1ccc(Nc2ncnc3cc(OC)c(OC)cc23)cc1,chembl,active
O=C(Nc1nnc(SCc2cccc(F)c2)s1)c1ccc(F)cc1,chembl,active
COC(=O)c1cc(C[C@H](NC(C)=O)C(=O)N[C@H]2CCCCN(Cc3ccc(-c4ccccc4)cc3)C2=O)ccc1C(C(=O)O)C(=O)O,chembl,active
C[C@@H](Oc1cc(-c2cnn(C3CCNCC3)c2)cnc1N)c1c(Cl)ccc(F)c1Cl,chembl,active
CN1CCN(Cc2ccc(-c3cc4ncc(C#N)c(Oc5ccc(Cl)cc5Cl)c4s3)cc2)CC1,chembl,active
Cc1cccc(-c2nn(C(C)(C)C)c3ncnc(N)c23)c1.Cl,chembl,active
N#Cc1cnc2ccc(-c3ccc(CN4CCOCC4)cc3)cc2c1N[C@@H]1C[C@H]1c1ccccc1,chembl,active
Cc1cccc(-c2nn(C(C)(C)C)c3ncnc(N)c23)c1,chembl,active
COc1cc(OC2CCN(C)CC2)c2c(Nc3cccc4c3OCCO4)ncnc2c1,chembl,active
COc1ccc2cc(-c3nn(C(C)C)c4ncnc(N)c34)ccc2c1,chembl,active
CNc1cncc(-c2c[nH]c(=O)c(NC(=O)c3ccc(N4CCCCC4)cc3)c2)c1,chembl,active
CNc1cncc(-c2c[nH]c(=O)c(NC(=O)c3ccc(N4CCCCC4)cc3)c2)n1,chembl,active
Oc1cc2[nH]c3c(O)c(O)cc(Br)c3c2cc1O,chembl,active
CN[C@H]1C[C@@H]2O[C@](C)([C@H]1OC)n1c3ccccc3c3c4c(c5c6ccccc6n2c5c31)C(=O)N[C@@H]4O,chembl,active
CCOC(=O)C[C@H]1C[C@H](n2cc(-c3ccccc3)c3c(N)ncnc32)CN1,chembl,active
CN(C)CCCc1c(/C=C2\C(=O)Nc3ccc(S(N)(=O)=O)cc32)[nH]c2c1CCCC2,chembl,active
O=C(c1ccc(-c2ccccc2)cc1)n1c2cc(O)c(O)cc2c2ccc(O)c(O)c21,chembl,active
O=C(c1cccc([N+](=O)[O-])c1)n1c2cc(O)c(O)cc2c2ccc(O)c(O)c21,chembl,active
O=S(=O)(c1ccccc1)c1ccc(Cn2c3cc(O)c(O)cc3c3ccc(O)c(O)c32)cc1,chembl,active
NC(Cc1c(SSc2[nH]c3ccccc3c2CC(N)C(=O)NCc2ccccc2)[nH]c2ccccc12)C(=O)NCc1ccccc1,chembl,active
CCCCNc1nc(SCC)nc2c1cnn2CC(Cl)c1ccccc1,chembl,active
COc1ccc(Cl)c(Nc2ncnc3ccc(OCCCN4CCN(C)CC4)c(OC4CCOCC4)c23)c1,chembl,active
CSc1nc(Nc2cccc(Cl)c2)c2cnn(CC(Cl)c3ccccc3)c2n1,chembl,active
Cc1c(Nc2c(C#N)cncc2/C=C/CCN2CCC[C@@H](N)C2)ccc2[nH]ccc12,chembl,active
COCCNc1cc(-n2c(Nc3cc(NC(=O)c4cccc(C(F)(F)F)c4)ccc3C)nc3ccccc32)ncn1,chembl,active
Nc1ncnc2c1c(-c1ccc(Cl)cc1)nn2-c1ccccc1,chembl,active
CC(C)(C)n1nc(Cc2cccc(Cl)c2)c2c(N)ncnc21,chembl,active
C=CC(=O)Nc1cccc(Nc2nc(Nc3ccc(N4CCN(C)CC4)cc3)nc3ccc(F)cc23)c1,chembl,active
CSc1nc(Nc2cccc(O)c2)c2cnn(CCc3ccccc3)c2n1,chembl,active
COc1cc(Nc2c(C#N)cnc3cc4[nH]c(CN5CCOCC5)nc4cc23)cc(OC)c1OC,chembl,active
ClC(Cn1ncc2c(NCc3ccccc3)ncnc21)c1ccc(Br)cc1,chembl,active
Clc1ccccc1CNc1ncnc2c1cnn2CC(Cl)c1ccc(Br)cc1,chembl,active
CC(C)Sc1nc(Nc2cccc(Br)c2)c2cnn(CC(Cl)c3ccccc3)c2n1,chembl,active
CC(C)(C)n1cc(-c2ccc(Oc3ccccc3)cc2)c2c(N)ncnc21,chembl,active
COc1cc2ncnc(Nc3cccc(Cl)c3F)c2cc1OC(=O)N1CCN(C)C[C@H]1C,chembl,active
Cc1noc(C)c1-c1cc(C)c2nc(Nc3ccc(OCCN4CCN(C)CC4)cc3)nnc2c1,chembl,active
O=C(NNC(=O)c1ccc(-c2ccccc2COc2cccc(C(F)(F)F)c2)cc1)C(=O)c1c[nH]c2ccccc12,chembl,active
COc1cc(Nc2c(C#N)cnc3ccc(/C=C/c4ccncc4)cc23)c(Cl)cc1Cl,chembl,active
C=CS(=O)(=O)Nc1cccc(Cc2nn(C(C)(C)C)c3ncnc(N)c23)c1,chembl,active
Clc1ccc(Cl)c(CNc2ncnc3c2cnn3CC(Cl)c2ccc(Br)cc2)c1,chembl,active
CCCNc1nc(SCC)nc2c1cnn2CC(Cl)c1ccccc1,chembl,active
CNc1cccc(-c2cc(C)c3nc(Nc4ccc(S(=O)(=O)NCCN5CCCC5)cc4)nnc3c2)c1,chembl,active
CNC(=O)C=Cc1cnc(N)c2c(-c3ccc4sc(C)nc4c3)csc12,chembl,active
Clc1ccc2c(Nc3ccc(-c4nc5ccccc5s4)cc3)ccnc2c1,chembl,active
CCN(CC)CCNC(=O)c1c(C)[nH]c(C=C2C(=O)Nc3ccc(F)cc32)c1C,chembl,active
O=C(Nc1n[nH]c2ccc(-c3cn(Cc4ccccc4)nn3)cc12)c1ccccc1,chembl,active
Cc1cccc(NC(=O)Nc2ccc(-c3coc4ncnc(N)c34)cc2)c1,chembl,active
Nc1n[nH]c2cccc(-c3ccc(NC(=O)Nc4cccc(F)c4)cc3)c12,chembl,active
O=C(O)c1ccccc1Nc1ccnc(Nc2cccc(O)c2)n1,chembl,active
COc1ccccc1/C=C/c1nc2ccccc2c(=O)[nH]1,chembl,active
CNC(=O)COc1ccc(Nc2nc(Nc3ccc(C)c(S(N)(=O)=O)c3)ncc2F)cc1,chembl,active
C=CC(=O)N1CC[C@H](Oc2nc(-c3n[nH]c(=O)[nH]3)cc3ccccc23)C1,chembl,active
Nc1ccc(-c2csc3c(C=Cc4nc5ccccc5[nH]4)cnc(N)c23)cc1,chembl,active
FC(F)(F)c1cc(CNc2ncnc3c2cnn3CC(Cl)c2ccc(Br)cc2)cc(C(F)(F)F)c1,chembl,active
CN1CCN(c2ccc(-c3cnc4c(c3)N(Cc3c(F)ccc(F)c3Cl)CCN4)cn2)CC1,chembl,active
CCOC(=O)C[C@@H]1C[C@@H](n2cc(-c3ccccc3)c3c(N)ncnc32)CN1,chembl,active
Cc1cccc(NC(=O)Nc2ccc(-c3csc4c(C#CCN5CCOCC5)cnc(N)c34)cc2)c1,chembl,active
c1ccc(-c2cccc(Nc3ncnc4cc5c(cc34)OCCCO5)c2)cc1,chembl,active
COc1ccc(-c2nn(C(C)C)c3ncnc(N)c23)cc1C.Cl,chembl,active
CC(=O)Nc1ccc(Nc2nc(N3CCOCC3)nc3[nH]cnc23)cc1,chembl,active
Cc1ccc2nc(Nc3c(C#N)cnc4cc(OCCCN5CCN(C)CC5)c(C)cc34)sc2c1,chembl,active
C[C@]12O[C@H](C[C@]1(O)CO)n1c3ccccc3c3c4c(c5c6ccccc6n2c5c31)CNC4=O,chembl,active
Cc1ccc(NC(=O)c2cccc(Cl)c2)cc1Nc1nc2ccccc2n1-c1cc(N)ncn1,chembl,active
CC(=O)Oc1cccc2c1c(C(=O)Nc1ccccc1)c(SSc1c(C(=O)Nc3ccccc3)c3c(OC(C)=O)cccc3n1C)n2C,chembl,active
c1ccc(-c2cccc(Nc3ncnc4cc5c(cc34)OCCO5)c2)cc1,chembl,active
Cl.c1ccc(-c2cccc(Nc3ncnc4cc5c(cc34)OCCO5)c2)cc1,chembl,active
Cl.c1ccc(-c2cccc(Nc3ncnc4cc5c(cc34)OCCCO5)c2)cc1,chembl,active
COc1ccc(-c2nn(C(C)C)c3ncnc(N)c23)cc1C,chembl,active
CC(C)COC(=O)Nc1ccc(-c2cnc3c(-c4cccc(N5CCNCC5)c4)cnn3c2N)cc1,chembl,active
CCOc1cc(N2CCN(C)CC2)ccc1Nc1ncc2cc(-c3ccccc3Cl)c(=O)n(C[C@H]3CCCO3)c2n1,chembl,active
CC(C)COC(=O)Nc1ccc(-c2cnc3c(-c4ccc(N5CCN(C)CC5)cc4)cnn3c2N)cc1,chembl,active
COc1ccc2cc(-c3nn(C(C)C)c4ncnc(N)c34)ccc2c1.Cl,chembl,active
NC(=O)[C@@H]1CCCNC(=O)[C@H](Cc2ccc([N+](=O)[O-])cc2)NC(=O)[C@H](Cc2ccco2)NC(=O)[C@H](CC2CC2)NC(=O)/C=C/C(=O)N1,chembl,active
Cc1ccc(-c2nn(CCCCOP(=O)(O)CP(=O)(O)O)c3ncnc(N)c23)cc1,chembl,active
CN1C[C@@H]2C[C@H]1CN2c1ccc(-c2ccnc3c(-c4cccc(O)c4)c(-c4ccncc4)nn23)cc1,chembl,active
NS(=O)(=O)c1ccc2c(c1)/C(=C/c1[nH]c3c(c1CCC(=O)O)CCCC3)C(=O)N2,chembl,active
Nc1cc2nc(N)c(-c3c(Cl)cccc3Cl)cc2cn1,chembl,active
Cc1cc(Nc2nc(Sc3ccc(NS(C)(=O)=O)cc3)nc3ccccc23)n[nH]1,chembl,active
CC1(C)C(=O)N([C@H]2CCc3c(O)cccc32)c2nc(Nc3ccccc3)ncc21,chembl,active
CSc1nc(Nc2cccc(Cl)c2)c2ccn(CC(Cl)c3ccccc3)c2n1,chembl,active
CSc1nc(NCCc2ccccc2)c2cnn(CC(Cl)c3ccccc3)c2n1,chembl,active
CCS(=O)(=O)c1ccc2c(c1)/C(=C/c1cc3c([nH]1)CCCC3)C(=O)N2,chembl,active
C#Cc1cccc(Nc2ncnc3cc(OCCOC)c(OCCOC)cc23)c1,chembl,active
CN(C)CCCc1c(/C=C2\C(=O)Nc3ccc(C(=O)O)cc32)[nH]c2c1CCCC2,chembl,active
OCCN1CCN(c2nc(Nc3ccc(Cl)cc3)c3nc[nH]c3n2)CC1,chembl,active
CC(C)(C)c1ccc(C(=O)n2c3cc(O)c(O)cc3c3ccc(O)c(O)c32)cc1,chembl,active
COc1cccc(-c2cn(-c3ccc(CCOP(=O)(O)CP(=O)(O)O)cc3)c3ncnc(N)c23)c1,chembl,active
CN1CCN(c2cccc(-c3cnn4c(N)c(-c5ccc(NC(=O)Oc6ccccc6)cc5)cnc34)c2)CC1,chembl,active
CC(C)c1nc(-c2cnc3ccccc3c2)c2c(N)nccn12,chembl,active
COc1cccc(C)c1Nc1ncc(-c2ccccc2)n2cncc12,chembl,active
Fc1cc(-c2nc3ccccc3s2)ccc1Nc1ncnc2cc(Cl)ccc12,chembl,active
O=C(c1ccc(C(F)(F)F)cc1)n1c2cc(O)c(O)cc2c2ccc(O)c(O)c21,chembl,active
N#Cc1ccc(-c2nc(Nc3cc(C4CC4)[nH]n3)c3cc(Cl)ccc3n2)cc1,chembl,active
CN1CCN(c2ccc(Nc3ncc4ccn(C5CCCCC5)c4n3)cc2)CC1,chembl,active
Cc1ccc(C(=O)Nc2ccc(CN3CCC4C=NNC4C3)c(Cl)c2)cc1C#Cc1cnc2cccnn12,chembl,active
CNC(=O)c1cc(Oc2ccc3oc(Nc4ccc(Cl)c(OC[C@@H]5CCCN5C)c4)nc3c2)ccn1,chembl,active
O=C(Nc1nnc(SCc2cccc(F)c2)s1)c1ccccc1Cl,chembl,active
CCC(=O)Nc1ccc(Sc2nc(Nc3cc(C)[nH]n3)c3ccccc3n2)cc1,chembl,active
Nc1ncnc2c1c(-c1cnc3ccccc3c1)nn2C1CCCC1,chembl,active
CCOc1ccc2cc(-c3nn(C4CCN(CCCN)CC4)c4ncnc(N)c34)ccc2c1.Cl,chembl,active
O=C(NNC(=O)c1ccc(-c2cccc(COc3cccc(C(F)(F)F)c3)c2)cc1)C(=O)c1c[nH]c2ccccc12,chembl,active
ClC(Cn1ncc2c(NCc3ccccc3Br)ncnc21)c1ccc(Br)cc1,chembl,active
Nc1ncnc2c1c(-c1ccc(F)c(O)c1)nn2CC1CCNCC1,chembl,active
CS(=O)(=O)c1nc(NCc2ccccc2)c2cnn(CC(Cl)c3ccccc3)c2n1,chembl,active
COc1cc(Nc2c(C#N)cnc3ccc(/C=C/c4ccncc4)cc23)cc(OC)c1OC,chembl,active
Cc1ccc(NC(=O)c2cccc(C(F)(F)F)c2)cc1Nc1nc2ccccc2n1-c1cc(N[C@H]2CC[C@H](N)CC2)ncn1,chembl,active
C=CC(=O)Nc1cc2c(Nc3ccc(F)c(Cl)c3)ncnc2cc1OCCCN1CCOCC1,chembl,active
Nc1ncnc2c1c(-c1ccc(Oc3ccccc3)cc1)nn2C[C@@H]1SSC[C@H]1O,chembl,active
COC(=O)c1cc2cc(NCc3ccc4[nH]ccc4c3)cnc2[nH]1,chembl,active
CN1CCN(c2ccc(Nc3ncc4c(n3)N3CCC(=O)N3C(c3cc(O)ccc3Cl)=C4)cc2)CC1,chembl,active
CC(C)n1nc(-c2cc(F)c(C=O)c(F)c2)c2c(N)ncnc21,chembl,active
Cn1c(=O)c(-c2c(Cl)cccc2Cl)cc2cnc(Nc3ccc(CP(=O)(O)CP(=O)(O)O)cc3)nc21,chembl,active
Nc1ncnc2c1c(-c1ccc(Oc3ccccc3)cc1)nn2C[C@@H]1SSC[C@@H]1O,chembl,active
CNc1ncc2cc(-c3c(Cl)cccc3Cl)c(=O)n(C)c2n1,chembl,active
c1ccc(Nc2nc(N3CCOCC3)nc3[nH]cnc23)cc1,chembl,active
COc1cc2c(Nc3ccc4c(c3)OCO4)ncnc2cc1OCCCN1CCOCC1,chembl,active
CC(C)COC(=O)Nc1ccc(-c2cnc3c(-c4cccc(N5CCN(C(=O)CN)CC5)c4)cnn3c2N)cc1,chembl,active
CNC(=O)CCc1c(SSc2[nH]c3ccccc3c2CCC(=O)NC)[nH]c2ccccc12,chembl,active
Cc1ccn(-c2ccc(C(F)(F)F)cc2)c(=O)c1-c1ccc2nc(N)ncc2c1,chembl,active
Nc1nc(Nc2ccc([C@H]3CC[C@H](N4CCOCC4)CC3)cc2)nn1-c1ccccn1,chembl,active
ClC(Cn1ncc2c(NCc3cccc(Br)c3)ncnc21)c1ccc(Br)cc1,chembl,active
CN(C)C(=O)N1CCC(c2nc(-c3cc4ccccc4[nH]3)c3c(N)nccn23)CC1,chembl,active
Cc1cc(C)c2c(N)c(C(=O)N/N=C/c3cncn3C)sc2n1,chembl,active
CCCCOc1ccc2cc(-c3nn(C(C)C)c4ncnc(N)c34)ccc2c1,chembl,active
O=[N+]([O-])c1ccc(Nc2nc(N3CCN(CCO)CC3)nc3[nH]cnc23)cc1,chembl,active
CCCCOc1ccc2cc(-c3nn(C(C)C)c4ncnc(N)c34)ccc2c1.Cl,chembl,active
COc1ccc(Cl)c(-c2cc(C)c3nc(Nc4ccc(OCCN5CCCC5)cc4)nnc3c2)c1,chembl,active
Fc1ccc(CNc2ncnc3c2cnn3CC(Cl)c2ccc(Cl)cc2)cc1,chembl,active
Cn1c(SSc2c(C(N)=O)c3ccccc3n2C)c(C(N)=O)c2ccccc21,chembl,active
CC(C)(C)NC(=O)Nc1nc2nc(N)ncc2cc1-c1c(F)cccc1F,chembl,active
Cn1nc(N)c2c(-c3ccc(NC(=O)Nc4cccc(C(F)(F)F)c4)cc3)cncc21,chembl,active
Cc1cc(NC(=O)Nc2ccc(-c3c(F)ccc4[nH]nc(N)c34)cc2)ccc1F,chembl,active
CO[C@H]1[C@@H](N(C)C(=O)c2ccccc2)C[C@@H]2O[C@@]1(C)n1c3ccccc3c3c4c(c5c6ccccc6n2c5c31)C(=O)NC4,chembl,active
CN(C(=O)C1CCCCC1)c1ccc2c(c1)nc(NC(=O)c1ccc(C#N)cc1)n2CCC(N)=O,chembl,active
CC(=O)N[C@@H](Cc1ccc(OP(=O)(O)O)cc1)C(=O)N[C@@H](CCC(=O)O)C(=O)N(C)CCCC1CCCCC1,chembl,active
COC(=O)c1c(-c2ccc(NC(=O)Nc3ccccc3)cc2)c2c(N)ncnn2c1C,chembl,active
CCSc1nc(Nc2cccc(F)c2)c2cnn(CC(C)c3ccccc3)c2n1,chembl,active
CC(C)n1nc(-c2ccc3nc(NN)ccc3c2)c2c(N)ncnc21,chembl,active
CC(C)n1nc(-c2ccc3cnccc3c2)c2c(N)ncnc21,chembl,active
O=C(O)c1ccccc1Nc1ccnc(Nc2ccc3cn[nH]c3c2)n1,chembl,active
O=C(O)c1ccc(Nc2ncc3c(n2)-c2ccc(Cl)cc2C(c2c(F)cccc2F)=NC3)cc1,chembl,active
CCC(=O)N1CCN(CCCc2c(/C=C3\C(=O)Nc4ccc(S(=O)(=O)CC)cc43)[nH]c3c2CCCC3)CC1,chembl,active
C=CC(=O)N1CCC[C@H]1C(=O)Nc1cc2c(Nc3cccc(Cl)c3F)ncnc2cc1OCCOC,chembl,active
CN[C@H]1C[C@@H]2O[C@](C)([C@H]1OC)n1c3ccccc3c3c4c(c5c6ccccc6n2c5c31)C(=O)NC4=O,chembl,active
O=C(Nc1n[nH]c2ccc(-c3cn(Cc4ccccc4)nn3)cc12)c1cccc(F)c1,chembl,active
CC(=O)N(C)c1ccc(Sc2nc(Nc3cc(C)[nH]n3)c3ccccc3n2)cc1,chembl,active
Cn1nc(N)c2c(-c3ccc(NC(=O)Nc4cccc(C(F)(F)F)c4)cc3)ccnc21,chembl,active
Cc1cc(Nc2nc(Sc3ccccc3)nc3ccccc23)n[nH]1,chembl,active
CCCNc1nc(SC)nc2c1cnn2CC(Cl)c1ccccc1,chembl,active
CCCNc1ncnc2c1cnn2CC(Br)c1ccccc1,chembl,active
CC(=O)N[C@@H](Cc1ccc(OP(=O)(O)O)cc1)C(=O)N[C@@H](CCC(=O)O)C(=O)NCCCC1CCCCC1,chembl,active
Cn1c(=O)c(-c2c(Cl)cccc2Cl)cc2cnc(Nc3ccccc3)cc21,chembl,active
CNc1ncc2c(-c3ccc(N4CCN(C)CC4)nc3)nn(CC3CCCC3)c2n1,chembl,active
CN(CCCO)c1nccc(Oc2ccc(NC(=O)Nc3cc(C(C)(C)C)nn3-c3ccc(P(C)(C)=O)cc3)c3ccccc23)n1,chembl,active
CSc1nc(NCCc2ccccc2)c2ccn(Cc3ccc(F)cc3)c2n1,chembl,active
Cc1ccn(CCC2CCCC2)c(=O)c1-c1ccc2nc(N)ncc2c1,chembl,active
Oc1cc2[nH]c3c(O)c(O)ccc3c2cc1O,chembl,active
Cn1c(SSc2c(C(=O)NCc3ccc(C(=O)O)cc3)c3ccccc3n2C)c(C(=O)NCc2ccc(C(=O)O)cc2)c2ccccc21,chembl,active
CC(C)n1nc(-c2cccc(NC(=O)CCl)c2)c2c(N)ncnc21,chembl,active
CCCCNc1nc(SC)nc2c1cnn2CC(Br)c1ccccc1,chembl,active
O=[N+]([O-])c1cccc(/C=C/c2nc(Nc3cccc(O)c3)c3ccccc3n2)c1,chembl,active
CCOc1ccc2cc(-c3nn(C4CCN(S(C)(=O)=O)CC4)c4ncnc(N)c34)ccc2c1.Cl,chembl,active
C=CC(=O)Nc1ccc2ncnc(Nc3cccc4ccccc34)c2c1,chembl,active
Nc1ncnc2c1c(-c1ccc3ncccc3c1)nn2C1CCCC1,chembl,active
CC(C)(C)n1nc(Nc2cccc(Cl)c2)c2c(N)ncnc21,chembl,active
CSc1nc(Nc2cccc(O)c2)c2cnn(CC(C)c3ccccc3)c2n1,chembl,active
Nc1ccc(-c2ccc3ncc4c(=O)[nH]c(=O)n(-c5cccc(C(F)(F)F)c5)c4c3n2)cn1,chembl,active
Cc1cccc(Nc2nc(N3CCOCC3)nc3[nH]cnc23)c1,chembl,active
COc1ccccc1-c1ccc2c(c1)NC(=O)/C2=C\c1[nH]c2c(c1CCC(=O)O)CCCC2,chembl,active
C[C@H](/C=C\C(F)(F)F)Oc1cc(-c2cc(-c3cc(CN(C)C)cs3)cnc2N)ccc1C(N)=O,chembl,active
Oc1ccc(CN(Cc2ccc(O)c(O)c2)c2ccc3c(c2)OCO3)cc1O,chembl,active
COc1cc(Nc2c(C#N)cnc3sc(-c4ccc(CN5CCOCC5)cc4)cc23)c(Cl)cc1Cl,chembl,active
COc1cc2ncnc(Nc3cc(OC)c(OC(C)C)c(OC)c3)c2cc1OC,chembl,active
Cc1cc(C)c2c(N)c(C(=O)N/N=C/c3cccn3C)sc2n1,chembl,active
Cc1ccn(-c2cccc(C(F)(F)F)c2)c(=O)c1-c1ccc2nc(N)ncc2c1,chembl,active
C=CC(=O)Nc1ccc2ncnc(Nc3ccc4ccccc4c3)c2c1,chembl,active
COc1cc2c(Nc3ccc(NC(=O)c4ccccc4)cc3)ncnc2cc1OCCCN1CCOCC1,chembl,active
Nc1c2c(=O)[nH]c(-c3ccccc3)cc2nn1-c1ccccc1,chembl,active
COc1cc(Nc2nccc(-c3nccs3)n2)cc(OC)c1,chembl,active
Cc1cc2nc(Nc3ccc(S(=O)(=O)NCCN4CCCC4)cc3)nnc2cc1-c1ccc(Cl)s1,chembl,active
COc1cccc(-c2cn(-c3ccc(C(=O)Nc4ccc(P(=O)(O)O)c(P(=O)(O)O)c4)cc3)c3ncnc(N)c23)c1,chembl,active
O=c1c2cc(O)c(O)cc2c2cc(O)c(O)cc2n1Cc1ccc([N+](=O)[O-])cc1,chembl,active
Oc1cc2nc(O)c3c(O)c(O)ccc3c2cc1O,chembl,active
N#Cc1ccc(Cn2c3cc(O)c(O)cc3c3c(Br)cc(O)c(O)c32)cc1,chembl,active
Cc1ccc(NC(=O)c2ccc(CN3CCN(C)CC3)cc2)cc1Nc1nc(-c2cccnc2)cs1,chembl,active
CC(C)n1nc(-c2ccc(CC#N)cc2)c2c(N)ncnc21,chembl,active
CC(C)n1nc(-c2ccc3cc(OCc4ccncc4)ccc3c2)c2c(N)ncnc21,chembl,active
Cc1ccc(C)c(COc2ccc3cc(-c4nn(C(C)C)c5ncnc(N)c45)ccc3c2)c1,chembl,active
O=C(Nc1nnc(SCc2ccc(F)cc2)s1)c1ccccc1Cl,chembl,active
CNc1ncc2c(-c3ccc(N4CCNCC4)nc3)nn(CC3OCCO3)c2n1,chembl,active
Oc1cccc(Nc2nc(/C=C/c3cc4c(cc3Br)OCO4)nc3ccccc23)c1,chembl,active
O=C1NN(c2ccccc2)C(=O)/C1=C\c1ccccc1OCc1ccccc1,chembl,active
CNS(=O)(=O)c1ccc2c(c1)/C(=C/c1[nH]c3c(c1CCCN1CCC(O)CC1)CCCC3)C(=O)N2,chembl,active
O=C(c1ccccc1)n1c2cc(O)c(O)cc2c2ccc(O)c(O)c21,chembl,active
Oc1cc2c3ccc(O)c(O)c3n(Cc3c(Cl)cccc3Cl)c2cc1O,chembl,active
COc1cc(Nc2c(C#N)cnc3ccc(C#Cc4cccnc4)cc23)cc(OC)c1OC,chembl,active
Cc1ccc(NC(=O)c2cccc(C(F)(F)F)c2)cc1Nc1nc2ccccc2n1-c1cc(NCCC2CCCN2)ncn1,chembl,active
Nc1ncnc2c1c(Nc1cccc(Cl)c1)nn2CC1CCNCC1,chembl,active
CC(C)Nc1ncnc2oc(-c3ccc(OCCN4CCCC4)cc3)c(-c3ccccc3)c12,chembl,active
COc1cc2cn[nH]c2cc1-c1ccc(F)c2c(N)c(C(N)=O)cnc12,chembl,active
COc1cccc(Nc2nc(N3CCOCC3)nc3[nH]cnc23)c1,chembl,active
C=CC(=O)Nc1ccccc1Nc1nc(Nc2ccc(N3CCN(C)CC3)cc2)ncc1C(=O)Nc1c(Cl)c(OC)cc(OC)c1Cl,chembl,active
CC(C)n1nc(-c2ccc3c(c2)OCCO3)c2c(N)ncnc21,chembl,active
CONC(=O)c1cn(-c2ccc3c(c2)CCC3)c2nc(Nc3ccc(C4CCN(CC(=O)O)CC4)cc3)ncc2c1=O,chembl,active
Cc1c(-c2cc(Nc3cc4n(n3)CCN(C)C4)c(=O)[nH]n2)ccc(F)c1NC(=O)c1cc2ccccc2s1,chembl,active
CC(=O)Nc1ccc2c(c1)C(c1ccccc1Cl)=Nc1c[nH]nc1N2,chembl,active
Cc1ccc(Nc2nnc3cc(-c4c(C)cccc4C)cc(C)c3n2)cc1C,chembl,active
CCOc1ccc(Cl)c(Nc2ncnc3cc(OCCCN4CCOCC4)c(OC)cc23)c1,chembl,active
COc1ccc(Nc2c(C#N)cnc3cc(OC)c(OC)cc23)cc1OC,chembl,active
Nc1nccn2c([C@@H]3CC[C@H]4CCC(=O)N4C3)nc(-c3ccc(C(=O)Nc4cc(C(F)(F)F)ccn4)cc3OC3CC3)c12,chembl,active
COc1cc2nccc(Oc3ccc(NC(=O)Nc4cc(C)on4)c(Cl)c3)c2cc1OC,chembl,active
COc1cc(Nc2c(C#N)cnc3cc(-c4ncccc4CN4CCOCC4)ccc23)c(Cl)cc1Cl,chembl,active
Cc1ccc(NC(=O)c2cc(C(C)(C)C)nn2C)cc1Nc1nc2ccccc2n1-c1cc(N)ncn1,chembl,active
O=[N+]([O-])c1cccc(Nc2nc(N3CCNCC3)nc3[nH]cnc23)c1,chembl,active
COc1cc2nc(Nc3cc(C)[nH]n3)nc(Nc3cccc(-c4nc5ccccc5s4)c3)c2cc1OC,chembl,active
CCN(CC)CCCNc1ncc2cc(-c3c(Cl)cccc3Cl)c(=O)n(C)c2n1,chembl,active
CCOc1cc(Nc2c(C#N)cnc3cc(-c4ccc(CN5CCN(C)CC5)cc4)sc23)c(Cl)cc1Cl,chembl,active
NC(=O)c1c(-c2ccc3ccccc3c2)nn(CC(F)(F)F)c1N,chembl,active
CC(O)[C@H]1C2CCC(CC2)[C@@H]1Nc1nc(-c2c[nH]c3ncc(F)cc23)ncc1F,chembl,active
O=c1ncn2nc(Sc3ccc(F)cc3F)ccc2c1-c1c(Cl)cccc1Cl,chembl,active
COc1cc(Nc2c(C#N)cnc3cc(OC)c(OC)cc23)cc(OC)c1,chembl,active
CC(Cn1ncc2c(Nc3cccc(Cl)c3)nc(SCCN3CCOCC3)nc21)c1ccccc1,chembl,active
COc1c(NC(=O)Nc2ccc(Oc3ccnc(NCc4ccccn4)c3)c3ccccc23)cc(C(C)(C)C)cc1C(=O)NC1COC1,chembl,active
C=CC(=O)Nc1ccc2ncn(-c3cncc(Nc4ccccc4)n3)c2c1,chembl,active
CN1CCN(c2ccc(Nc3ncc4c(=O)c(C(N)=O)cn(-c5ccc6c(c5)CCC6)c4n3)cc2)CC1,chembl,active
COC(=O)c1ccc(Nc2nnc3cc(-c4c(C)cccc4C)cc(C)c3n2)o1,chembl,active
CCN(CC)C(=O)c1ccc(Nc2cc3c(cn2)cc(-c2c(Cl)cccc2Cl)c(=O)n3C)cc1,chembl,active
Cc1ccn(-c2ccccc2)c(=O)c1-c1ccc2nc(N)ncc2c1,chembl,active
Oc1cc(Nc2nccc(-c3nccs3)n2)cc(C(F)(F)F)c1,chembl,active
CNc1ncc2c(-c3ccc(N4CCNCC4)nc3)nn(Cc3cn(Cc4ccccc4)nn3)c2n1,chembl,active
Cc1cc(NC(=O)Nc2ccc(-c3cccc4[nH]nc(N)c34)c(F)c2)ccc1F,chembl,active
C=CC(=O)Nc1ccccc1Nc1nc(Nc2ccc(N3CCN(C)CC3)cc2)ncc1C(=O)Nc1cc(OC)c(OC)cc1C,chembl,active
COc1cc2c(Oc3ccc(NS(=O)(=O)c4ccccc4C(F)(F)F)cc3F)ccnc2cc1OCCCN1CCOCC1,chembl,active
CC(C)(C)OC(=O)N[C@@H](Cc1ccc(OP(=O)(O)O)cc1)C(=O)NC1CSc2ccccc2N(CCCC2CCCCC2)C1=O,chembl,active
C=CC(=O)N1CCC(Cn2cc(-c3ccc4c(c3)OCO4)c3c(N)ncnc32)CC1,chembl,active
CCN(CC)c1ccc(/C=C2/C(=O)NN(c3ccc(I)cc3)C2=O)c(O)c1,chembl,active
CN1C(=O)[C@@H](N2CCc3cn(CC4CCS(=O)(=O)CC4)nc3C2=O)COc2ccccc21,chembl,active
Cc1ccc(N2NC(=O)/C(=C/c3ccc(-c4ccc(C)c(Cl)c4)o3)C2=O)cc1C,chembl,active
Cc1cc(C)cc(NC(=O)Nc2ccc(-c3c(C)sc4ncnc(N)c34)cc2)c1,chembl,active
CN(c1ccccc1)c1cc2c(cc1Nc1ccccc1)C(=O)NC2=O,chembl,active
COc1ccc2c(c1)/C(=C/c1[nH]c3c(c1CCCN(C)C)CCCC3)C(=O)N2,chembl,active
Nc1ncnc2c1c(I)nn2C1CCC(O)CC1,chembl,active
CN1CCN(c2cccc(-c3cnn4c(N)c(-c5ccc(NC(=O)Nc6ccccc6Cl)cc5)cnc34)c2)CC1,chembl,active
CN1CCN(c2ccc(-c3cnn4c(N)c(-c5ccc(NC(=O)c6ccc(C(F)(F)F)cc6)cc5)cnc34)cc2)CC1,chembl,active
COCCN1CCN(c2ccc(-c3cnn4c(N)c(-c5ccc(NC(=O)OCC(C)C)cc5)cnc34)cc2)CC1,chembl,active
C=Cn1cnc2c(Nc3ccc(P(C)(C)=O)cc3)ncnc21,chembl,active
Cn1c(SSc2c(C(=O)NCC(=O)O)c3ccccc3n2C)c(C(=O)NCC(=O)O)c2ccccc21,chembl,active
COc1ccc2c(Oc3ccc(NC(=O)c4c(C)n(CC(C)(C)O)n(-c5ccccc5)c4=O)nc3)ccnc2c1,chembl,active
c1cc2cc(-c3ccc4cn[nH]c4c3)cnc2[nH]1,chembl,active
CC(C)n1nc(-c2ccc3nccnc3c2)c2c(N)ncnc21,chembl,active
CCN(CC)CCOc1ccc(Nc2cc3c(cn2)cc(-c2ccccc2)c(=O)n3CC)cc1,chembl,active
Cc1ccc(-c2cc3c(NCCN)ccc(C(N)=O)c3[nH]2)cc1,chembl,active
O=C1Cc2c([nH]c3ccc(Br)cc23)-c2ccccc2N1,chembl,active
Cc1cccc(NC(=O)Nc2ccc(-c3cccc4[nH]nc(N)c34)c(F)c2)c1,chembl,active
CNS(=O)(=O)c1ccc2c(c1)/C(=C/c1[nH]c(C)c(C)c1CCCN(C)C)C(=O)N2,chembl,active
C=CS(=O)(=O)Nc1cccc(Nc2ncnc3cc(OC)c(OC)cc23)c1,chembl,active
Cc1ccc(-n2nc(C(C)(C)C)cc2NC(=O)Nc2ccc(-c3ccc(CN4CCOCC4)nc3)c3ccccc23)cc1,chembl,active
Cc1cccc(-n2c(=O)c3cnc(Nc4ccc(N5CCN(C)CC5)cc4)nc3n3c4ccccc4nc23)c1,chembl,active
CNC(=O)c1cc(Oc2ccc(NC(=O)Nc3cccc(C(F)(F)F)c3)cc2)ccn1,chembl,active
N#Cc1cnc2cc(/C=C/c3ccncc3)ccc2c1NCc1ccc(Cl)cc1Cl,chembl,active
CCCCCCN(CCCCCC)C(=O)[C@@H](C)NC(=O)[C@@H](NC(=O)[C@H](Cc1ccc(OP(=O)(O)O)cc1)NC(C)=O)C(C)C,chembl,active
Oc1cc2nc(O)c3cc(O)c(O)cc3c2cc1O,chembl,active
CC(C)n1nc(-c2ccc3c(c2)CCO3)c2c(N)ncnc21,chembl,active
CC(=O)Nc1ccc(Nc2nc(N3CCNCC3)nc3[nH]cnc23)cc1,chembl,active
Cc1nc2c(F)cc(-c3nc(Nc4ccc5c(n4)CCN(CCN(C)C)C5)ncc3F)cc2n1C(C)C,chembl,active
Cc1ccc(-c2nn(CCN3CCC(CCN(C)C)CC3)c3ncnc(N)c23)cc1,chembl,active
Fc1ccc(CNc2ncnc3c2cnn3CC(Cl)c2ccc(Br)cc2)cc1,chembl,active
Cc1cc(C)cc(Nc2nccc(-c3nccs3)n2)c1,chembl,active
Cc1cc(Nc2nc(N(C)c3ccccc3)nc3ccccc23)n[nH]1,chembl,active
CCN(CC)CCCCNc1cc(-n2c(Nc3cc(C(=O)Nc4cccc(C)c4)ccc3C)nc3ccccc32)ncn1,chembl,active
CSc1nc(Nc2cccc(F)c2)c2cnn(CCc3ccccc3)c2n1,chembl,active
N#C/C(=C1/Nc2ccccc2S1)c1ccnc(NCCc2cccnc2)n1.O=C(O)C(F)(F)F.O=C(O)C(F)(F)F,chembl,active
COc1cc2ncnc(Nc3ccc(F)c(Cl)c3)c2cc1OCCCN1CCOCC1,chembl,active
Cn1nc(-c2ccc3ccccc3c2)c2c(N)ncnc21,chembl,active
CC(C)COc1ccc2cc(-c3nn(C(C)(C)C)c4ncnc(N)c34)ccc2c1.Cl,chembl,active
ClC(Cn1ncc2c(NCc3ccc(Br)cc3)ncnc21)c1ccc(Br)cc1,chembl,active
Cn1c(Nc2ccc(C(F)(F)F)cc2)nc2cc(Oc3ccnc(-c4ncc(C(F)(F)F)[nH]4)c3)ccc21,chembl,active
Cc1c(-c2c(F)cc(C(N)=O)c3[nH]c4c(c23)CC[C@H](C(C)(C)O)C4)cccc1-n1c(=O)c2cccc(F)c2n(C)c1=O,chembl,active
c1cc(Nc2ncnc3[nH]cnc23)cc(-c2nc3ccccc3s2)c1,chembl,active
CNc1ncc2c(-c3ccc(N4CCNCC4)nc3)nn(CC3CCCC3)c2n1,chembl,active
O=C(N[C@H](CO)c1ccc(F)c(Cl)c1)c1cc(-c2n[nH]cc2-c2cccc(Cl)c2)c[nH]1,chembl,active
CNOC(=O)c1ccc2c(c1)/C(=C/c1[nH]c3c(c1CCCN(C)C)CCCC3)C(=O)N2,chembl,active
COc1cc2ncc(C#N)c(Nc3cc(Cl)cc(Cl)c3)c2cc1OC,chembl,active
CC[C@@H](C)[C@H](NC(=O)CC[C@@H]1NC(=O)[C@H](CCC(=O)O)NC(=O)[C@H](Cc2ccc(OP(=O)(O)O)cc2)NC1=O)C(=O)O,chembl,active
COc1c(NC(=O)Nc2ccc(Oc3ccnc(NCc4ccccn4)n3)c3ccccc23)cc(C(C)(C)C)cc1P(C)(C)=O,chembl,active
O=C1Nc2cccc(C3CCNCC3)c2/C1=C/c1[nH]cc2c1CCOC2=O,chembl,active
Nc1ncnc2c1c(-c1ccc(Oc3ccccc3)cc1)cn2C1CCOCC1,chembl,active
COc1cc2c(Nc3ccc(Cl)c(Cl)c3F)ncnc2cc1OC[C@@H]1C[C@@H]2CN(C)C[C@@H]2C1,chembl,active
COC(=O)c1cc2cc(NC(=O)c3ccccc3C(F)(F)F)cnc2[nH]1,chembl,active
COc1cc2ncnc(Nc3c(Cl)ccc4c3OCO4)c2cc1OCCCN1CCOCC1,chembl,active
O=C(Nc1nnc(SCc2ccccc2)s1)c1ccccc1Cl,chembl,active
COc1cccc(Nc2ncnn3ccc(CN4CC[C@@H](N)[C@H](O)C4)c23)c1,chembl,active
CCn1nccc1CNc1cnc2[nH]c(C(=O)OC)cc2c1,chembl,active
Clc1ccc(Nc2nc(N3CCNCC3)nc3[nH]cnc23)cc1,chembl,active
COc1ccc(Cl)cc1-c1cc(C)c2nc(Nc3ccc(OCCN4CCCC4)cc3)nnc2c1,chembl,active
CCCSc1nc(Nc2cccc(Cl)c2)c2cnn(CC(Cl)c3ccccc3)c2n1,chembl,active
Fc1ccc(CNc2nc(SCCN3CCOCC3)nc3c2cnn3CC(Cl)c2ccccc2)cc1,chembl,active
CSc1nc(Nc2ccccc2)c2cnn(CC(Cl)c3ccccc3)c2n1,chembl,active
CCOc1cc(Nc2c(C#N)cnc3cc(OC)c(OC)cc23)c(Cl)cc1Cl,chembl,active
COc1cc(Nc2nn3c(N[C@H](CO)C(C)C)cc(C)nc3c2C(N)=O)cc(OC)c1,chembl,active
Cc1ccc(C(=O)Nc2cccc(C(F)(F)F)c2)cc1C(=O)Nc1cncnc1,chembl,active
CNc1cc(-c2c[nH]c(=O)c(NC(=O)c3ccc(N4CCCCC4)cc3)c2)ncn1,chembl,active
CO[C@@H]1[C@H](N(C)C(=O)c2ccccc2)C[C@H]2O[C@]1(C)n1c3ccccc3c3c4c(c5c6ccccc6n2c5c31)C(=O)NC4,chembl,active
Clc1cccc(Nc2nc(SCCN3CCOCC3)nc3c2cnn3CCc2ccccc2)c1,chembl,active
CC(C)n1nc(-c2ccc3c(C=O)c[nH]c3c2)c2c(N)ncnc21,chembl,active
CN1CCN(C(=O)/C(C#N)=C/c2cccc(-n3cc(-c4ccc(Cl)cc4)c4c(N)ncnc43)c2)CC1,chembl,active
C=CC(=O)Nc1ccccc1Nc1nc(Nc2ccc(N3CCN(C)CC3)cc2OC)ncc1C(=O)Nc1c(C)cccc1Cl,chembl,active
COc1cc2c(cc1OC)Nc1ncn(C)c(=O)c1C2,chembl,active
CC[C@@H](C)[C@H](NC(=O)[C@H](CCC(=O)O)NC(=O)CC[C@@H]1NC(=O)[C@H](Cc2ccc(OP(=O)(O)O)cc2)NC1=O)C(=O)O,chembl,active
CN(C)C(=O)CCc1c(SSc2[nH]c3ccccc3c2CCC(=O)N(C)C)[nH]c2ccccc12,chembl,active
COc1cccc(Nc2nc(N3CCN(CCO)CC3)nc3[nH]cnc23)c1,chembl,active
CC(C)n1nc(-c2cc3c(Cl)cccc3[nH]2)c2c(N)ncnc21.Cl,chembl,active
CN(C)CCCc1c(/C=C2\C(=O)Nc3ccc(S(=O)(=O)NCc4ccc(F)cc4)cc32)[nH]c2c1CCCC2,chembl,active
CC(=O)N[C@@H](Cc1ccc(OP(=O)(O)O)cc1)C(=O)N[C@H]1CSCCN(Cc2ccc3c(c2Cl)OCO3)C1=O,chembl,active
COc1cccc2ncc(C#N)c(Nc3ccc(Cl)cc3Cl)c12,chembl,active
N#Cc1cnc2ccc(/C=C/CCN3CCOCC3)cc2c1Nc1ccc(Cl)cc1Cl,chembl,active
COc1cccc(Nc2nc(N3CCNCC3)nc3[nH]cnc23)c1,chembl,active
NC(=O)c1ccc(Nc2nc(N3CCN(CCO)CC3)nc3[nH]cnc23)cc1,chembl,active
Cc1ccc(NC(=O)c2cccc(C(F)(F)F)c2)cc1Nc1nc2ccccc2n1-c1cc(Cl)ncn1,chembl,active
CC(C)n1nc(-c2cc3c(Cl)cccc3[nH]2)c2c(N)ncnc21,chembl,active
Cc1ccc(C(=O)Nc2cccc(C(F)(F)F)c2)cc1Nc1nc2ccccc2n1-c1cc(NCCC#N)ncn1,chembl,active
O=C(O)CCc1c(/C=C2\C(=O)Nc3ccc(Br)cc32)[nH]c2c1CCCC2,chembl,active
CCC(N)(C#Cc1cnc(N)c2c(-c3ccc(NC(=O)Nc4cccc(C)c4)cc3)csc12)CC,chembl,active
CC(=O)Nc1ccc(Sc2nc(Nc3cc(C)n[nH]3)c3ccccc3n2)cc1,chembl,active
Nc1ncnc2sc(Br)c(-c3ccc(NC(=O)Cc4cccc(Cl)c4)cc3)c12,chembl,active
Nc1noc2cccc(-c3cccc(O)c3)c12,chembl,active
Cn1nc(N)c2c(-c3ccc(NC(=O)Nc4ccc(F)c(C(F)(F)F)c4)cc3)ccnc21,chembl,active
CS(=O)(=O)N(Cc1ccc2[nH]c(=O)c3cccn3c2c1)C1CC1,chembl,active
Cc1cccc(NC(=O)c2ccc(C)c(Nc3nc4ccccc4n3-c3cc(NCCCCN(C)C)ncn3)c2)c1,chembl,active
Cc1cccc(-c2nn(C(C)C)c3ncnc(N)c23)c1.Cl,chembl,active
O=c1c2cc(O)c(O)cc2c2cc(O)c(O)cc2n1Cc1ccc(Cl)c(Cl)c1,chembl,active
CC(C)(C)n1nc(-c2cccc3ccccc23)c2c(N)ncnc21,chembl,active
Cc1cccc(C(=O)Nc2cccc([C@H](C)Nc3cncc(Cl)n3)c2)c1,chembl,active
Cc1cc(Nc2nc(Oc3ccccc3)nc3ccccc23)n[nH]1,chembl,active
Cc1ccc(NC(=O)c2cccc(C(F)(F)F)c2)cc1Nc1nc2ccccc2n1-c1cc(NCCN)ncn1,chembl,active
O=C(Nc1nnc(CCc2ccccc2)s1)c1ccc(Cl)cc1Cl,chembl,active
Cn1c(=O)c(-c2c(Cl)cccc2Cl)cc2cnc(Nc3ccc(P(=O)(O)O)c(P(=O)(O)O)c3)nc21,chembl,active
CCOc1cc(Nc2c(C#N)cnc3cc(-c4csc(CN5CCN(C)CC5)c4)sc23)c(Cl)cc1Cl,chembl,active
Cn1cncc1/C=N/NC(=O)c1sc2ncccc2c1N,chembl,active
O=C(NNC(=O)c1ccc(C(F)(F)F)cc1)C(=O)c1c[nH]c2ccccc12,chembl,active
O=C(CCCc1c(SSc2[nH]c3ccccc3c2CCCC(=O)NCc2ccccc2)[nH]c2ccccc12)NCc1ccccc1,chembl,active
CC(C)(C)c1nc(-c2ccc3ccccc3c2)c2c(N)nccn12,chembl,active
CC(=O)N[C@@H](Cc1ccc(OP(=O)(O)O)cc1)C(=O)N[C@H]1CCCCN(Cc2ccc(-c3ccc(Cl)cc3)cc2)C1=O,chembl,active
CC(C)(C)n1nc(-c2ccc3ccccc3c2)c(C(N)=O)c1N,chembl,active
CCCNc1nc(SC)nc2c1cnn2CC(Cl)c1ccc(Cl)cc1,chembl,active
Cc1ccc(C(=O)Nc2cccc(C(F)(F)F)c2)cc1Nc1nc(-c2cccnc2)nc2nn(C)cc12,chembl,active
Cc1ccc(NC(=O)c2cccc(C(F)(F)F)c2)cc1Nc1nc2ccccc2n1-c1cc(NCCCN)ncn1,chembl,active
COc1ccc(Nc2nc(N3CCN(CCO)CC3)nc3[nH]cnc23)cc1,chembl,active
COc1ccc2cc(-c3n[nH]c4cccnc34)[nH]c2c1,chembl,active
CC(C)(C)c1ccc(C(=O)Nc2cc(-c3ccncc3)c[nH]c2=O)cc1,chembl,active
O=C(OCCN1CCCCC1)c1cc2ccccc2n1Cc1ccccc1,chembl,active
CC(C)(C)NC(=O)Nc1nc2nc(N)ncc2cc1-c1cc(F)cc(F)c1,chembl,active
Cc1cc(Nc2nccc(-c3nccs3)n2)cc(C(F)(F)F)c1,chembl,active
Cc1ccc(NC(=O)c2cn(CCNS(=O)(=O)c3ccccc3)nn2)cc1Nc1nccc(-c2cccnc2)n1,chembl,active
Cc1cc(C(F)(F)F)nc2sc(C(=O)N/N=C/c3cccc4ccccc34)c(N)c12,chembl,active
Cc1ccc(NC(=O)c2cccc(C(F)(F)F)c2)cc1Nc1nc2ccccc2n1-c1cc(NC2CCN(C)CC2)ncn1,chembl,active
COc1ccc2c(c1)NC(=O)/C2=C\c1[nH]c2c(c1CCC(=O)O)CCCC2,chembl,active
Cc1cccc(NC(=O)c2ccc(C)c(Nc3nc4ccccc4n3-c3cc(NCCCN4CCN(C)CC4)ncn3)c2)c1,chembl,active
CSc1nc(Nc2cccc(F)c2)c2cnn(CC(Cl)c3ccccc3)c2n1,chembl,active
CCOc1cc(Nc2c(C#N)cnc3cc(OCC4CCN(C)CC4)c(OC)cc23)c(Cl)cc1Cl,chembl,active
COc1cc2ncc(C#N)c(Nc3ccc(OCc4ccccn4)c(Cl)c3)c2cc1NC(=O)/C=C/CN(C)C,chembl,active
O=C(c1ccc(Br)cc1)n1c2cc(O)c(O)cc2c2ccc(O)c(O)c21,chembl,active
Cn1cc(C2=Nc3cc(NC(=O)C(N)C4CCCCC4)cc4c3C2=CNNC4=O)cn1,chembl,active
COc1cc2ncnc(Nc3cccc(Br)c3)c2cc1OC,chembl,active
CONC(=O)c1cn(-c2ccc3c(c2)CCC3)c2nc(Nc3ccc(C4CCN(C)CC4)cc3)ncc2c1=O,chembl,active
Cc1ccc(C(=O)Nc2cccc(C(F)(F)F)c2)cc1Nc1nc(-c2cccnc2)nc2c1cnn2C,chembl,active
Cc1ccn(-c2ccc(N3CCOCC3)cc2)c(=O)c1-c1ccc2nc(N)ncc2c1,chembl,active
CC(C)(C)OC(=O)N[C@@H](Cc1ccc(OP(=O)(O)O)cc1)C(=O)NC1CSCCN(CCCC2CCCCC2)C1=O,chembl,active
CCCCCN(CCCCC)C(=O)[C@@H](C)NC(=O)[C@@H](NC(=O)[C@H](Cc1ccc(OP(=O)(O)O)cc1)NC(C)=O)C(C)C,chembl,active
Fc1ccc(C(Cl)Cn2ncc3c(Nc4cccc(Cl)c4)ncnc32)cc1,chembl,active
COc1ccc(Cl)cc1-n1c(=O)c2cnc(Nc3ccc(N4CCN(C)CC4)cc3)nc2n2c3ccccc3nc12,chembl,active
CC(C)(C)NC(=O)Nc1nc2nc(N)ncc2cc1-c1c(Cl)ccc(Cl)c1Cl,chembl,active
O=[N+]([O-])c1ccc(Nc2nc(N3CCNCC3)nc3[nH]cnc23)cc1,chembl,active
CCn1nc(C#Cc2cc(C(=O)Nc3ccc(CN4CCN(C)CC4)c(C(F)(F)F)c3)ccc2C(C)C)c2c(N)ncnc21,chembl,active
COC(=O)c1cc2cc(NCc3ccccc3C(F)(F)F)cnc2[nH]1,chembl,active
N#CN1CCC[C@@H](n2nc(-c3ccc(Oc4ccc(Cl)cc4)cc3)c(C(N)=O)c2N)C1,chembl,active
Cc1cc(-c2cc(O)ccc2Cl)cc2nnc(NCCCCN3CCCC3)nc12,chembl,active
COc1ncc(-c2nn(C(C)C)c3ncnc(N)c23)c(OC)n1,chembl,active
CC(C)n1nc(-c2cc3ccccc3[nH]2)c2c(N)ncnc21,chembl,active
CC(Cn1ncc2c(Nc3ccccc3)nc(SCCN3CCOCC3)nc21)c1ccccc1,chembl,active
CSc1nc(Nc2ccccc2)c2cnn(CCc3ccccc3)c2n1,chembl,active
C=C(CC[C@@H](C)[C@H]1CC[C@H]2[C@H](CCc3cc(O)ccc3C)C(=O)CC[C@]12C)C(C)C,chembl,active
Nc1ncnc2c1c(-c1ccc(Oc3ccccc3)cc1)cn2CCO,chembl,active
COC(=O)c1cc2cc(NCc3cc[nH]n3)cnc2[nH]1,chembl,active
Cc1cc(-c2cncnc2)cc2nnc(Nc3ccc(OCCN4CCCC4)cc3)nc12,chembl,active
CC[C@@H](C)[C@H](NC(=O)C[C@@H]1NC(=O)[C@H](CCC(=O)O)NC(=O)[C@H](Cc2ccc(OP(=O)(O)O)cc2)NC1=O)C(=O)O,chembl,active
Cc1cccc(C)c1-c1ccc2nc(Nc3ccccc3)nnc2c1,chembl,active
CN1CCN(Cc2ccc(Nc3ncc4c(=O)c(C(N)=O)cn(-c5ccc6c(c5)CCC6)c4n3)cc2)CC1,chembl,active
Cc1cc(-c2ccncn2)cc2nnc(Nc3ccc(OCCN4CCCC4)cc3)nc12,chembl,active
NC(=O)CCc1c(SSc2[nH]c3ccccc3c2CCC(N)=O)[nH]c2ccccc12,chembl,active
Cc1cccc(C)c1-c1cc(C)c2nc(Nc3ccc(C(=O)O)o3)nnc2c1,chembl,active
C[C@@]1(C(=O)Nc2ccc(F)nc2)CCCN1c1nc(Nc2cc(C3CC3)n[nH]2)c2cccn2n1,chembl,active
O=C(N[C@H]1CCCCN(Cc2ccc(-c3ccccc3)cc2)C1=O)c1ccc(OP(=O)(O)O)cc1,chembl,active
Cc1cc(-c2cc(O)ccc2Cl)cc2nnc(N)nc12,chembl,active
COc1cccc(-c2cn(-c3ccc(C(=O)O)cc3)c3ncnc(N)c23)c1,chembl,active
Oc1cc2[nH]c3cc(O)c(O)cc3c2cc1O,chembl,active
Fc1ccc(C(Cl)Cn2ncc3c(NCc4cccc(F)c4)ncnc32)cc1,chembl,active
CCCCNc1nc(SC)nc2c1cnn2CC(Cl)c1ccc(Cl)cc1,chembl,active
CC(C)n1nc(-c2ccc(F)c(C#N)c2)c2c(N)ncnc21,chembl,active
Cc1cc(-c2nn(C(C)C)c3ncnc(N)c23)sc1C=O,chembl,active
c1ccc2sc(-c3ccc(Nc4ncnc5[nH]ccc45)cc3)nc2c1,chembl,active
CSc1nc(Nc2ccccc2)c2ccn(CC(Cl)c3ccccc3)c2n1,chembl,active
CONC(=O)c1cn(-c2ccc3c(c2)CCC3)c2nc(Nc3ccc(CCN4CCN(C)CC4)cc3)ncc2c1=O,chembl,active
CC(C)n1nc(-c2cc3ccccc3[nH]2)c2c(N)ncnc21.Cl,chembl,active
Cc1cccc(NC(=O)c2ccc(C)c(Nc3nc4ccccc4n3-c3cc(NCCN4CCN(C)CC4)ncn3)c2)c1,chembl,active
Nc1ncnc2c1c(-c1ccc3cc(OCc4ccc(Cl)cc4)ccc3c1)nn2CC1CCNCC1,chembl,active
CCOc1ccc2cc(-c3nn(C4CCN(C(C)=O)CC4)c4ncnc(N)c34)ccc2c1.Cl,chembl,active
Oc1ccc(CC2=Cc3ccc(O)c(O)c3OC2)cc1O,chembl,active
Cl.Nc1ncnc2c1c(-c1ccc3cc(OCc4ccc(Cl)cc4)ccc3c1)nn2CC1CCNCC1,chembl,active
CC(=O)N[C@@H](Cc1ccc(OP(=O)(O)O)cc1)C(=O)N[C@H]1CSCCN(Cc2cccc(C(=O)c3ccccc3)c2)C1=O,chembl,active
CC(C)(C)n1nc(Cc2coc3ccccc23)c2c(N)ncnc21,chembl,active
CC(=O)N[C@@H](Cc1ccc(OP(=O)(O)O)cc1)C(=O)N[C@H]1CSCCN(Cc2cccc(C(F)(F)F)c2)C1=O,chembl,active
CC(=O)N[C@@H](Cc1ccc(OP(=O)(O)O)cc1)C(=O)N[C@@H]1CCCOc2cc(OCC3CCCCC3)c(C(N)=O)cc21,chembl,active
BrC(Cn1ncc2c(N3CCCCC3)ncnc21)c1ccccc1,chembl,active
COc1cc2ncn(-c3cc(OCc4ccccc4C(F)(F)F)c(C(=O)O)s3)c2cc1OC,chembl,active
CC(=O)Nc1ccc(Nc2nc(N3CCN(CCO)CC3)nc3[nH]cnc23)cc1,chembl,active
CN1CCN(c2cccc(Nc3nccc(-c4c(C(N)=O)nc5ccccn45)n3)c2)CC1,chembl,active
CC(C)n1nc(-c2ccc3occc(=O)c3c2)c2c(N)ncnc21,chembl,active
O=C(O)c1cnc2cc(/C=C/c3ccncc3)ccc2c1Nc1ccc(Cl)cc1Cl,chembl,active
COc1cccc(-c2nn(-c3cccc(P(=O)(O)CC(=O)O)c3)c3ncnc(N)c23)c1,chembl,active
Cc1cc2c(F)c(Oc3ncnn4cc(OC[C@@H](C)O)c(C)c34)ccc2[nH]1,chembl,active
Nc1n[nH]c2cccc(-c3ccc(NC(=O)Nc4ccccc4)cc3)c12,chembl,active
Fc1cnc(Nc2ccccc2)nc1Nc1ccccc1,chembl,active
c1cncc(-c2ccnc(Nc3cccc(-n4ccnc4)c3)n2)c1,chembl,active
Cc1c(C=O)c(O)n2c(nc3ccccc32)c1C#N,chembl,active
CCOCCNc1ncnc2c1cnn2CC(Br)c1ccccc1,chembl,active
CSc1nc(N2CCCC2)c2cnn(CC(Br)c3ccccc3)c2n1,chembl,active
N#CN1CCC[C@@H](n2nc(-c3ccc(Oc4ccc(F)cc4F)cc3)c(C(N)=O)c2N)C1,chembl,active
CCN(CC)c1nc(SC)nc2c1cnn2CC(Cl)c1ccc(Cl)cc1,chembl,active
CCN(CC)CCOc1ccc(C)c(-c2cc3cnc(N)nc3nc2NC(=O)NC(C)(C)C)c1C,chembl,active
C=CC(=O)Nc1cccc(Nc2ncnc3cc(OC)c(OC)cc23)c1,chembl,active
Cc1ccc(NC(=O)c2cccc(C(F)(F)F)c2)cc1Nc1nc2ccccc2n1-c1cc(NCCCCN)ncn1,chembl,active
C=CC(=O)N1CCC[C@H](n2nc(-c3c(C)cc(Oc4ccccc4)cc3C)c3c(N)ncnc32)C1,chembl,active
Cc1cc(Nc2ncc(Cl)c(Nc3ccccc3S(=O)(=O)C(C)C)n2)c(OC(C)C)cc1C1CCNCC1,chembl,active
Cc1ccc(-n2c(=O)c3cnc(Nc4ccc(N5CCN(C)CC5)cc4)nc3n3c4ccccc4nc23)cc1,chembl,active
Clc1cccc(Nc2ncnc3c2cnn3CC(Cl)c2ccccc2)c1,chembl,active
CCCS(=O)(=O)Nc1ccc(F)c(C(=O)c2c[nH]c3ncc(Cl)cc23)c1F,chembl,active
COc1cccc(CN2CCCC[C@H](NC(=O)[C@H](Cc3ccc(OP(=O)(O)O)cc3)NC(C)=O)C2=O)c1,chembl,active
Cc1cccc(Cn2c3cc(O)c(O)cc3c3ccc(O)c(O)c32)c1,chembl,active
CC(C)COC(=O)Nc1ccc(-c2cnc3c(-c4cccc(N5CCN(C)CC5)c4)cnn3c2N)cc1,chembl,active
Cc1ccc(NC(=O)c2cccc(C(F)(F)F)c2)cc1Nc1nc2ccccc2n1-c1cc(NCCO)ncn1,chembl,active
CCCCNc1nc(SC)nc2c1cnn2CC(Cl)c1ccccc1,chembl,active
COc1cc2nccc(Oc3ccc(C)cc3C(=O)c3ccccc3)c2cc1OC.Cl,chembl,active
Fc1ccc(CNc2ncnc3c2cnn3CC(Cl)c2ccc(Br)cc2)cc1F,chembl,active
COc1cc2ncnc(Nc3ccc(F)c(Cl)c3)c2cc1NC(=O)/C(F)=C/CN(C)C,chembl,active
CC(=O)Nc1ccc(Sc2nc(Nc3cc(C4CC4)[nH]n3)c3ccccc3n2)cc1,chembl,active
Cc1cc2nc(Nc3ccc(S(=O)(=O)NCCN4CCCC4)cc3)nnc2cc1-c1ccc(CO)s1,chembl,active
COc1cc2c(Oc3ccc(NS(=O)(=O)c4ccccc4C(F)(F)F)cc3F)ccnc2cc1OCCCN1CCC(C)CC1,chembl,active
CC(=O)N[C@@H](Cc1ccc(OP(=O)(O)O)cc1)C(=O)N[C@@H](CCC(=O)O)C(=O)N[C@H](CCC1CCCCC1)C(N)=O,chembl,active
Cc1cc(Nc2nccc(-c3nc(CO)cs3)n2)cc(C(F)(F)F)c1,chembl,active
Nc1ncnc2c1c(-c1ccc3cc(OCc4ccccc4Cl)ccc3c1)nn2CC1CCNCC1,chembl,active
CC(=O)N[C@@H](Cc1ccc(OP(=O)(O)O)cc1)C(=O)N[C@@H](CCC(=O)O)C(=O)N[C@@H](CCC1CCCCC1)C(N)=O,chembl,active
COc1ccc(Nc2cc3c(cn2)cc(-c2c(Cl)cccc2Cl)c(=O)n3C)cc1,chembl,active
CN[C@H]1C[C@@H]2O[C@](C)([C@H]1OC)n1c3ccccc3c3c4c(c5c6ccccc6n2c5c31)[C@H](O)NC4=O,chembl,active
C=CS(=O)(=O)Nc1ccc(Cc2nn(C(C)C)c3ncnc(N)c23)cc1,chembl,active
Cc1cc2nc(Nc3ccc(S(=O)(=O)NCCN4CCCC4)cc3)nnc2cc1N1CCCC(O)C1,chembl,active
Cc1cc(-c2ccccn2)cc2nnc(Nc3ccc(OCCN4CCCC4)cc3)nc12,chembl,active
Cc1cccc(C)c1-c1cc(C)c2nc(NC(=O)c3ccccc3)nnc2c1,chembl,active
CC(=O)N[C@@H](Cc1ccc(OP(=O)(O)O)cc1)C(=O)N[C@H]1CCCCN(Cc2cc(C(F)(F)F)cc(C(F)(F)F)c2)C1=O,chembl,active
Cl.Nc1ncnc2c1c(-c1ccc3cc(OCc4ccccc4Cl)ccc3c1)nn2CC1CCNCC1,chembl,active
CSc1nc(NCc2cccc(Br)c2)c2cnn(CC(Cl)c3ccccc3)c2n1,chembl,active
Nc1ncnc2c1c(-c1ccc(Oc3ccccc3)cc1)cn2C1CCNCC1,chembl,active
O=C(Nc1cc(-c2ccncc2)c[nH]c1=O)c1ccc(N2CCCCC2)cc1,chembl,active
Brc1ccc(Nc2nc(N3CCNCC3)nc3[nH]cnc23)cc1,chembl,active
CSc1nc(Nc2cccc(Br)c2)c2cnn(CC(Cl)c3ccccc3)c2n1,chembl,active
O=C1c2ccc(O)c(O)c2OC[C@]1(O)Cc1ccc(O)c(O)c1,chembl,active
COc1cc(Nc2nccc(-c3nccs3)n2)cc(C(F)(F)F)c1,chembl,active
NS(=O)(=O)c1ccc(Nc2nc(N3CCNCC3)nc3[nH]cnc23)cc1,chembl,active
Nc1ccc2c(c1)C(c1ccccc1Cl)=Nc1c[nH]nc1N2,chembl,active
Oc1ccc(CNc2ccc3c(c2)OCO3)cc1O,chembl,active
O=C(O)CCc1c(/C=C2\C(=O)Nc3ccccc32)[nH]c2c1CCCC2,chembl,active
CO[C@@H]1[C@H](N(C)C(=O)c2ccccc2)C[C@H]2O[C@]1(C)n1c3ccccc3c3c4c(c5c6ccccc6n2c5c31)C(=O)N[C@H]4O,chembl,active
Cc1cn(-c2cc(NC(=O)c3ccc(C)c(Nc4nccc(-c5cccnc5)n4)c3)cc(C(F)(F)F)c2)cn1,chembl,active
COc1cccc(-n2c(=O)c3cnc(Nc4ccc(N5CCN(C)CC5)cc4)nc3n3c4ccccc4nc23)c1,chembl,active
CC(C)(C)n1nc(-c2ccc3ccccc3c2)c2c(N)ncnc21,chembl,active
O=C(NNC(=O)c1ccc(-c2ccccc2OCc2ccc(F)cc2)cc1)C(=O)c1c[nH]c2ccccc12,chembl,active
Cc1ccc(O)cc1CC[C@@H]1[C@H](O)CC[C@]2(C)[C@@H]([C@H](C)CCCC(C)C)CC[C@@H]12,chembl,active
N=c1scc(-c2ccc(Cl)cc2)n1CC(=O)N1CCN(c2ccccc2)CC1,chembl,active
COc1cc(-c2nc(=O)c3c([nH]2)sc2ccc(C)cc23)ccc1OCC(=O)O,chembl,active
COc1ccc(C(=O)Nc2nnc(Cc3c[nH]c4ccccc34)s2)cc1,chembl,active
COc1cc2c(Oc3ccc(NS(=O)(=O)c4ccccc4OC(F)(F)F)cc3F)ccnc2cc1OCCCN1CCN(C)CC1,chembl,active
COc1ccc2cc(-c3nn(C(C)(C)C)c4ncnc(N)c34)ccc2c1,chembl,active
Fc1ccc(-c2cn(-c3c(Cl)cc(Cl)cc3Cl)nc2-c2ccncc2)cc1,chembl,active
O=c1[nH]cc(I)c2nc(-c3cccc(Cl)c3)cn12,chembl,active
Nc1ncnc2c1c(-c1cccc(OCc3ccccc3)c1)cn2C1CC(CN2CCCC2)C1,chembl,active
O=C(c1ccc(C(F)(F)F)cc1)n1c2cc(O)c(O)cc2c2c(Br)cc(O)c(O)c21,chembl,active
O=c1c2cc(O)c(O)cc2c2cc(O)c(O)cc2n1Cc1ccc(S(=O)(=O)c2ccccc2)cc1,chembl,active
O=C1CCCN1Cc1ccc2c(c1)[nH]c(=O)c1cccn12,chembl,active
CN1CCN(CCCNc2cccc(-c3nc4c(C(N)=O)cccc4[nH]3)n2)CC1,chembl,active
COc1ccc(-c2ccc(NC(=O)Nc3ccc(F)c(C)c3)cc2)c2c(N)noc12,chembl,active
CN(C)CCCNC(=O)c1cc2cc(NC(=O)c3ccccc3Br)cnc2[nH]1,chembl,active
O=c1[nH]c2cnc(-n3cnc4ccc(F)cc43)nc2n1C1CCOc2c(F)cccc21,chembl,active
Cc1cc(C)c(C=C2C(=O)Nc3ccccc32)[nH]1,chembl,active
Oc1cc2c3ccc(O)c(O)c3n(Cc3ccccc3)c2cc1O,chembl,active
COc1ccc(-c2ccc(NC(=O)Nc3cc(F)cc(F)c3)cc2)c2c(N)noc12,chembl,active
O=C(Nc1nnc(CCc2ccccc2)s1)c1ccccc1I,chembl,active
CC(C)(C)OC(=O)N1C[C@@H](n2cc(-c3ccccc3)c3c(N)ncnc32)C[C@H]1CO,chembl,active
NC(=O)CCC1C(S)=Nc2ccccc21,chembl,active
CSc1nc(NCc2ccccc2Cl)c2cnn(CC(C)c3ccccc3)c2n1,chembl,active
ClC(Cn1ncc2c(NCCc3ccccc3)ncnc21)c1ccccc1,chembl,active
Nc1c(C(=O)c2cc3ccccc3[nH]2)cnn1-c1ccc2nc[nH]c2c1,chembl,active
CCCCNc1ncnc2c1cnn2CC(Cl)c1ccccc1,chembl,active
COc1ccc2cc(-c3nn(C(C)(C)C)c4ncnc(N)c34)ccc2c1.Cl,chembl,active
Clc1cc(Cl)c(N/N=C/c2ccncc2)c(Cl)c1,chembl,active
CSc1nc(N2CCCC2)c2ccn(Cc3ccc(F)cc3)c2n1,chembl,active
CC(C)(C)OC(=O)N1C[C@H](n2cc(-c3ccccc3)c3c(N)ncnc32)C[C@@H]1CO,chembl,active
CC(=O)N[C@@H](Cc1ccc(P(=O)(O)O)c(P(=O)(O)O)c1)C(=O)N[C@H]1CCCCN(Cc2ccc(-c3ccccc3)cc2)C1=O,chembl,active
CCOc1cc(-c2nn(C(C)C)c3ncnc(N)c23)ccc1OC,chembl,active
Cc1cc(C)cc(Nc2nccc(-c3ncc(CO)s3)n2)c1,chembl,active
NC(=O)c1ccc(Nc2nc(N3CCOCC3)nc3[nH]cnc23)cc1,chembl,active
CC(=O)N[C@@H](Cc1ccc(OP(=O)(O)O)cc1)C(=O)N[C@@H](C)c1ccc(OCC2CCCCC2)c(C(N)=O)c1,chembl,active
CC(=O)N[C@@H](Cc1ccc(OP(=O)(O)O)cc1)C(=O)N[C@@H](CCC(=O)O)C(=O)N(CCCC(=O)O)CCCc1ccccc1,chembl,active
N[C@H](COc1cncc(-c2ccc3cnccc3c2)c1)Cc1c[nH]c2ccccc12,chembl,active
C=CC(=O)Nc1cc2c(Nc3ccc(F)c(Cl)c3)ncnc2cc1OCCCN1CCOCC1.Cl.Cl,chembl,active
CC1(C)c2cc(OCCN3CCOCC3)ccc2C(=O)c2c1oc1cc(C#Cc3cc(OCC4CC4)ccn3)ccc21,chembl,active
CC(=O)N[C@@H](Cc1ccc(OP(=O)(O)O)cc1)C(=O)N[C@H]1CCCCN(Cc2ccc(C3CCCCC3)cc2)C1=O,chembl,active
Cc1cc(C)cc(Nc2nccc(-c3nc(C)cs3)n2)c1,chembl,active
CNS(=O)(=O)c1ccc2c(c1)/C(=C/c1cc3c([nH]1)CCCC3)C(=O)N2,chembl,active
CCCc1cc2c(N)c(C(=O)N/N=C/c3cccn3C)sc2nc1NCCN(C)C,chembl,active
Cn1ncc2cc(-c3nn(C(C)(C)C)c4ncnc(N)c34)ccc21,chembl,active
CN1CCN(C(=O)/C(C#N)=C/c2cccc(-n3cc(-c4ccc(Oc5ccccc5)cc4)c4c(N)ncnc43)c2)CC1,chembl,active
N#Cc1ccccc1-c1ccc(CN2CCCC[C@H](NC(=O)c3ccc(OP(=O)(O)O)cc3)C2=O)cc1,chembl,active
CC(C)n1nc(-c2cc3ccccc3nc2Cl)c2c(N)ncnc21,chembl,active
Clc1cccc(CNc2[nH]nc3ncnc(Nc4cccc(Cl)c4)c23)c1,chembl,active
COc1nc(Nc2ccc(-c3nc4ccccc4s3)c(OC)c2)c2cc[nH]c2n1,chembl,active
CC(=O)c1ccc(-c2nn(C(C)C)c3ncnc(N)c23)cc1,chembl,active
Cl.Cn1ncc2cc(-c3nn(C(C)(C)C)c4ncnc(N)c34)ccc21,chembl,active
CC(=O)N[C@@H](Cc1ccc(OP(=O)(O)O)cc1)C(=O)N[C@H]1CCCCN(Cc2ccc(-c3ccc(C)cc3)cc2)C1=O,chembl,active
CSc1nc(NCc2ccccc2F)c2cnn(CC(C)c3ccccc3)c2n1,chembl,active
Nc1ncnc2c1c(-c1ccc(Cl)cc1)nn2-c1cccc(-c2cnnn2Cc2cccc(/C=C/C(=O)NO)c2)c1,chembl,active
COc1ccc(Sc2nc(Nc3cc(C)[nH]n3)c3ccccc3n2)cc1OC,chembl,active
COc1cc2ncc(C#N)c(Sc3ccc(Cl)cc3Cl)c2cc1OC,chembl,active
CCOc1ccc2cc(-c3nn(C(C)(C)C)c4ncnc(N)c34)ccc2c1,chembl,active
Cc1cc(C)c(C)c(-c2cc3cnc(NCCCN4CCN(C)CC4)nc3nc2NC(=O)NC(C)(C)C)c1C,chembl,active
Cc1ccc(O)cc1CC[C@@H]1C(=O)CC[C@]2(C)[C@@H]([C@H](C)CCCC(C)C)CC[C@@H]12,chembl,active
CC1=CCC[C@H]2[C@](C)(CC3=C(O)C(=O)C=C(NCCC(C)C)C3=O)[C@@H](C)CC[C@@]12C,chembl,active
CC(=O)N/C(=C\c1ccc(CC(=O)O)c(C=O)c1)C(=O)N[C@H]1CCCCN(Cc2ccc(-c3ccccc3)cc2)C1=O,chembl,active
FC(F)C(F)(F)Oc1cccc(Nc2nccc(-c3c[nH]c4ccccc34)n2)c1,chembl,active
CC(C)(C)n1nc(Cc2cccc3ccccc23)c2c(N)ncnc21,chembl,active
CCOc1ccc2cc(-c3nn(C(C)(C)C)c4ncnc(N)c34)ccc2c1.Cl,chembl,active
NC(=O)c1ccc(Nc2nc(N3CCNCC3)nc3[nH]cnc23)cc1,chembl,active
CNc1ncnc(-c2cccnc2Oc2cc(NC(=O)c3cccc(OC(F)(F)C(F)F)c3)ccc2C)n1,chembl,active
Cc1cccc(C)c1-c1ccc2nc(N)nnc2c1,chembl,active
CC(C)(C)c1cc(C=C2C(=O)C=CC2=O)cc(C(C)(C)C)c1O,chembl,active
CC(C)(C)n1nc(Cc2cccc3ccccc23)c2c(N)ncnc21.Cl,chembl,active
Cc1cc2nc(Nc3ccc(S(=O)(=O)NCCN4CCCC4)cc3)nnc2cc1-c1cccc(C(N)=O)c1,chembl,active
Cc1cc(C)cc(Nc2nccc(-c3nc(CO)cs3)n2)c1,chembl,active
Cc1ccc(O)cc1CC[C@@H]1C(=O)CC[C@]2(C)[C@@H]([C@H](C)/C=C/CC(C)C)CC[C@@H]12,chembl,active
COC(=O)c1cc2cc(NCc3ccccc3OC)cnc2[nH]1,chembl,active
Clc1cccc(Nc2[nH]nc3ncnc(Nc4ccccc4)c23)c1,chembl,active
CN(C)CCCc1c(/C=C2\C(=O)Nc3ccc(-c4ccccc4)cc32)[nH]c2c1CCCC2,chembl,active
CC[C@H](C)[C@H](NC(=O)[C@H](CCC(=O)O)NC(=O)[C@H](CCC(=O)O)NC(=O)C(Cc1ccc(C(=O)C(=O)C(=O)OC)cc1)NC(C)=O)C(N)=O,chembl,active
COc1cc(Nc2c(C#N)cnc3cc(/C=C/c4ccc(-c5ccccc5)cc4)ccc23)c(Cl)cc1Cl,chembl,active
CC(=O)N[C@@H](Cc1ccc(OP(=O)(O)O)cc1)C(=O)N[C@@H](CCC(=O)O)C(=O)N[C@@H](CCC(N)=O)Cc1cccc2ccccc12,chembl,active
CC(C)(C)c1ccc(CN2CCCC[C@H](NC(=O)c3ccc(OP(=O)(O)O)cc3)C2=O)cc1,chembl,active
CC(=O)N[C@@H](Cc1ccc(OP(=O)(O)O)cc1)C(=O)N[C@H]1CCCCN(Cc2ccc(C(C)(C)C)cc2)C1=O,chembl,active
O=C(N[C@H]1CCCCN(C/C=C/c2ccccc2)C1=O)c1ccc(OP(=O)(O)O)cc1,chembl,active
CC(C)n1nc(-c2ccc(NS(C)(=O)=O)cc2)c2c(N)ncnc21,chembl,active
COc1cc(Oc2ccnc3cc(OC)c(OC)cc23)ccc1NC(=O)NC(C)c1nccs1,chembl,active
CC(Cn1ncc2c(Nc3cccc(F)c3)nc(SCCN3CCOCC3)nc21)c1ccccc1,chembl,active
Nc1ncnc2c1c(-c1ccc(Oc3ccccc3)cc1)cn2C1CCNC1,chembl,active
Fc1cccc(Nc2ncnc3c2cnn3CC(Cl)c2ccccc2)c1,chembl,active
CC(=O)N1CCN([C@H]2C[C@@H](n3cc(-c4cc(O)ccc4F)c4c(N)ncnc43)C2)CC1,chembl,active
OC(Cn1ncc2c(NCCc3ccccc3)ncnc21)c1ccccc1,chembl,active
OCCNc1nc(NCCc2ccccc2)c2cnn(/C=C\c3ccccc3)c2n1,chembl,active
CSc1nc(N2CCCCC2)c2cnn(CC(Cl)c3ccccc3)c2n1,chembl,active
Cc1noc([C@H]2C3CCC(CC3)[C@@H]2Nc2nc(-c3c[nH]c4ncc(F)cc34)ncc2F)n1,chembl,active
Cn1ccc2cc(-c3nc(C(C)(C)C)n4ccnc(N)c34)ccc21,chembl,active
COc1ccc(-c2cnn3c(N)c(-c4nccs4)c(OC4CCN(C)CC4)nc23)cc1OC,chembl,active
Cc1cccc(Nc2nc(N3CCNCC3)nc3[nH]cnc23)c1,chembl,active
C(=C\n1ncc2c(NCc3ccccc3)ncnc21)\c1ccccc1,chembl,active
OC(Cn1ncc2c(NCc3ccccc3)ncnc21)c1ccccc1,chembl,active
Cc1ccc(O)cc1CC[C@@H]1[C@@H](O)CC[C@]2(C)[C@@H]([C@H](C)/C=C/CC(C)C)CC[C@@H]12,chembl,active
O=C(NC1CCCC1)C(c1ccc(F)cc1)N(C(=O)CCl)C1CC1,chembl,active
CN(C)CC(=O)N1CCC(c2ccc(NC(=O)c3nc(C#N)c[nH]3)c(C3=CCCCC3)c2)CC1.Cl,chembl,active
Nc1ccc(Nc2[nH]nc3ncnc(Nc4cccc(Cl)c4)c23)cc1,chembl,active
COc1cc(-c2ccc3c(c2)NC(=O)/C3=C\c2c[nH]c3ncccc23)ccc1O,chembl,active
CN1CCC(Nc2ccc(C(=O)Nc3cc(-c4cc(C#N)cs4)n[nH]3)cc2)CC1,chembl,active
CCOc1ccc2cc(-c3nn(C)c4ncnc(N)c34)ccc2c1,chembl,active
CCOC(Cn1nc(-c2cnc3[nH]ccc3c2)c2c(N)ncnc21)OCC,chembl,active
COc1ccc(Nc2nc(N3CCNCC3)nc3[nH]cnc23)cc1,chembl,active
N#Cc1ccccc1-c1ccc(CN2CCSC[C@H](NC(=O)c3ccc(OP(=O)(O)O)cc3)C2=O)cc1,chembl,active
Cc1c(NC(=O)c2ccc(C(C)(C)C)cc2)cccc1-c1nc(Nc2ccc(C(=O)N3CCOCC3)cc2)c2nc[nH]c2n1,chembl,active
O=C1NC(=O)c2c1c(-c1ccccc1Cl)cc1c2c2cc(O)ccc2n1CC(O)CO,chembl,active
COc1cccc(-c2cn(-c3cccc(C(=O)Nc4ccc(P(=O)(O)O)c(P(=O)(O)O)c4)c3)c3ncnc(N)c23)c1,chembl,active
N#CCc1c(SSc2[nH]c3ccccc3c2CC#N)[nH]c2ccccc12,chembl,active
ClC(Cn1ncc2c(NC3CCCCC3)ncnc21)c1ccccc1,chembl,active
Nc1ncnc2c1c(-c1ccccc1)cn2CCC(CO)CO,chembl,active
COc1cc(Nc2c(C#N)cnc3ccsc23)c(Cl)cc1Cl,chembl,active
N#C/C(=C\c1cccc(-n2cc(-c3ccc(Cl)cc3)c3c(N)ncnc32)c1)C(=O)N1CCC1,chembl,active
O=C(O)CN1CCN(c2cc(-c3cnc4ccc(N5CCC[C@@H]5c5cccc(F)c5)nn34)ccn2)CC1,chembl,active
CCOc1ccc2cc(-c3nn(C(C)(C)CCO)c(N)c3C(N)=O)cnc2c1,chembl,active
CNC(=O)[C@H]1C2CCC(CC2)[C@@H]1Nc1nc(-c2c[nH]c3ncc(F)cc23)ncc1F,chembl,active
Cc1c(-c2cccc(OCc3ccccc3)c2)c2c(N)ncnc2n1C1CCC(N2CCCC2)CC1,chembl,active
CSc1nc(N2CCCCC2)c2ccn(Cc3ccc(F)cc3)c2n1,chembl,active
CSc1nc(NC2CC2)c2cnn(CC(Cl)c3ccccc3)c2n1,chembl,active
CCCCNc1nc(SCCC)nc2c1cnn2CC(Cl)c1ccccc1,chembl,active
CCCNc1nc(SC)nc2c1cnn2CC(Br)c1ccccc1,chembl,active
CN1CCC(n2c(=O)c(-c3c(F)cccc3F)cc3cnc(Nc4ccc(F)cn4)cc32)CC1,chembl,active
Cc1cccc(Nc2nc(N3CCN(CCO)CC3)nc3[nH]cnc23)c1,chembl,active
CSc1nc(N2CCOCC2)c2cnn(CC(Br)c3ccccc3)c2n1,chembl,active
Cn1c(SSc2c(C(=O)c3ccccc3)c3ccccc3n2C)c(C(=O)c2ccccc2)c2ccccc21,chembl,active
CN(C)CCCc1c(/C=C2\C(=O)Nc3ccc(S(=O)(=O)N(C)C)cc32)[nH]c2c1CCCC2,chembl,active
Cc1cn(-c2cc(NC(=O)c3ccc(C)c(Oc4cccc5ccncc45)c3)cc(N3CCN(C)CC3)c2)cn1,chembl,active
CCCNc1nc(SC)nc2c1cnn2CC(Cl)c1ccc(F)cc1,chembl,active
O=C(N[C@H]1CSCCN(CCCc2ccccc2)C1=O)c1ccc(OP(=O)(O)O)cc1,chembl,active
COc1cc2ncnc(Nc3cccc(Cl)c3)c2cc1OC,chembl,active
CC(=O)NC(Cc1ccc(OP(=O)(O)O)cc1)C(=O)N[C@@H](C)c1ccc(OCC2CCCCC2)c(C(N)=O)c1,chembl,active
COc1cc2ncnc(Nc3cc(OC)c(OC(C)(C)C)c(OC)c3)c2cc1OC,chembl,active
CCCCCN(CCCCC)C(=O)[C@H](C)NC(=O)[C@@H](NC(=O)[C@H](Cc1ccc(OP(=O)(O)O)cc1)NC(C)=O)C(C)C,chembl,active
COc1cc(Nc2c(C#N)cnc3cc(C#Cc4ncccc4CN(C)C)c(OC)cc23)c(Cl)cc1Cl,chembl,active
CC(C)n1nc(-c2ccc3nc(Cl)ccc3c2)c2c(N)ncnc21,chembl,active
CC(C)n1nc(-c2ccc3nccc(N)c3c2)c2c(N)ncnc21,chembl,active
CC(C)(C)Cn1nc(-c2ccc3ccccc3c2)c(C(N)=O)c1N,chembl,active
C=CC(=O)Nc1cccc(Cc2nn(C(C)C)c3ncnc(N)c23)c1,chembl,active
Cc1ccc(NC(=O)c2cn(CCNS(=O)(=O)c3ccc(F)cc3C)nn2)cc1Nc1nccc(-c2cccnc2)n1,chembl,active
CN(C)c1ccc(C(=O)Nc2cc(-c3ccncc3)c[nH]c2=O)cc1,chembl,active
Cc1ccc(Nc2nccc(N(C)c3ccc4c(C)n(C)nc4c3)n2)cc1S(N)(=O)=O,chembl,active
CSc1nc(NCCc2ccccc2)c2cnn(CC(Cl)c3ccc(Cl)cc3)c2n1,chembl,active
CC(C)Nc1ncnc2c1cnn2CC(Br)c1ccccc1,chembl,active
CN(C)C/C=C/C(=O)Nc1cc2c(Nc3ccc(F)c(Cl)c3)ncnc2cc1O[C@H]1CCOC1,chembl,active
O=C(c1ccc(/C=C/c2n[nH]c3ccccc23)cc1)N1CCNCC1,chembl,active
O=C(N[C@H]1CSCCN(C/C=C/c2ccccc2)C1=O)c1ccc(OP(=O)(O)O)cc1,chembl,active
CSc1nc(NCc2ccc(F)cc2)c2cnn(CC(C)c3ccccc3)c2n1,chembl,active
CS(=O)(=O)NCc1cccc(-c2ccc(C(=O)NNC(=O)C(=O)c3c[nH]c4ccccc34)cc2)c1,chembl,active
CSc1nc(NCCc2ccccc2)c2cnn(CC(Br)c3ccccc3)c2n1,chembl,active
CONC(=O)CCc1c(SSc2[nH]c3ccccc3c2CCC(=O)NOC)[nH]c2ccccc12,chembl,active
C#CCCC(=O)N1CCN(c2cc(Nc3cc(C4CC4)[nH]n3)nc(C)n2)CC1,chembl,active
ClC(Cn1ncc2c(NCc3ccccc3)nc(SCCN3CCOCC3)nc21)c1ccccc1,chembl,active
O=C(Nc1nnc(CCc2ccccc2)s1)c1ccccc1,chembl,active
Cc1cc(-c2cccc(NS(C)(=O)=O)c2)cc2nnc(Nc3ccc(S(=O)(=O)NCCN4CCCC4)cc3)nc12,chembl,active
O=C(CCc1c(SSc2[nH]c3ccccc3c2CCC(=O)NCc2ccccc2)[nH]c2ccccc12)NCc1ccccc1,chembl,active
CCCCNc1ncnc2c1cnn2CC(Br)c1ccccc1,chembl,active
Cc1cccc(Nc2nccc(-c3nccs3)n2)c1,chembl,active
CCN1CCN(c2ccc(Nc3cc(N(C)C(=O)Nc4c(Cl)c(OC)cc(OC)c4Cl)ncn3)cc2)CC1,chembl,active
CCN1CCN(c2ccc(Nc3cc(N(C)C(=O)Nc4c(Cl)c(OC)cc(OC)c4Cl)ncn3)cc2)CC1.O=P(O)(O)O,chembl,active
O=c1c(-c2c(F)cccc2F)cc2cnc(Nc3ccc(F)cn3)cc2n1[C@H]1CCNC1,chembl,active
COCCn1c(=O)c(C(C)C)cc2cnc(Nc3ccc(F)cn3)cc21,chembl,active
COCCn1c(=O)c(-c2c(F)cccc2F)cc2cnc(Nc3ccc(F)cn3)cc21,chembl,active
CN1CCC(n2c(=O)c(-c3c(F)cccc3F)cc3cnc(Nc4ccc(F)cn4)cc32)C1,chembl,active
CCn1c(=O)c(-c2ccccc2F)cc2cnc(Nc3ccc(F)cn3)cc21,chembl,active
COc1cc(Nc2nn3c(NC[C@H](C)N)cc(C)nc3c2C(N)=O)cc(OC)c1,chembl,active
CCn1c(=O)c(-c2ccccc2)cc2cnc(Nc3ccc(NCCN(C)C)cn3)cc21,chembl,active
CCn1c(=O)c(-c2ccccc2)cc2cnc(Nc3ccc(OCCN(C)C)cn3)cc21,chembl,active
CCn1c(=O)c(-c2ccccc2)cc2cnc(Nc3nccs3)cc21,chembl,active
CCn1c(=O)c(C(C)=O)cc2cnc(Nc3ccc(C)cn3)cc21,chembl,active
COc1cc2nc(Nc3cc(C)[nH]n3)nc(Nc3ccc(-c4nc5ccccc5s4)cc3)c2cc1OC,chembl,active
CC(C)n1nc(-c2ccc3nonc3c2)c2c(N)ncnc21,chembl,active
N#Cc1cnc2cnc(NCCN3CCOCC3)cc2c1Nc1ccc(Sc2ccccc2)cc1,chembl,active
COc1cc2c(Nc3ncc(CC(=O)Nc4cccc(F)c4)s3)ncnc2cc1OCCCN1CCC(CO)CC1,chembl,active
ClC(Cn1ncc2c(NCc3ccccc3)ncnc21)c1ccccc1,chembl,active
O=C(Nc1cccc(Nc2nccc(-c3cccnc3)n2)c1)c1cccs1,chembl,active
Fc1ccc(C(Cl)Cn2ncc3c(NCc4ccncc4)ncnc32)cc1,chembl,active
O=C(N[C@H]1CCCCN(Cc2ccc(C(=O)c3ccccc3)cc2)C1=O)c1ccc(OP(=O)(O)O)cc1,chembl,active
CCCNc1nc(S(C)(=O)=O)nc2c1cnn2/C=C\c1ccccc1,chembl,active
COC(=O)c1cc2cc(NCc3cc4nc[nH]c4cc3C)cnc2[nH]1,chembl,active
CSc1nc(NCc2ccccc2)c2cnn(CC(Cl)c3ccc(Cl)cc3)c2n1,chembl,active
Oc1cccc(Nc2ccnc3[nH]c4ccccc4c23)c1,chembl,active
CCn1c(=O)c(C#CCOC)cc2cnc(Nc3ccc(C)cn3)cc21,chembl,active
CCN(CC)CCOc1ccc(Nc2cc3c(cn2)cc(-c2ccccc2)c(=O)n3C2CCC2)nc1,chembl,active
CCCCNc1nc(SC)nc2c1ccn2Cc1ccc(F)cc1,chembl,active
CCn1c(=O)c(-c2ccccc2)cc2cnc(Nc3ncc(C)s3)cc21,chembl,active
CC(C)n1nc(-c2cccc(CC#N)c2)c2c(N)ncnc21,chembl,active
CCn1c(=O)c(-c2ccccc2)cc2cnc(Nc3cnccn3)cc21,chembl,active
CCn1c(=O)c(-c2ccccc2)cc2cnc(Nc3cc(N4CCN(CCO)CC4)nc(C)n3)cc21,chembl,active
O=C(CS(=O)(=O)c1ccc(Cl)cc1)N/N=C/c1cc(C(=O)O)c(Nc2ccc(I)cc2F)c(F)c1F,chembl,active
CCN(CC)CCOc1cnc(Nc2cc3c(cn2)cc(-c2ccccc2)c(=O)n3CC)nc1,chembl,active
Nc1ncnc2c1c(-c1ccc3cc(OCc4ccccc4)ccc3c1)nn2CC1CCNCC1,chembl,active
CSc1nc(NCc2ccccc2Cl)c2cnn(CC(Cl)c3ccccc3)c2n1,chembl,active
Cl.Nc1ncnc2c1c(-c1ccc3cc(OCc4ccccc4)ccc3c1)nn2CC1CCNCC1,chembl,active
CCOc1cc(Nc2c(C#N)cnc3cc(/C=C/c4ccncc4)ccc23)c(Cl)cc1Cl,chembl,active
CCOC(=O)c1ccc(Nc2ncnc3cc4oc(=O)n(CCCN5CCOCC5)c4cc23)cc1,chembl,active
NS(=O)(=O)[C@H]1C2CCC(CC2)[C@@H]1Nc1nc(-c2c[nH]c3ncc(F)cc23)ncc1F,chembl,active
CS(=O)(=O)[C@H]1C2CCC(CC2)[C@@H]1Nc1nc(-c2c[nH]c3ncc(F)cc23)ncc1F,chembl,active
Nc1n[nH]c2cccc(-c3ccc(Br)cc3)c12,chembl,active
Cn1c(SSc2c(C(=O)Nc3ccccc3)c3ccccc3n2C)c(C(=O)Nc2ccccc2)c2ccccc21,chembl,active
CCn1nc(C#Cc2cc(C(=O)Nc3ccc(CN4CCN(C)CC4)c(C(F)(F)F)c3)ccc2O)c2c(N)ncnc21,chembl,active
CCCNc1ncnc2c1cnn2CC(Cl)c1ccccc1,chembl,active
BrC(Cn1ncc2c(NCc3ccccc3)ncnc21)c1ccccc1,chembl,active
COc1cc(-c2nn([C@H]3CC[C@H](N4CCN(C)CC4)CC3)c3ncnc(N)c23)ccc1NS(=O)(=O)c1ccccc1,chembl,active
Cc1c(-c2ccc(C(N)=O)c3[nH]c4cc(C(C)(C)O)ccc4c23)cccc1-n1cnc2ccccc2c1=O,chembl,active
NC(=O)c1c(-c2ccc(Oc3ccc(F)cc3F)cc2)nn([C@@H]2CCCN(C(=O)/C=C/CF)C2)c1N,chembl,active
CC(=O)N[C@@H](Cc1ccc(OP(=O)(O)O)cc1)C(=O)N[C@@H](CCC(=O)O)C(=O)NCCC1=CC=CC2CCCCC12,chembl,active
C=CS(=O)(=O)Nc1cccc(Cc2nn(C)c3ncnc(N)c23)c1,chembl,active
OCCN1CCN(c2nc(Nc3ccccc3)c3nc[nH]c3n2)CC1,chembl,active
COc1ccc(-c2nn(C[C@@H](C)CO)c3ncnc(N)c23)cc1OC,chembl,active
CC(C)n1nc(-c2cccc(C(=O)NC3=NCCS3)c2)c2c(N)ncnc21,chembl,active
O=C(CC1C(S)=Nc2ccccc21)NCc1ccccc1,chembl,active
NS(=O)(=O)c1ccc(Nc2ncc(-c3ccc(O)c(O)c3)o2)cc1,chembl,active
CC(=O)NC(Cc1ccc(OCC(=O)O)c(P(=O)(O)O)c1)C(=O)NC(C)(C)c1ccc(OCC2CCCCC2)c(C(N)=O)c1,chembl,active
CN1CCN(C(=O)Cn2c(-c3ccc(Cl)cc3)csc2=N)CC1,chembl,active
CSc1nc(NCCc2ccccc2)c2cnn(CC(Cl)c3ccc(F)cc3)c2n1,chembl,active
Cc1nc2c(c(C)c1O)CC(=O)N2,chembl,active
CSc1nc(N2CCOCC2)c2cnn(CC(Cl)c3ccc(Cl)cc3)c2n1,chembl,active
c1cc(-c2cnc3c(-c4cn[nH]c4)cnn3c2)ccc1OCCN1CCOCC1,chembl,active
CCOc1ccc2cc(-c3nn(CCC4CCNCC4)c4ncnc(N)c34)ccc2c1.Cl,chembl,active
Cc1cccc(C)c1Nc1nccn2cncc12,chembl,active
CCOc1ccc2cc(-c3nn(C(C)C)c(N)c3C(N)=O)ccc2n1,chembl,active
CSc1nc(N2CCOCC2)c2cnn(CC(Cl)c3ccc(F)cc3)c2n1,chembl,active
CN(C)CCCc1c(/C=C2\C(=O)Nc3ccccc32)[nH]c2c1CCCC2,chembl,active
CC[C@@H](C)[C@H](NC(=O)[C@H](CCC(=O)O)NC(=O)[C@@H]1CCC(=O)N[C@@H](Cc2ccc(OP(=O)(O)O)cc2)C(=O)N1)C(=O)O,chembl,active
CC(C)n1nc(-c2ccc3nc(OC4CCC4)ccc3c2)c(C(N)=O)c1N,chembl,active
CC(C)(C)OC(=O)NCC(=O)Oc1c(-c2ccc(O)c(O)c2)oc2cc(O)cc(O)c2c1=O,chembl,active
C=C(C)C(=O)N1CCC[C@@H](n2nc(-c3ccc(Oc4ccc(F)cc4F)cc3)c(C(N)=O)c2N)C1,chembl,active
Oc1cc2c3ccc(O)c(O)c3n(Cc3ccc(Br)cc3)c2cc1O,chembl,active
C/C=C/C(=O)N1CCC[C@@H](n2nc(-c3ccc(Oc4ccc(F)cc4F)cc3)c(C(N)=O)c2N)C1,chembl,active
CC(=O)N[C@@H](Cc1ccc(C(F)(F)P(=O)(O)O)cc1)C(=O)N[C@@H](CCC(=O)O)C(=O)N(C)CCCC1CCCCC1,chembl,active
Cc1ccc2cc(C(=O)c3cnn(-c4ccc5nc(C)[nH]c5c4)c3N)[nH]c2c1,chembl,active
CC(=O)c1cccc(-c2nn(C(C)C)c3ncnc(N)c23)c1,chembl,active
OCC(O)[C@H]1C2CCC(CC2)[C@@H]1Nc1nc(-c2c[nH]c3ncc(F)cc23)ncc1F,chembl,active
COc1cc(Nc2nccc(-c3nc(CO)cs3)n2)cc(C(F)(F)F)c1,chembl,active
C[C@@H](O)[C@H](NC(=O)OC(C)(C)C)C(=O)Oc1c(-c2ccc(O)c(O)c2)oc2cc(O)cc(O)c2c1=O,chembl,active
CS(=O)(=O)CCNCc1ccc(-c2ccc3ncnc(Nc4ccc(OCc5cccc(F)c5)c(Cl)c4)c3c2)o1,chembl,active
CC(=O)N[C@@H](Cc1ccc(OP(=O)(O)O)cc1)C(=O)N[C@@H](CCC(=O)O)C(=O)N(C)CCCc1ccccc1,chembl,active
CCOc1ccc2cc(-c3nn(C(C)CCO)c(N)c3C(N)=O)cnc2c1,chembl,active
CCS(=O)(=O)Nc1cccc(Cc2nn(C(C)C)c3ncnc(N)c23)c1,chembl,active
C=CC(=O)N1CC[C@@H](NC(=O)c2sc3nccc4c3c2NC(=O)N4c2ccc(Oc3ccccc3)cc2C)C1,chembl,active
Cc1cc(Nc2nccc(-c3nc(C)c(CCO)s3)n2)cc(C(F)(F)F)c1,chembl,active
Cc1cc(C)cc(Nc2nccc(-c3nc(C)c(CCO)s3)n2)c1,chembl,active
C=CC(=O)Nc1ccc2ncnc(Nc3ccc(C(C)C)cc3)c2c1,chembl,active
CC(=O)Oc1ccc2c(C(=O)Nc3ccccc3)c(SSc3c(C(=O)Nc4ccccc4)c4ccc(OC(C)=O)cc4n3C)n(C)c2c1,chembl,active
Cn1c(SSc2c(C(=O)Nc3ccccc3C(=O)O)c3ccccc3n2C)c(C(=O)Nc2ccccc2C(=O)O)c2ccccc21,chembl,active
CC(C)n1nc(-c2ccc3[nH]c(=O)[nH]c3c2)c2c(N)ncnc21,chembl,active
COc1cc(Nc2nn3c(N[C@@H](C)CO)cc(C)nc3c2C(N)=O)cc(OC)c1,chembl,active
COC(=O)CCc1c(SSc2[nH]c3ccccc3c2CCC(=O)OC)[nH]c2ccccc12,chembl,active
CCCCCCN(CCCCCC)C(=O)[C@H](C)NC(=O)[C@@H](NC(=O)[C@H](Cc1ccc(OP(=O)(O)O)cc1)NC(C)=O)C(C)C,chembl,active
Nc1ccc2c(c1)C(=O)/C(=C/c1cc(Cl)c(O)c(Cl)c1)C2=O,chembl,active
Cc1c(O)c(O)c(O)c2c1COC2=O,chembl,active
Nc1ncnc2c1c(-c1cccc(OCc3ccccc3)c1)cn2[C@H]1C[C@H](N2CCC2)C1,chembl,active
C=CC(=O)Nc1ccccc1Nc1nc(Nc2ccc(N3CCOCC3)cc2OC)ncc1C(=O)Nc1c(C)cccc1Cl,chembl,active
CN(C)c1nc(N2CCOCC2)c2cnn(CC(Cl)c3ccccc3)c2n1,chembl,active
Cc1ccc(C)n1-c1ccc(C(=O)NNC(=O)C(=O)c2c[nH]c3ccccc23)cc1,chembl,active
CC(=O)NC(Cc1ccc(OCC(=O)O)c(P(=O)(O)O)c1)C(=O)N[C@@H](C)c1ccc(OCC2CCCCC2)c(C(N)=O)c1,chembl,active
CCSc1nc(N2CCOCC2)c2cnn(CC(Cl)c3ccccc3)c2n1,chembl,active
COc1ccc2c(C(=O)Nc3ccccc3)c(SSc3c(C(=O)Nc4ccccc4)c4ccc(OC)cc4n3C)n(C)c2c1,chembl,active
Cc1cc(-c2c(Cl)cccc2Cl)cc2nnc(N)nc12,chembl,active
COc1cccc2c(C(=O)Nc3ccccc3)c(SSc3c(C(=O)Nc4ccccc4)c4cccc(OC)c4n3C)n(C)c12,chembl,active
NC(=O)C1=C(c2ccccc2)c2ccccc2C1=O,chembl,active
CCN1CCN(c2ccc(-c3nn(CC4CCCC4)c4nc(NC)ncc34)cn2)CC1,chembl,active
CCCNc1nc(SCCC)nc2c1cnn2CC(Cl)c1ccccc1,chembl,active
COc1cc(Nc2nccc(-c3ncc(C)s3)n2)cc(C(F)(F)F)c1,chembl,active
COc1ccc2c(c1)Cc1c(O)ncnc1N2,chembl,active
CSc1nc(NCc2ccccc2)c2cnn(CC(Cl)c3ccccc3)c2n1,chembl,active
COc1ccc(CCNc2ncc(C(=O)NCCCN3CCCC3=O)c(NC3CCCC3)n2)cc1OC,chembl,active
CCCCCC(=O)Nc1cccc(Nc2nccc(-c3cccnc3)n2)c1,chembl,active
COc1ccc(Cl)c(Nc2ncnc3cc(OC)cc(OC)c23)c1,chembl,active
COc1ccc(-c2cnc(Nc3ccccc3)c3cncn23)cc1,chembl,active
O=C(Cc1c(SSc2[nH]c3ccccc3c2CC(=O)NCc2ccccc2)[nH]c2ccccc12)NCc1ccccc1,chembl,active
COc1cc(OC)cc(-c2cc3cnc(NC(C)=O)cc3nc2NC(=O)NC(C)(C)C)c1,chembl,active
N=C(N)SCCCn1c(=O)c2c(c1=O)n1c3ccccc3cc1c1cccc3ccn2c31,chembl,active
Cc1ccc(NC(=O)c2cccc(C(F)(F)F)c2)cc1/C=C/n1cnc2c(Nc3ccc(P(C)(C)=O)cc3)ncnc21,chembl,active
CC(C)COc1ccc2cc(-c3nn(CC4CCN(C)CC4)c4ncnc(N)c34)ccc2c1,chembl,active
CCCNc1nc(SCCN2CCOCC2)nc2c1cnn2CC(Cl)c1ccccc1,chembl,active
Cc1ccc(C(=O)Nc2cccc(C(F)(F)F)c2)cc1NC(=O)c1cncnc1,chembl,active
CN(C)CCNc1nc2sc(C(=O)N/N=C/c3cccn3C)c(N)c2cc1Cc1ccccc1,chembl,active
O=C1C(O)=C(c2cc(O)c(O)c(O)c2)C(=O)C(O)=C1c1ccccc1,chembl,active
COc1ccc(-c2nn(C[C@H](C)CO)c3ncnc(N)c23)cc1OC,chembl,active
Clc1ccc(C(Cl)Cn2ncc3c(NCc4ccncc4)ncnc32)cc1,chembl,active
Cn1c(SSc2c(C(=O)Nc3ccccc3)c3cc(O)ccc3n2C)c(C(=O)Nc2ccccc2)c2cc(O)ccc21,chembl,active
CCOc1ccc2cc(-c3nc(C(C)(C)C)n4ccnc(N)c34)ccc2c1,chembl,active
CC(=O)N[C@@H](Cc1ccc(OP(=O)(O)O)cc1)C(=O)N[C@@H](Cc1ccc(OP(=O)(O)O)cc1)C(=O)NCCCc1ccccc1,chembl,active
OCc1csc(-c2ccnc(Nc3cc(O)cc(C(F)(F)F)c3)n2)n1,chembl,active
Cc1cccc(Nc2nccc(Nc3c(NC(C)C(C)(C)C)c(=O)c3=O)n2)c1,chembl,active
O=C(O)c1cnc2c(cnn2/C=C/c2ccccc2)c1NCc1ccccc1,chembl,active
NC(=O)C[C@H](N)C(=O)NCc1cc(C(=O)O)c(Nc2ccc(I)cc2F)c(F)c1F,chembl,active
COc1ccc(C2=C(C(N)=O)C(=O)c3ccccc32)cc1,chembl,active
CC(=O)Nc1cccc(-c2cc(C)c3nc(Nc4ccc(OCCN5CCCC5)cc4)nnc3c2)c1,chembl,active
N#Cc1cnc2cnc(NCCN3CCOCC3)cc2c1Nc1ccc(Cc2ccccc2)cc1,chembl,active
CC(=O)N[C@@H](Cc1ccc(OP(=O)(O)O)cc1)C(=O)NC(CCC(=O)O)C(=O)N[C@@H](Cc1c[nH]c2ccccc12)C(N)=O,chembl,active
CSc1nc(NCCc2ccccc2Cl)c2cnn(CC(Cl)c3ccccc3)c2n1,chembl,active
Cn1c(SSc2c(C(=O)c3ccc(C(=O)O)cc3)c3ccccc3n2C)c(C(=O)c2ccc(C(=O)O)cc2)c2ccccc21,chembl,active
COc1ccc(CNc2nc(SC)nc3c2cnn3CC(Cl)c2ccccc2)cc1,chembl,active
COc1cccc(-c2cn(-c3cccc(C(=O)O)c3)c3ncnc(N)c23)c1,chembl,active
COc1cc(Nc2c(C#N)cnc3cc(-c4ccccc4CN4CCOCC4)ccc23)c(Cl)cc1Cl,chembl,active
COc1ccc(CCNc2nc(SC)nc3c2cnn3CC(Cl)c2ccccc2)cc1,chembl,active
O=C(c1ccccc1)n1c2cc(O)c(O)cc2c2cc(O)c(O)cc21,chembl,active
Nc1ncnc2c1c(-c1cccc(OCc3ccccc3)c1)cn2[C@H]1C[C@@H](CN2CCC2)C1,chembl,active
C=CC(=O)Nc1ccccc1Nc1nc(Nc2ccc(N3CCN(C)CC3)cc2)ncc1C(=O)Nc1cc(C)cc(Cl)c1,chembl,active
CCOc1cc2ncc(C#N)c(Nc3ccc(OCc4ccccn4)c(Cl)c3)c2cc1NC(=O)/C=C/CN(C)C,chembl,active
CCCNc1nc(N(C)C)nc2c1cnn2CC(Cl)c1ccccc1,chembl,active
CSc1nc(Nc2cccc(Br)c2)c2cnn(CC(Cl)c3ccc(F)cc3)c2n1,chembl,active
CC(C)(C)n1nc(-c2ccc3ncccc3c2)c2c(N)ncnc21.Cl,chembl,active
C=CC(=O)N1CCC[C@@H](n2nc(-c3ccc(Oc4ccc(F)cc4F)cc3)c(C(N)=O)c2N)C1,chembl,active
COc1cc(SC)ccc1C(=O)Nc1nnc(CCc2ccccc2)s1,chembl,active
CCn1c(=O)c2cc(O)c(O)cc2c2cc(O)c(O)cc21,chembl,active
Cc1cccc(-c2cc3cnc(N)nc3nc2NC(=O)NC(C)(C)C)c1C,chembl,active
CC(C)C[C@H](NC(=O)OC(C)(C)C)C(=O)Oc1c(-c2ccc(O)c(O)c2)oc2cc(O)cc(O)c2c1=O,chembl,active
CC(C)(C)n1nc(-c2ccc3ncccc3c2)c2c(N)ncnc21,chembl,active
CN(C)c1nc(NCc2ccccc2)c2cnn(CC(Cl)c3ccccc3)c2n1,chembl,active
CCN1CCC(CCn2nc(Cc3cccc4ccccc34)c3c(N)ncnc32)CC1,chembl,active
COC(=O)c1ccc(NC(=O)c2c(SSc3c(C(=O)Nc4ccc(C(=O)OC)cc4)c4ccccc4n3C)n(C)c3ccccc23)cc1,chembl,active
Cn1c(SSc2c(C(=O)Nc3ccc(C(=O)O)cc3)c3ccccc3n2C)c(C(=O)Nc2ccc(C(=O)O)cc2)c2ccccc21,chembl,active
O=C1NN(c2ccc(I)cc2)C(=O)/C1=C\c1ccccc1,chembl,active
Nc1ncnc2c1c(-c1ccc(Cl)cc1)nn2-c1cccc(-c2cnnn2Cc2ccc(/C=C/C(=O)NO)cc2)c1,chembl,active
CCCC(NC(=O)[C@H](Cc1ccc(OP(=O)(O)O)cc1)NC(C)=O)C(=O)N(CCCC(=O)O)CCCc1ccccc1,chembl,active
CC(C)n1nc(-c2ccc(C#N)c(F)c2)c2c(N)ncnc21,chembl,active
CC(C)(C)NC(=O)Nc1nc2nc(N)ncc2cc1-c1cccc(Cl)c1Cl,chembl,active
COc1cc(C2=C(c3cn(COC(C)(C)C)c4ccccc34)CNC2=O)cc(OC)c1OC,chembl,active
COc1cccc(NC(=O)c2ccc(C)c(Nc3nc4ccccc4n3-c3cc(N)ncn3)c2)c1,chembl,active
CN1CCN(Cc2ccc(-c3cnc4[nH]cc(-c5ccc6[nH]ccc6c5)c4c3)cc2)CC1,chembl,active
Cc1cc(C=C2C(=O)C=CC2=O)cc(C)c1O,chembl,active
CC(C)(C)NC(=O)Nc1nc2cc(N)ncc2cc1-c1ccccc1,chembl,active
Cc1cn(-c2cc(NC(=O)c3ccc(C)c(Nc4nccc(-c5ccccc5)n4)c3)cc(N3CCNCC3)c2)cn1,chembl,active
O=C(CCc1c(SSc2[nH]c3ccccc3c2CCC(=O)Nc2ccccc2)[nH]c2ccccc12)Nc1ccccc1,chembl,active
Cc1cc(-c2cc(O)ccc2Cl)cc2nnc(NCCN3CCCC3)nc12,chembl,active
COc1cc(C2=C(c3cn(COCC[Si](C)(C)C)c4ccccc34)CNC2=O)cc(OC)c1OC,chembl,active
CN1CCN(Cc2ccc(NC(=O)Nc3ccc(Nc4ccc5ncccc5c4)cc3)cc2C(F)(F)F)CC1,chembl,active
O=C(N[C@H]1CCCCN(CCCc2ccccc2)C1=O)c1ccc(OP(=O)(O)O)cc1,chembl,active
Cn1c(SSc2c(C(=O)Nc3ccccc3)c3cc(C#N)ccc3n2C)c(C(=O)Nc2ccccc2)c2cc(C#N)ccc21,chembl,active
O=C(NNC(=O)c1ccc(I)cc1)C(=O)c1c[nH]c2ccccc12,chembl,active
COc1cc2nccc(Oc3ccccc3C(=O)c3ccccc3)c2cc1OC,chembl,active
CSc1nc(NCc2ccc(F)cc2)c2cnn(CC(Cl)c3ccccc3)c2n1,chembl,active
NC(=O)c1c(-c2ccc(Oc3ccc(F)cc3F)cc2)nn([C@@H]2CCCN(C(=O)/C=C/CO)C2)c1N,chembl,active
OC1CCN(c2cc(-c3cnc4ccc(N5CCC[C@@H]5c5cccc(F)c5)nn34)ccn2)CC1,chembl,active
CC(=O)c1cccc(Cc2nn(C(C)C)c3ncnc(N)c23)c1,chembl,active
CCc1ccccc1CCNC(=O)[C@H](CCC(=O)O)NC(=O)[C@H](Cc1ccc(OP(=O)(O)O)cc1)NC(C)=O,chembl,active
N#Cc1ccc(-c2cnc3ccc(NCc4ccccc4)nn23)cc1,chembl,active
O=C(NNc1nc2c(cnn2-c2ccccc2)c(=O)n1-c1ccccc1)c1ccccc1,chembl,active
Cc1ccc(NC(=O)c2cccc(C(F)(F)F)c2)cc1/C=C/n1cnc2c(Nc3ccncc3)ncnc21,chembl,active
CSc1nc(N2CCOCC2)c2ccn(Cc3ccc(F)cc3)c2n1,chembl,active
CCOc1ccc2cc(-c3nn(C(C)(C)CO)c(N)c3C(N)=O)cnc2c1,chembl,active
Cc1ccc(-c2csc(=N)n2CC(=O)N2CCN(C)CC2)cc1,chembl,active
CC(=O)N[C@@H](Cc1ccc(OP(=O)(O)O)cc1)C(=O)N[C@@H](CCC(=O)O)C(=O)NCCc1cccc2ccccc12,chembl,active
Clc1ccc(C(Cl)Cn2ncc3c(NCc4ccccn4)ncnc32)cc1,chembl,active
CC(C)(C)n1nc(-c2cnc3cc(OC4CC4)ccc3c2)c(C(N)=O)c1N,chembl,active
Cc1ccc(C(=O)Nc2cccc(C(C)(C)C)c2)cc1/C=C/n1cnc2c(NC3CC3)ncnc21,chembl,active
O=C1Nc2ccccc2/C1=C/c1cc2c([nH]1)CCCC2,chembl,active
Cc1[nH]c(/C=C2\C(=O)Nc3ccc(F)cc32)c(C)c1C(=O)NC[C@H](O)CN1CCOCC1,chembl,active
C[C@H](O)[C@@H](NC(=O)OC(C)(C)C)C(=O)Oc1c(-c2ccc(O)c(O)c2)oc2cc(O)cc(O)c2c1=O,chembl,active
c1cc(Nc2nccc(-c3cccnc3)n2)cc(OCCn2ccnc2)c1,chembl,active
O=C1Nc2ccc(Br)cc2/C1=C/c1cc2c([nH]1)CCCC2,chembl,active
CC(=O)N[C@@H](Cc1ccc(C(F)(F)P(=O)(O)O)cc1)C(=O)N[C@@H](CCC(=O)O)C(=O)N[C@@H](CCC1CCCCC1)C(N)=O,chembl,active
Nc1ccc(-c2[nH]nc3ncnc(Nc4cccc(Cl)c4)c23)cc1,chembl,active
CC(=O)N[C@@H](Cc1ccc(OP(=O)(O)O)cc1)C(=O)N[C@H](C(=O)N[C@H](C)C(=O)NCCC1CCCCC1)C(C)C,chembl,active
COc1cc2ncn(-c3cc(OCc4ccccc4C(F)(F)F)c(C(N)=O)s3)c2cc1OC,chembl,active
Cc1ccc(F)c(NC(=O)Nc2ccc(-c3cccc4[nH]nc(N)c34)cc2)c1,chembl,active
Cc1cccc2[nH]c(-c3nn(C(C)C)c4ncnc(N)c34)cc12,chembl,active
CCCCNc1nc(SC)nc2c1cnn2CC(Cl)c1ccc(F)cc1,chembl,active
CCOc1ccc2cc(-c3nn(C4CCNCC4)c4ncnc(N)c34)ccc2c1,chembl,active
Nc1ncnc2c1c(-c1ccccc1)cn2-c1ccccc1CNCCO,chembl,active
CCOC(=O)C[C@@H]1C[C@H](n2cc(-c3ccccc3)c3c(N)ncnc32)CN1C(=O)OC(C)(C)C,chembl,active
Nc1ncnc2c1c(-c1ccccc1)cn2[C@H](CO)c1ccccc1,chembl,active
CCN(CC)c1ncnc2c1cnn2CC(Cl)c1ccccc1,chembl,active
CCOc1ccc2cc(-c3nn(C4CCNCC4)c4ncnc(N)c34)ccc2c1.Cl,chembl,active
COC(=O)Nc1ccc(-c2c(OC3CCN(C)CC3)nc3c(-c4ccc(OC)c(OC)c4)cnn3c2N)cc1,chembl,active
CC(=O)N[C@@H](Cc1ccc(OP(=O)(O)O)cc1)C(=O)N[C@@H](CCC(=O)O)C(=O)N[C@@H](CCC(=O)O)C(=O)N[C@@H](CC(C)C)C(N)=O,chembl,active
CCOC(=O)C[C@H]1C[C@@H](n2cc(-c3ccccc3)c3c(N)ncnc32)CN1C(=O)OC(C)(C)C,chembl,active
CSc1nc(NCCc2ccc(Cl)cc2)c2ccn(Cc3ccc(F)cc3)c2n1,chembl,active
Cc1ccc(C(=O)NCCC2CCCC2)cc1C(=O)Nc1ccc(N)nc1,chembl,active
Cc1cc2nc(Nc3ccc(S(=O)(=O)NCCN4CCCC4)cc3)nnc2cc1-c1ccccc1NS(C)(=O)=O,chembl,active
C[S+]([O-])c1ccc(-c2nc(-c3ccc(F)cc3)c(-c3ccncc3)[nH]2)cc1,chembl,active
CC(C)n1nc(-c2cccc(S(N)(=O)=O)c2)c2c(N)ncnc21,chembl,active
COc1ccc(-c2nn(C(C)C)c3ncnc(N)c23)cc1.Cl,chembl,active
Cn1c(SSc2c(C(=O)Nc3ccccc3)c3ccc(O)cc3n2C)c(C(=O)Nc2ccccc2)c2ccc(O)cc21,chembl,active
CCNC(=O)Nc1nc2cc(N)ncc2cc1-c1ccccc1,chembl,active
O=C(O)CCc1c(SSc2[nH]c3ccccc3c2CCC(=O)O)[nH]c2ccccc12,chembl,active
CCOc1ccc2cc(-c3nn(CCC4CCN(C)CC4)c4ncnc(N)c34)ccc2c1.Cl,chembl,active
CCCCCCCCCCCCOc1c(OC)cc(Nc2ncnc3cc(OC)c(OC)cc23)cc1OC,chembl,active
CC(=O)N[C@@H](Cc1ccc(C(F)(F)P(=O)(O)O)cc1)C(=O)NC(C)c1nc(SCC2CCCCC2)c(C(N)=O)n1C,chembl,active
Cn1c(SSc2c(C(=O)Nc3cccc(C(=O)O)c3)c3ccccc3n2C)c(C(=O)Nc2cccc(C(=O)O)c2)c2ccccc21,chembl,active
Clc1cccc(Nc2nc[nH]c3nnc(Nc4cccc(Cl)c4)c2-3)c1,chembl,active
CC(=O)NC[C@H]1CC[C@H](c2nc(-c3cc4ccccc4[nH]3)c3c(N)nccn32)CC1,chembl,active
O=P(O)(O)CP(=O)(O)CCCNc1nc(Nc2ccccc2)c2ncn(C3CCCC3)c2n1,chembl,active
CC(C)n1nc(-c2cc(C=O)co2)c2c(N)ncnc21,chembl,active
C=CC(=O)Nc1ccc2ncnc(Nc3ccc(C(C)(C)C)cc3)c2c1,chembl,active
CNC(=O)c1nn(C)c2c1C(C)(C)Cc1cnc(Nc3ccc(N4CCN(C)CC4)cc3)nc1-2,chembl,active
CSc1nc(NCc2cccc(F)c2)c2cnn(CC(Cl)c3ccccc3)c2n1,chembl,active
Nc1nnc2cc(-c3ccc4ccccc4c3)ccc2n1,chembl,active
COc1cc(F)ccc1-c1ncnc(Nc2cccc(C[S@](C)(=N)=O)c2)n1,chembl,active
CCSc1nc(N(CC)CC)c2cnn(CC(Cl)c3ccccc3)c2n1,chembl,active
Cn1c(SSc2c(C(=O)Nc3ccccc3)c3cccnc3n2C)c(C(=O)Nc2ccccc2)c2cccnc21,chembl,active
N#Cc1ccc2c(c1)C(c1ccccc1F)=Nc1c[nH]nc1N2,chembl,active
CCCSc1nc(N(CC)CC)c2cnn(CC(Cl)c3ccccc3)c2n1,chembl,active
Cc1ccc(C(=O)Nc2cccc(Br)c2)cc1Nc1nc2ccccc2n1-c1cc(N)ncn1,chembl,active
O=C1NN(c2ccc(Cl)c(Cl)c2)C(=O)/C1=C\c1cccc(OCc2ccccc2)c1,chembl,active
CCOc1ccc2cc(-c3nn(C(C)CCO)c(N)c3C(N)=O)ccc2n1,chembl,active
O=C1NC(=O)c2c1c1c(O)ccc(O)c1c1[nH]c3ccc(O)cc3c21,chembl,active
COC(=O)c1cccc(NC(=O)c2c(SSc3c(C(=O)Nc4cccc(C(=O)OC)c4)c4ccccc4n3C)n(C)c3ccccc23)c1,chembl,active
O=c1c2cc(O)c(O)cc2c2cc(O)c(O)cc2n1Cc1ccccc1,chembl,active
COc1cc2ncnc(Oc3ccc(NC(=O)Nc4cccc(Br)c4)cc3)c2cc1OC,chembl,active
CN(C(=O)c1c(SSc2c(C(=O)N(C)c3ccccc3)c3ccccc3n2C)n(C)c2ccccc12)c1ccccc1,chembl,active
Cc1ccc(S(=O)(=O)c2c(SSc3[nH]c4ccccc4c3S(=O)(=O)c3ccc(C)cc3)[nH]c3ccccc23)cc1,chembl,active
Nc1ncnc2c1c(-c1ccc(Oc3ccccc3)cc1)cn2[C@H]1CC[C@H](N2CCCCC2)CC1,chembl,active
c1ccc(Nc2ncc(-c3ccccc3)n3cncc23)cc1,chembl,active
CC(=O)NC(Cc1ccc(C(=O)O)c(C=O)c1)C(=O)N[C@H]1CCCCc2cc(OCC3CCCCC3)c(C(N)=O)cc21,chembl,active
CC[C@H](NC(=O)[C@H](Cc1ccc(OP(=O)(O)O)cc1)NC(C)=O)C(=O)N(C)CCCC1CCCCC1,chembl,active
CN(C)CCCn1c2ccc(O)cc2c2c3c(c(-c4ccccc4)cc21)C(=O)NC3=O,chembl,active
CCOc1ccc2cc(-c3nn(C4CCN(C)CC4)c4ncnc(N)c34)ccc2c1.Cl,chembl,active
CCCCCCc1cn(CCn2nc(-c3ccccc3)c3c(N)ncnc32)nn1,chembl,active
CCOc1ccc2cc(-c3nn(C4CCN(C)CC4)c4ncnc(N)c34)ccc2c1,chembl,active
CCOCCNc1nc(SC)nc2c1cnn2CC(Br)c1ccccc1,chembl,active
CNc1nccc(-c2cccnc2Oc2ccc(NC(=O)c3cccc(C(F)(F)F)c3)cc2C)n1,chembl,active
Cc1cccc(C)c1-c1ccc2nc(NCCCN3CCN(C)CC3)nnc2c1,chembl,active
CCCCN(CCCC)C(=O)[C@@H](C)NC(=O)[C@@H](NC(=O)[C@H](Cc1ccc(OP(=O)(O)O)cc1)NC(C)=O)C(C)C,chembl,active
CNc1ncnc(-c2cccnc2Oc2ccc(F)c(C(=O)Nc3cc(C(F)(F)F)ccc3N(C)CCCN(C)C)c2)n1,chembl,active
Cc1cccc(C)c1-c1ccc2nc(NCCN3CCN(C)CC3)nnc2c1,chembl,active
Cn1c(SSc2c(C(=O)Nc3ccccc3)c3cc(C(F)(F)F)ccc3n2C)c(C(=O)Nc2ccccc2)c2cc(C(F)(F)F)ccc21,chembl,active
CC(C)(C)c1ccc(C(=O)NNC(=O)C(=O)c2c[nH]c3ccccc23)cc1,chembl,active
CC(C)n1nc(-c2cccc(C#N)c2)c2c(N)ncnc21,chembl,active
NC(=O)c1c(-c2ccc(Oc3ccc(F)cc3F)cc2)nn([C@@H]2CCCN(C(=O)/C=C/C(F)F)C2)c1N,chembl,active
CC(=O)N[C@@H](Cc1ccccc1)C(=O)Oc1c(-c2ccc(O)c(O)c2)oc2cc(O)cc(O)c2c1=O,chembl,active
CN1CCN(CCc2ccc(Nc3ncc4c(=O)c(C(N)=O)cn(-c5ccc6c(c5)CCC6)c4n3)cc2)CC1,chembl,active
Cc1nc2ccc(-n3ncc(C(=O)c4cc5ccccc5[nH]4)c3N)cc2[nH]1,chembl,active
CC[C@@H](C)[C@H](NC(=O)[C@@H]1CCC(=O)N[C@@H](Cc2ccc(OP(=O)(O)O)cc2)C(=O)N[C@@H](CCC(=O)O)C(=O)N1)C(=O)O,chembl,active
Cc1[nH]c(/C=C2\C(=O)Nc3ccc(S(=O)(=O)Cc4c(Cl)cccc4Cl)cc32)c(C)c1C(=O)N1CCC[C@@H]1CN1CCCC1,chembl,active
CSc1nc(NCc2ccccc2)c2ccn(CC(Cl)c3ccccc3)c2n1,chembl,active
CSc1nc(NCCc2cccc(Cl)c2)c2cnn(CC(Cl)c3ccccc3)c2n1,chembl,active
Nc1nc(N)c2c(Nc3cccc(Cl)c3)[nH]nc2n1,chembl,active
Nc1[nH]cnc2nnc(Nc3cccc(Cl)c3)c1-2,chembl,active
Cn1c(SSc2c(C(=O)Nc3ccccc3)c3cc(F)ccc3n2C)c(C(=O)Nc2ccccc2)c2cc(F)ccc21,chembl,active
CCCCCCCCN(CCCCCCCC)C(=O)[C@H](C)NC(=O)[C@@H](NC(=O)[C@H](Cc1ccc(OP(=O)(O)O)cc1)NC(C)=O)C(C)C,chembl,active
COc1ccc2cc(-c3nc(C(C)(C)C)n4ccnc(N)c34)ccc2c1,chembl,active
NCCn1cc(-c2cc(-c3cc4ccccc4s3)c3[nH]ncc3c2)c2nc(N)ncc21,chembl,active
[N-]=[N+]=NCCn1nc(-c2ccccc2)c2c(N)ncnc21,chembl,active
Cc1ccc(C(=O)Nc2ccccc2)cc1Nc1nc2ccccc2n1-c1cc(N)ncn1,chembl,active
CC[C@H](NC(=O)[C@H](Cc1ccc(P(=O)(O)O)cc1)NC(C)=O)C(=O)N(C)CCCC1CCCCC1,chembl,active
ClC(Cn1ncc2c(N3CCCCC3)ncnc21)c1ccccc1,chembl,active
COc1ccccc1-c1cn(-c2ccccc2)c2ncnc(N)c12,chembl,active
CSc1nc(N2CCOCC2)c2cnn(CC(Cl)c3ccccc3)c2n1,chembl,active
Cc1ccccc1-c1cn(-c2ccccc2)c2ncnc(N)c12,chembl,active
CCOc1ccc2cc(-c3nn(CCC4CCN(CC)CC4)c4ncnc(N)c34)ccc2c1.Cl,chembl,active
CCOc1ccc2cc(-c3nn(CC(C)(C)CO)c(N)c3C(N)=O)ccc2c1,chembl,active
NC(=O)c1c(-c2ccncc2)nn(-c2c(Cl)cc(Cl)cc2Cl)c1N,chembl,active
NC(=O)c1cc(CNC(=O)c2ccc(OP(=O)(O)O)cc2)ccc1OCC1CCCCC1,chembl,active
C=C(F)C(=O)N1CCC[C@@H](n2nc(-c3ccc(Oc4ccc(F)cc4F)cc3)c(C(N)=O)c2N)C1,chembl,active
CC(=O)N[C@@H](Cc1ccc(OP(=O)(O)O)cc1)C(=O)N[C@@H](C)C(=O)N(CCCC(=O)O)CCCc1ccccc1,chembl,active
COc1nc(Nc2ccc(-c3nc4ccccc4s3)cc2)c2cc[nH]c2n1,chembl,active
C[C@H](NC(=O)OC(C)(C)C)C(=O)Oc1c(-c2ccc(O)c(O)c2)oc2cc(O)cc(O)c2c1=O,chembl,active
Cc1ccc(C(=O)Nc2cc(C(C)(C)C)on2)cc1/C=C/n1cnc2c(NC3CC3)ncnc21,chembl,active
CNC(=O)c1c(SSc2c(C(=O)NC)c3ccccc3n2C)n(C)c2ccccc12,chembl,active
COc1cc(Nc2nn3c(NC[C@@H](C)O)cc(C)nc3c2C(N)=O)cc(OC)c1,chembl,active
Nc1c(-c2ccc(F)cc2)c(-c2ccncc2)nn1-c1ccc(C(F)(F)F)cc1,chembl,active
CCCN1CCC(CCn2nc(-c3ccc4cc(OCC)ccc4c3)c3c(N)ncnc32)CC1.Cl,chembl,active
CCOC(=O)c1c(SCC2CCCCC2)nc(C(C)NC(=O)[C@H](Cc2ccc(OP(=O)(O)O)cc2)NC(C)=O)n1C,chembl,active
Cc1nc2cc(-n3ncc(C(=O)c4cc5ccc(S(C)(=O)=O)cc5[nH]4)c3N)ccc2[nH]1,chembl,active
COc1ccc2cc(-c3nn(C(C)(C)C)c(N)c3C(N)=O)ccc2c1,chembl,active
CC[C@H](C)[C@H](NC(=O)[C@H](CCC(=O)O)NC(=O)[C@H](C)NC(=O)[C@H](Cc1ccc(O)cc1)NC(C)=O)C(=O)N[C@@H](CCC(=O)O)C(=O)O,chembl,active
CN(CCCC1CCCCC1)C(=O)[C@H](CCC(=O)O)NC(=O)N(CC(=O)O)Cc1ccc(OP(=O)(O)O)cc1,chembl,active
NC1=NC(=O)/C(=C2\CCNC(=O)c3[nH]c(Br)cc32)N1,chembl,active
O=C(Nc1ccc(Cl)cc1)c1ccccc1NCc1ccncc1,chembl,active
Oc1cc2c3cc(O)c(O)cc3n(Cc3ccccc3)c2cc1O,chembl,active
CCCCCCCc1noc([C@H](CCC(=O)O)NC(=O)[C@H](Cc2ccc(OP(=O)(O)O)cc2)NC(C)=O)n1,chembl,active
Cc1ccc(C(=O)Nc2cc(C(F)(F)F)ccn2)cc1/C=C/n1cnc2c(NC3CC3)ncnc21,chembl,active
COC(=O)c1ccc(C(=O)c2c(SSc3c(C(=O)c4ccc(C(=O)OC)cc4)c4ccccc4n3C)n(C)c3ccccc23)cc1,chembl,active
CC(Cn1ncc2c(Nc3cccc(Cl)c3)ncnc21)c1ccccc1,chembl,active
CCOc1ccc2cc(-c3nn(C(C)(C)C)c(N)c3C(N)=O)ccc2c1,chembl,active
CC(C)n1nc(-c2ccc3[nH]c(=O)ccc3c2)c2c(N)ncnc21,chembl,active
CC(C)n1nc(-c2cccc(NS(C)(=O)=O)c2)c2c(N)ncnc21,chembl,active
O=c1c2c(O)c(O)ccc2c2cc(O)c(O)cc2n1Cc1ccc(S(=O)(=O)c2ccccc2)cc1,chembl,active
Cc1cccc(NC(=O)c2ccc(C)c(Nc3nc4ccccc4n3-c3cc(N)ncn3)c2)c1,chembl,active
CNc1ncc2c(-c3ccc(OC)cc3)nn(CC3OCCO3)c2n1,chembl,active
Cc1ccc(NC(=O)Nc2cc(C(F)(F)F)ccc2F)cc1Nc1ccc2c(c1)NC(=O)/C2=C\c1ccc[nH]1,chembl,active
CC[C@H](NC(=O)[C@H](Cc1ccc(C(F)(F)P(=O)(O)O)cc1)NC(C)=O)C(=O)N(C)CCCC1CCCCC1,chembl,active
CCOP(=O)(O)c1cc(CC(NC(C)=O)C(=O)N[C@@H](C)c2ccc(OCC3CCCCC3)c(C(N)=O)c2)ccc1OCC(=O)O,chembl,active
Cn1c(SSc2c(C(=O)Nc3ccccc3)c3cc([N+](=O)[O-])ccc3n2C)c(C(=O)Nc2ccccc2)c2cc([N+](=O)[O-])ccc21,chembl,active
Cc1cccc(C)c1-c1cc(C)c2nc(N)nnc2c1,chembl,active
CC(C)[C@H](NC(=O)OC(C)(C)C)C(=O)Oc1c(-c2ccc(O)c(O)c2)oc2cc(O)cc(O)c2c1=O,chembl,active
Cc1ccc(Nc2ncnc3cc4oc(=O)n(CCCN5CCOCC5)c4cc23)cc1,chembl,active
CCSc1nc(NCCc2ccccc2)c2cnn(CC(Cl)c3ccccc3)c2n1,chembl,active
O=C(Nc1ccc(Nc2ncnc3sc4c(c23)CCCC4)cc1)Nc1cccc(Br)c1,chembl,active
Clc1cccc(Nc2nc(N3CCOCC3)nc3c2cnn3CC(Cl)c2ccccc2)c1,chembl,active
CC(C)n1nc(-c2ccc3nc(N)ccc3c2)c2c(N)ncnc21,chembl,active
Cc1ccc(C(=O)Nc2cccc3cnccc23)cc1Nc1nc2ccccc2n1-c1cc(N)ncn1,chembl,active
COC(=O)C1=C(c2ccccc2)c2ccncc2C1=O,chembl,active
O=C(Nc1ccccc1)c1c(SSc2[nH]c3ccccc3c2C(=O)Nc2ccccc2)[nH]c2ccccc12,chembl,active
Cc1cn(-c2cc(NC(=O)c3ccc(C)c(/C=C/n4cnc5c(NC6CC6)ncnc54)c3)cc(C(F)(F)F)c2)cn1,chembl,active
COc1cccc(Nc2[nH]nc3ncnc(Nc4cccc(Cl)c4)c23)c1,chembl,active
CN1CCN(c2ccc(-c3cc4c(c(N)nn4C)c(=O)[nH]3)cc2)CC1,chembl,active
CC(=O)Oc1ccc2c(c1)c(C(=O)Nc1ccccc1)c(SSc1c(C(=O)Nc3ccccc3)c3cc(OC(C)=O)ccc3n1C)n2C,chembl,active
CN1CCN(Cc2ccc(C(=O)Nc3cccc(Nc4nccc(-c5cccnc5)n4)c3)cc2)CC1,chembl,active
CCCCc1ccc(CN2CCCC[C@H](NC(=O)[C@H](Cc3ccc(OP(=O)(O)O)cc3)NC(C)=O)C2=O)cc1,chembl,active
O=S(=O)(c1cc(Cl)ccc1Cl)n1c2cc(O)c(O)cc2c2ccc(O)c(O)c21,chembl,active
Cc1cc2nc(Nc3ccc(S(=O)(=O)NCCN4CCCC4)cc3)nnc2cc1-c1cn[nH]c1,chembl,active
CN1CCN(C(=O)Cn2c(-c3ccccc3)csc2=N)CC1,chembl,active
Cc1ccc(C(=O)Nc2cc(-n3ccnc3)cc(C(F)(F)F)c2)cc1/C=C/n1cnc2c(NC3CC3)ncnc21,chembl,active
CCCCCCc1noc([C@H](CCC(=O)O)NC(=O)[C@H](Cc2ccc(OP(=O)(O)O)cc2)NC(C)=O)n1,chembl,active
O=C1NC(=O)c2cc(Nc3ccc(O)cc3)c(Nc3ccc(O)cc3)cc21,chembl,active
CC(=O)N[C@@H](Cc1ccc(CP(=O)(O)O)cc1)C(=O)N[C@@H](C)c1ccc(OCC2CCCCC2)c(C(N)=O)c1,chembl,active
C[C@H](Nc1cc(-c2sc(C3CCN(C)CC3)nc2-c2ccc(F)cc2)ccn1)c1ccccc1,chembl,active
Cc1ccccc1-c1cc2nnc(Nc3ccc(S(=O)(=O)NCCN4CCCC4)cc3)nc2cc1NC(=O)NC(C)(C)C,chembl,active
Oc1cc2c3cc(O)c(O)cc3n(Cc3cccnc3)c2cc1O,chembl,active
CCSc1nc(NCc2ccccc2)c2cnn(CC(Cl)c3ccccc3)c2n1,chembl,active
CCSc1nc(N2CCCCC2)c2cnn(CC(Cl)c3ccccc3)c2n1,chembl,active
Cn1c(SSc2c(C(=O)NCc3ccccc3)c3ccccc3n2C)c(C(=O)NCc2ccccc2)c2ccccc21,chembl,active
Clc1ncnc2c1c(-c1ccccc1)cn2-c1ccccc1,chembl,active
Oc1cc(O)c2c(O)c(-c3cccc(Cl)c3)cnc2c1,chembl,active
CNC(=O)c1c(SSc2[nH]c3ccccc3c2C(=O)NC)[nH]c2ccccc12,chembl,active
CCOc1ccc2cc(-c3nn(CCC4CCN(CCCN)CC4)c4ncnc(N)c34)ccc2c1.Cl,chembl,active
CC(=O)N[C@@H](Cc1ccc(OP(=O)(O)O)cc1)C(=O)N[C@@H]1CCCCc2cc(OCC3CCCCC3)c(C(N)=O)cc21,chembl,active
NS(=O)(=O)c1ccc(Nc2ncc(-c3ccc(=O)[nH]c3)o2)cc1,chembl,active
Cc1cccc(Nc2[nH]cnc3nnc(Nc4cccc(Cl)c4)c2-3)c1,chembl,active
Cc1sc(C(=O)N[C@@H]2[C@H](N)CCCC2(F)F)cc1-c1cnn2cc(Cl)cnc12,chembl,active
O=C1Nc2cc(-c3ccccc3)ccc2/C1=C/c1[nH]cc2c1CCOC2=O,chembl,active
CNc1ncc2c(-c3ccc(N4CCN(C)CC4)nc3)nn(Cc3cn(Cc4ccccc4)nn3)c2n1,chembl,active
COc1cc2nccc(Oc3ccc(C)cc3C(C)=O)c2cc1OC,chembl,active
CCCCOc1ccc(-n2c(=O)c3cnc(Nc4ccc(N5CCN(C)CC5)cc4)nc3n3c4ccccc4nc23)cc1,chembl,active
Fc1ccc(C(Cl)Cn2ncc3c(NCc4ccccn4)ncnc32)cc1,chembl,active
CC(C)(N)C(=O)NCCn1ccc2ncnc(Nc3ccc(Oc4cccc5sncc45)c(Cl)c3)c21,chembl,active
COC(=O)C1=C(c2ccccc2)c2cc([N+](=O)[O-])ccc2C1=O.COC(=O)C1=C(c2ccccc2)c2ccc([N+](=O)[O-])cc2C1=O,chembl,active
COc1ccccc1CCNc1nc(Nc2ccc(N3CCN(C)CC3)cc2OC)ncc1Cl,chembl,active
Cn1c(SSc2c(C(=O)c3ccco3)c3ccccc3n2C)c(C(=O)c2ccco2)c2ccccc21,chembl,active
Oc1ccc(-c2[nH]nc3ncnc(Nc4cccc(Cl)c4)c23)cc1,chembl,active
COC(=O)C(=O)C(=O)c1ccc(CC(NC(C)=O)C(=O)N[C@@H](CCC(=O)O)C(=O)N[C@H](C(=O)N[C@@H](CC(C)C)C(N)=O)[C@@H](C)O)cc1,chembl,active
O=C(Nc1ccc(Oc2ncnc3sc4c(c23)CCCC4)cc1)Nc1cccc(Br)c1,chembl,active
CC(=O)N[C@@H](Cc1ccc(OP(=O)(O)O)cc1)C(=O)NC(C)c1nc(SCC2CCCCC2)c(C(N)=O)n1C,chembl,active
CC(=O)N[C@@H](Cc1ccc(OP(=O)(O)O)cc1)C(=O)N[C@H](C(=O)N[C@H](C)C(=O)NCCc1ccccc1)C(C)C,chembl,active
CC(C)n1nc(Cc2cccc3ccccc23)c2c(N)ncnc21,chembl,active
CC(C)n1nc(-c2cccnc2)c2c(N)ncnc21,chembl,active
CCOc1ccc2cc(-c3nn(C4CCN(CC)CC4)c4ncnc(N)c34)ccc2c1,chembl,active
CC(C)n1nc(Cc2cccc3ccccc23)c2c(N)ncnc21.Cl,chembl,active
CN(CCc1ccc(-c2ccccc2)cc1)Cc1cn(C)c2ccc(C(=O)Nc3ccc(F)cc3)cc12,chembl,active
COC(=O)c1cc(O)c(O)c(C[C@]2(C)[C@@H](C)CC[C@@]3(C)C(C)=CCC[C@@H]23)c1,chembl,active
CCOc1ccc2cc(-c3nn(C4CCN(CC)CC4)c4ncnc(N)c34)ccc2c1.Cl,chembl,active
CC(=O)N[C@@H](Cc1ccc(OP(=O)(O)O)cc1)C(=O)N[C@H]1CCCCN(Cc2ccc(-c3ccccc3)cc2)C1=O,chembl,active
Cc1cccc(C)c1-c1cc(C)c2nc(NCCCN3CCN(C)CC3)nnc2c1,chembl,active
Oc1cc2c3ccc(O)c(O)c3n(Cc3ccc(C(F)(F)F)cc3)c2cc1O,chembl,active
CS(=O)(=O)c1ccc(C(=O)n2c3cc(O)c(O)cc3c3c(Br)cc(O)c(O)c32)cc1,chembl,active
Nc1ncnc2c1ncn2[C@@H]1O[C@H](COP(=O)(O)OP(=O)(O)OP(=O)(O)OP(=O)(O)O)[C@@H](O)[C@H]1O,chembl,active
O=C(Nc1cccc(Nc2nccc(-c3cccnc3)n2)c1)c1cccnc1,chembl,active
COc1cc(C2=C(c3cn(COCc4ccccc4)c4ccccc34)CNC2=O)cc(OC)c1OC,chembl,active
CC(=O)N[C@@H](Cc1ccc(OP(=O)(O)O)cc1)C(=O)N[C@@H](CCC(=O)O)C(=O)NCCc1ccccc1,chembl,active
Nc1ncnc2c1c(-c1ccccc1)nn2Cc1cn(CC(=O)CCCO)nn1,chembl,active
COc1cc(-c2nn([C@H]3CC[C@H](N4CCN(C(C)=O)CC4)CC3)c3ncnc(N)c23)ccc1NC(=O)c1cc2ccccc2n1C,chembl,active
COc1cc(Nc2nn3c(NC[C@H](C)O)cc(C)nc3c2C(N)=O)cc(OC)c1,chembl,active
CCN(CC)C/C=C/c1cnc(N)c2c(-c3ccc(NC(=O)c4cc5ccccc5n4C)c(OC)c3)csc12,chembl,active
C(=C\n1ncc2c(NC3CC3)ncnc21)\c1ccccc1,chembl,active
Oc1ncnc2c1Cc1ccccc1N2,chembl,active
CC(=O)N[C@@H](Cc1ccc(OP(=O)(O)O)cc1)C(=O)N[C@H]1CSCCN(CC(=O)c2ccc(N(C)C)cc2)C1=O,chembl,active
Cc1ccc(NC(=O)c2cccc(C(F)(F)F)c2)cc1/C=C/n1cnc2c(Nc3cccnc3)ncnc21,chembl,active
CC(=O)N[C@@H](Cc1ccc(P(=O)(O)O)cc1)C(=O)N[C@@H](CCC(=O)O)C(=O)N(C)CCCC1CCCCC1,chembl,active
O=C(CCC1C(S)=Nc2ccccc21)NCc1ccccc1,chembl,active
COc1cc2c(N3CCN(C(=O)Nc4ccc(OC(C)C)cc4)CC3)ncnc2cc1OCCCN1CCCCC1,chembl,active
NC(=O)C1=C(c2ccc(Cl)cc2)c2ccccc2C1=O,chembl,active
BrC(Cn1ncc2c(N3CCCC3)ncnc21)c1ccccc1,chembl,active
CC(C)(C)OC(=O)Nc1ccc(-c2[nH]nc3ncnc(Nc4cccc(Cl)c4)c23)cc1,chembl,active
CCOc1cc(-c2nn(CCO)c3ncnc(N)c23)ccc1OC,chembl,active
CN(C)CCNc1nc(Nc2ccccc2)c2ncn(C3CCCC3)c2n1,chembl,active
O=C(N[C@H]1CSCCN(Cc2cc(C(F)(F)F)cc(C(F)(F)F)c2)C1=O)c1ccc(OP(=O)(O)O)cc1,chembl,active
NCCCNC(=O)c1cccc(Nc2nccc(-c3cccnc3)n2)c1,chembl,active
O=[N+]([O-])c1cccc(-c2[nH]nc3ncnc(Nc4cccc(Cl)c4)c23)c1,chembl,active
CN1C(=S)C(C(=O)Nc2ccccc2)c2ccccc21,chembl,active
CNc1ncnc2c1c(-c1ccccc1)cn2-c1ccccc1,chembl,active
O=c1[nH]cnc2c1c(-c1ccccc1)cn2-c1ccccc1,chembl,active
ClC(Cn1ncc2c(NC3CC3)ncnc21)c1ccccc1,chembl,active
ClC(Cn1ncc2c(N3CCCCCC3)ncnc21)c1ccccc1,chembl,active
CCCNc1ncnc2c1cnn2CC(O)c1ccccc1,chembl,active
OC(Cn1ncc2c(NCc3ccc(F)cc3)ncnc21)c1ccccc1,chembl,active
CC(C)(C)OC(=O)N[C@@H](CC(N)=O)C(=O)Oc1c(-c2ccc(O)c(O)c2)oc2cc(O)cc(O)c2c1=O,chembl,active
COc1cc(/C=C2\SC(=N)NC2=O)ccc1OCCCOc1cc(C)cc(C)c1,chembl,active
O=C(Nc1ccc([N+](=O)[O-])cc1Cl)c1cc(Cl)ccc1O,chembl,active
CCOC(=O)c1ccc(-c2cn(-c3ccccc3)c3ncnc(N)c23)cc1,chembl,active
Cc1cc2nc(Nc3ccc(S(=O)(=O)NCCN4CCCC4)cc3)nnc2cc1Nc1cc(O)ccc1Cl,chembl,active
CC(=O)Nc1ccccc1-c1cc2nnc(Nc3ccc(S(=O)(=O)NCCN4CCCC4)cc3)nc2cc1C,chembl,active
Cc1cc2nc(Nc3ccc(S(=O)(=O)NCCN4CCCC4)cc3)nnc2cc1N(CCOCCO)C(C)C,chembl,active
Cc1cc(-c2cc(OC(=O)C(C)C)ccc2Cl)cc2nnc(Nc3ccc(OCCN4CCCC4)cc3)nc12,chembl,active
Cc1cc2nc(Nc3ccc(S(=O)(=O)NCCN4CCCC4)cc3)nnc2cc1N(CCO)C(C)C,chembl,active
Cc1cc2nc(Nc3ccc(C(=O)N4CCN(C)CC4)cc3)nnc2cc1-c1cnccc1Cl,chembl,active
CC(C)(C)n1nc(-c2cnc3cc(OC4CCC4)ccc3c2)c(C(N)=O)c1N,chembl,active
CCOc1ccc2cc(-c3nn(C4CCOC4)c(N)c3C(N)=O)ccc2n1,chembl,active
CCOc1ccc2cc(-c3nn(CC4CC4)c(N)c3C(N)=O)ccc2c1,chembl,active
CCOc1ccc2cc(-c3nn(C(C)CCO)c(N)c3C(N)=O)ccc2c1,chembl,active
CC(=O)N[C@@H](Cc1ccc(OP(=O)(O)O)cc1)C(=O)N[C@@H](CCC(=O)O)C(=O)NCCCc1ccccc1,chembl,active
CC(=O)N[C@@H](Cc1ccc(OP(=O)(O)O)cc1)C(=O)NCCCC(=O)NCCCc1ccccc1,chembl,active
CCS(=O)(=O)Cc1ccc2c(c1)/C(=C/c1[nH]c3c(c1CCCN(C)C)CCCC3)C(=O)N2,chembl,active
CCC(C)(C)c1ccc(O)cc1,zinc,negative
O=C(OCc1ccccc1)c1ccccc1,zinc,negative
C=CCc1ccc(O)c(OC)c1,zinc,negative
Clc1ccc(C(c2ccc(Cl)cc2)C(Cl)Cl)cc1,zinc,negative
c1ccc(-c2ccccc2)cc1,zinc,negative
Oc1ccc(Cl)cc1Cc1ccccc1,zinc,negative
CN(C)c1ccc(C(=C2C=CC(=[N+](C)C)C=C2)c2ccc(N(C)C)cc2)cc1.[Cl-],zinc,negative
CCCCCCCCCCCCC[N+](C)(C)Cc1ccccc1.[Cl-],zinc,negative
Oc1ccc(/C=C/c2cc(O)cc(O)c2)cc1,zinc,negative
Clc1ccc(C(c2ccc(Cl)cc2)C(Cl)(Cl)Cl)cc1,zinc,negative
Cc1ccc(C(C)C)c(O)c1,zinc,negative
COP(=S)(OC)Oc1ccc(SC)c(C)c1,zinc,negative
O=C1C=CC(=O)c2ccccc21,zinc,negative
CN(C)S(=O)(=O)N(SC(F)(Cl)Cl)c1ccccc1,zinc,negative
NC(=O)NC(=O)Cc1ccccc1,zinc,negative
CC/C(=C(/CC)c1ccc(O)cc1)c1ccc(O)cc1,zinc,negative
C=C(C)[C@@H]1CCC(C)=C[C@H]1c1c(O)cc(CCCCC)cc1O,zinc,negative
c1ccc2c(c1)cc1ccc3cccc4ccc2c1c34,zinc,negative
CCCCOC(=O)c1ccccc1C(=O)OCCCC,zinc,negative
O=C(c1ccccc1)c1ccccc1,zinc,negative
CC1=CC(=O)c2ccccc2C1=O,zinc,negative
Clc1ccc(C(c2ccccc2Cl)C(Cl)Cl)cc1,zinc,negative
N[C@@H](Cc1ccccc1)C(=O)O,zinc,negative
CC(C)(c1ccc(O)cc1)c1ccc(O)cc1,zinc,negative
CCOC(=O)c1ccccc1C(=O)OCC,zinc,negative
c1ccc2c(c1)Cc1ccccc1-2,zinc,negative
C=CCc1ccc(OC)c(OC)c1,zinc,negative
O=C(OOC(=O)c1ccccc1)c1ccccc1,zinc,negative
c1ccc2cc3ccccc3cc2c1,zinc,negative
COc1ccc(O)c(C(C)(C)C)c1,zinc,negative
CC(C)(C)c1cc(O)ccc1O,zinc,negative
Cc1cc(C(C)(C)C)c(O)c(C(C)(C)C)c1,zinc,negative
COc1ccc(CC(C)N)cc1,zinc,negative
C/C=C/c1ccc(O)c(OC)c1,zinc,negative
CC1=C(/C=C/C(C)=C/C=C/C(C)=C/C=C/C=C(C)/C=C/C=C(C)/C=C/C2=C(C)CCCC2(C)C)C(C)(C)CCC1,zinc,negative
CC1=C(C/C=C(\C)CCC[C@H](C)CCC[C@H](C)CCCC(C)C)C(=O)c2ccccc2C1=O,zinc,negative
CN(C)CCC=C1c2ccccc2CCc2ccccc21,zinc,negative
CNCCCN1c2ccccc2CCc2ccccc21,zinc,negative
CN(C)CCOC(c1ccccc1)c1ccccc1,zinc,negative
CC(C)Cc1ccc(C(C)C(=O)O)cc1,zinc,negative
CNCCC=C1c2ccccc2CCc2ccccc21,zinc,negative
CCCCNC(=O)NS(=O)(=O)c1ccc(C)cc1,zinc,negative
C/C=C(C(=C/C)/c1ccc(O)cc1)\c1ccc(O)cc1,zinc,negative
O=C(O)c1ccccc1C(=O)O,zinc,negative
c1ccc(Nc2ccccc2)cc1,zinc,negative
CC(=O)OCc1ccccc1,zinc,negative
O=C(/C=C/c1ccccc1)OCc1ccccc1,zinc,negative
O=C1c2ccccc2C(=O)c2ccccc21,zinc,negative
Oc1ccccc1-c1ccccc1,zinc,negative
Cc1cc(O)cc(C)c1Cl,zinc,negative
COc1ccc(C(c2ccc(OC)cc2)C(Cl)(Cl)Cl)cc1,zinc,negative
CCOP(=S)(OCC)SCSc1ccc(Cl)cc1,zinc,negative
CCN(CC)C(=O)SCc1ccc(Cl)cc1,zinc,negative
CC(=O)[O][Sn]([c]1ccccc1)([c]1ccccc1)[c]1ccccc1,zinc,negative
CN(C)c1ccc(N=Nc2ccccc2)cc1,zinc,negative
Cc1c(N=C=O)cccc1N=C=O,zinc,negative
CC(C)(C)c1ccc(O)cc1,zinc,negative
Nc1ccc(Cc2ccc(N)cc2)cc1,zinc,negative
Cc1ccc(N=C=O)cc1N=C=O,zinc,negative
O=C(O)Cc1ccc(O)cc1,zinc,negative
O=C(O)C(=O)Cc1ccccc1,zinc,negative
NCC(O)c1ccc(O)cc1,zinc,negative
CC(C)(C)c1ccc(O)c(O)c1,zinc,negative
O=C(O)Cc1ccccc1O,zinc,negative
S=C=NCCc1ccccc1,zinc,negative
CCCCC1OC(=O)c2ccccc21,zinc,negative
C=CCc1ccc(O)c(-c2cc(CC=C)ccc2O)c1,zinc,negative
Oc1cc(O)cc(/C=C/c2ccc(O)c(O)c2)c1,zinc,negative
O=C(O)/C=C/c1ccc(O)c(O)c1,zinc,negative
CC1=C(C/C=C(\C)CCCC(C)CCCC(C)CCCC(C)C)C(=O)c2ccccc2C1=O,zinc,negative
c1ccc([C@H]2CN3CCSC3=N2)cc1,zinc,negative
OC(CCN1CCCCC1)(c1ccccc1)C1CC2C=CC1C2,zinc,negative
NC(=O)N1c2ccccc2C=Cc2ccccc21,zinc,negative
CCN(CC)CCOCCOC(=O)C1(c2ccccc2)CCCC1,zinc,negative
CCN(CC)CC(=O)Nc1c(C)cccc1C,zinc,negative
CN(C)CCCN1c2ccccc2CCc2ccccc21,zinc,negative
NC(=O)CS(=O)C(c1ccccc1)c1ccccc1,zinc,negative
CCC1(c2ccccc2)C(=O)NCNC1=O,zinc,negative
OC(CCN1CCCCC1)(c1ccccc1)C1CCCCC1,zinc,negative
C#CCN(C)[C@H](C)Cc1ccccc1.Cl,zinc,negative
CC[C@H](c1ccc(O)cc1)[C@@H](CC)c1ccc(O)cc1,zinc,negative
CN(C)CC/C=C1/c2ccccc2Sc2ccc(Cl)cc21,zinc,negative
CN1CCC(=C2c3ccccc3C=Cc3ccccc32)CC1,zinc,negative
CC(C(=O)O)c1cccc(C(=O)c2ccccc2)c1,zinc,negative
Cc1ccccc1OCC(O)CO,zinc,negative
O=C(O)CCCc1ccccc1,zinc,negative
C#CCN(C)[C@H](C)Cc1ccccc1,zinc,negative
c1ccc2c(c1)ccc1ccccc12,zinc,negative
c1ccc2c(c1)sc1ccccc12,zinc,negative
CN[C@@H](C)[C@@H](O)c1ccccc1,zinc,negative
Brc1ccccc1,zinc,negative
COC(=O)c1ccccc1C(=O)OC,zinc,negative
CN[C@@H](C)[C@H](O)c1ccccc1,zinc,negative
O=C1C=Cc2ccccc2C1=O,zinc,negative
CCCCC(CC)COC(=O)/C=C/c1ccc(OC)cc1,zinc,negative
N#Cc1cc(I)c(O)c(I)c1,zinc,negative
NC1=C(Cl)C(=O)c2ccccc2C1=O,zinc,negative
ClC(Cl)=C(c1ccc(Cl)cc1)c1ccc(Cl)cc1,zinc,negative
CCCCCCCCCc1ccc(O)cc1,zinc,negative
CC(C)COC(=O)c1ccccc1C(=O)OCC(C)C,zinc,negative
CC(C)(C)c1ccc(O)c(C(C)(C)C)c1,zinc,negative
Nc1ccc(Cc2ccc(N)c(Cl)c2)cc1Cl,zinc,negative
CCCCCCCCOC(=O)c1ccccc1C(=O)OCCCCCCCC,zinc,negative
CC(C)(C)CC(C)(C)c1ccc(O)cc1,zinc,negative
CC(C)CCCCCCCOC(=O)c1ccccc1C(=O)OCCCCCCCC(C)C,zinc,negative
Nc1ccc([As](=O)(O)O)cc1,zinc,negative
CCN(CC)C(=O)c1cccc(C)c1,zinc,negative
O=C(O)Cc1cccc2ccccc12,zinc,negative
Cc1ccc(S(N)(=O)=O)cc1,zinc,negative
Cc1ccc(C(C)C)cc1O,zinc,negative
c1cc2ccc3cccc4ccc(c1)c2c34,zinc,negative
O=C(O)c1ccc(C(=O)O)cc1,zinc,negative
CCCCCCCCCCCC[N+](C)(C)Cc1ccccc1.[Cl-],zinc,negative
N#Cc1c(Cl)cccc1Cl,zinc,negative
CCOP(=S)(CC)Sc1ccccc1,zinc,negative
COP(=O)(OC)O/C(C)=C/C(=O)OC(C)c1ccccc1,zinc,negative
Cc1ccccc1N=C(N)Nc1ccccc1C,zinc,negative
Oc1ccc(OCc2ccccc2)cc1,zinc,negative
CC(C)=CCC/C(C)=C/CC/C(C)=C/CC/C(C)=C/CC1=C(C)C(=O)c2ccccc2C1=O,zinc,negative
O=C=Nc1ccc(Cc2ccc(N=C=O)cc2)cc1,zinc,negative
CCCCC(CC)COP(=O)(Oc1ccccc1)Oc1ccccc1,zinc,negative
O=C(O)CCc1ccccc1,zinc,negative
OCCc1ccc(O)c(O)c1,zinc,negative
O=C(O)Cc1ccc(-c2ccccc2)cc1,zinc,negative
CC(C(=O)O)c1ccc(-c2ccccc2)c(F)c1,zinc,negative
CC(C)c1cccc(C(C)C)c1O,zinc,negative
Cc1ccc(S(=O)(=O)NC(=O)NN2CCCCCC2)cc1,zinc,negative
Cc1cc(C(C)(C)C)cc(C)c1CC1=NCCN1,zinc,negative
CN(C)CCOC(c1ccccc1)c1ccccc1.Cl,zinc,negative
COC[C@@H](NC(C)=O)C(=O)NCc1ccccc1,zinc,negative
C(=C/c1ccccc1)\CN1CCN(C(c2ccccc2)c2ccccc2)CC1,zinc,negative
CC(C)OC(=O)CCC/C=C\C[C@@H]1[C@@H](CC[C@@H](O)CCc2ccccc2)[C@H](O)C[C@@H]1O,zinc,negative
CCCCCCCCc1ccc(CCC(N)(CO)CO)cc1,zinc,negative
Cc1ccc2cc3c(ccc4ccccc43)c3c2c1CC3,zinc,negative
CN1CCN(C(c2ccccc2)c2ccc(Cl)cc2)CC1,zinc,negative
CCNC(C)Cc1cccc(C(F)(F)F)c1,zinc,negative
CCC1(c2ccccc2)CCC(=O)NC1=O,zinc,negative
CNC(C)(C)Cc1ccccc1,zinc,negative
CCOC(=O)C1(c2ccccc2)CCN(C)CC1,zinc,negative
CCC(=O)C(CC(C)N(C)C)(c1ccccc1)c1ccccc1,zinc,negative
Cc1ccccc1C(OCCN(C)C)c1ccccc1,zinc,negative
O=C1c2ccccc2C(=O)C1c1ccccc1,zinc,negative
CCC1(c2ccccc2)C(=O)NC(=O)NC1=O,zinc,negative
CNCCCC1c2ccccc2C=Cc2ccccc21,zinc,negative
c1ccc2c(c1)CCCC2C1=NCCN1,zinc,negative
CN1CCN(C(c2ccccc2)c2ccccc2)CC1,zinc,negative
Cc1cc(-c2ccc(N)c(C)c2)ccc1N,zinc,negative
O=C(CCl)c1ccccc1,zinc,negative
Clc1cc(Cl)c(-c2cc(Cl)c(Cl)cc2Cl)cc1Cl,zinc,negative
CC(=O)[O][Hg][c]1ccccc1,zinc,negative
O=[N+]([O-])[O][Hg][c]1ccccc1,zinc,negative
C[CH2][Hg][S]c1ccccc1C(=O)[O-].[Na+],zinc,negative
C#CCN(C)Cc1ccccc1,zinc,negative
Oc1ccc(-c2ccc(O)cc2)cc1,zinc,negative
C[C@H](Cc1ccc(O)c(O)c1)[C@@H](C)Cc1ccc(O)c(O)c1,zinc,negative
CN(C/C=C/C#CC(C)(C)C)Cc1cccc2ccccc12,zinc,negative
C[C@H](N)[C@H](O)c1ccccc1,zinc,negative
CCc1ccc(C(c2ccc(CC)cc2)C(Cl)Cl)cc1,zinc,negative
O=c1[nH]sc2ccccc12,zinc,negative
OC(c1ccc(Cl)cc1)(c1ccc(Cl)cc1)C(Cl)(Cl)Cl,zinc,negative
Cc1ccc(N(SC(F)(Cl)Cl)S(=O)(=O)N(C)C)cc1,zinc,negative
CCOC(=O)C(SP(=S)(OC)OC)c1ccccc1,zinc,negative
N#Cc1sc2c(=O)c3ccccc3c(=O)c=2sc1C#N,zinc,negative
CCOP(=O)(Sc1ccccc1)Sc1ccccc1,zinc,negative
CC(C=O)Cc1ccc(C(C)(C)C)cc1,zinc,negative
CC(C)(OO)c1ccccc1,zinc,negative
CC(C)(OOC(C)(C)c1ccccc1)c1ccccc1,zinc,negative
O=P(Oc1ccccc1)(Oc1ccccc1)Oc1ccccc1,zinc,negative
CCC(C)(c1ccc(O)cc1)c1ccc(O)cc1,zinc,negative
O=S(=O)(F)Cc1ccccc1,zinc,negative
CC(C=O)Cc1ccc(C(C)C)cc1,zinc,negative
O=C(O)/C=C/c1ccc(O)cc1,zinc,negative
CN(C)c1ccc(N=O)cc1,zinc,negative
N#CC(C#N)=Cc1ccccc1Cl,zinc,negative
CCCCOC(=O)c1ccccc1C(=O)OCc1ccccc1,zinc,negative
c1ccc2cc3c(ccc4ccccc43)cc2c1,zinc,negative
O=C1C(=O)c2ccccc2-c2ccccc21,zinc,negative
Clc1cccc(Cl)c1Cl,zinc,negative
Nc1ccc(-c2ccc(N)cc2)cc1,zinc,negative
CCCCCOC(=O)c1ccccc1C(=O)OCCCCC,zinc,negative
c1cc2ccc3ccc4ccc5cccc6c(c1)c2c3c4c56,zinc,negative
c1ccc2c(c1)c1cccc3ccc4cccc2c4c31,zinc,negative
c1ccc2c(c1)-c1ccc3ccc4cccc5cc-2c1c3c45,zinc,negative
c1ccc2c(c1)-c1cccc3c1c-2cc1ccccc13,zinc,negative
c1ccc2c(c1)-c1cccc3cccc-2c13,zinc,negative
c1ccc2cc3c(cc2c1)-c1cccc2cccc-3c12,zinc,negative
C1=Cc2cccc3cccc1c23,zinc,negative
c1ccc2c(c1)ccc1c3ccccc3ccc21,zinc,negative
Oc1ccc(Cc2ccc(O)cc2)cc1,zinc,negative
Oc1ccc(C(c2ccc(O)cc2)(C(F)(F)F)C(F)(F)F)cc1,zinc,negative
CC(C)(c1ccccc1)c1ccc(O)cc1,zinc,negative
CC(C)Cc1ccc([C@H](C)C(=O)O)cc1,zinc,negative
CC(Cc1ccc(C(C)(C)C)cc1)CN1C[C@@H](C)O[C@@H](C)C1,zinc,negative
O=C(O)c1ccc(Cl)cc1,zinc,negative
O=C1c2ccccc2C(=O)C1C(=O)C(c1ccccc1)c1ccccc1,zinc,negative
CC(C)(C)C(=O)C1C(=O)c2ccccc2C1=O,zinc,negative
O=C1C(Cl)=C(Cl)C(=O)c2ccccc21,zinc,negative
CN(C)C(=O)Nc1cccc(C(F)(F)F)c1,zinc,negative
CCCCCCc1ccc(O)cc1O,zinc,negative
Cc1ccc(S(=O)(=O)O)cc1,zinc,negative
CN(C)c1ccc(C(=C2C=CC(=[N+](C)C)C=C2)c2ccccc2)cc1.[Cl-],zinc,negative
CC(C)c1ccc(CO)cc1,zinc,negative
Cc1ccc(C(C)C)cc2c(C)ccc1-2,zinc,negative
O=C(c1ccccc1)C(O)c1ccccc1,zinc,negative
O=C(O)/C=C/c1ccccc1O,zinc,negative
COc1ccccc1/C=C/C=O,zinc,negative
CCCCCC/C(C=O)=C\c1ccccc1,zinc,negative
Cl.c1ccc2c(CC3=NCCN3)cccc2c1,zinc,negative
O=C1c2ccccc2Cc2ccccc21,zinc,negative
C/C=C/c1ccc2c(c1)OCO2,zinc,negative
COC(=O)c1ccc(C(=O)OC)cc1,zinc,negative
c1ccc(Oc2ccccc2)cc1,zinc,negative
CCCCC(CC)COC(=O)c1ccccc1C(=O)OCC(CC)CCCC,zinc,negative
O=C(O)c1cccc(C(=O)O)c1,zinc,negative
CCCCOC(=O)c1ccccc1,zinc,negative
O=C1C=C(O)c2ccccc2C1=O,zinc,negative
Cc1ccc(S(=O)(=O)[N-]Cl)cc1.[Na+],zinc,negative
CC(C(=O)O)c1ccccc1,zinc,negative
CC(C(=O)O)c1ccc(CC2CCCC2=O)cc1,zinc,negative
C/C=C/C(=O)N(CC)c1ccccc1C,zinc,negative
Clc1ccc(CCCOCCCN2CCCCC2)cc1,zinc,negative
C#CCN[C@@H]1CCc2ccccc21,zinc,negative
CN1CC=C(c2ccccc2)CC1,zinc,negative
CN(C)CCOC(c1ccccc1)c1ccc(Br)cc1,zinc,negative
CN(C)CCC(O)(c1ccccc1)c1ccccc1Cl,zinc,negative
CN(C)CCC=C1c2ccccc2C=Cc2ccccc21,zinc,negative
CC(=O)Oc1ccc(C(=C2CCCCC2)c2ccc(OC(C)=O)cc2)cc1,zinc,negative
CN1CCC(OC(c2ccccc2)c2ccccc2)CC1,zinc,negative
NC(=O)OCC(COC(N)=O)c1ccccc1,zinc,negative
O=C(O)CCC(=O)c1ccc(-c2ccccc2)cc1,zinc,negative
NC(N)=NC(=O)Cc1c(Cl)cccc1Cl,zinc,negative
CNCCCC12CCC(c3ccccc31)c1ccccc12,zinc,negative
c1ccc2c(CC3=NCCN3)cccc2c1,zinc,negative
CC(C)CC(N(C)C)C1(c2ccc(Cl)cc2)CCC1,zinc,negative
Cc1ccc(C(=O)C(C)CN2CCCCC2)cc1,zinc,negative
CC(CN(C)C)CN1c2ccccc2CCc2ccccc21,zinc,negative
[Cl][Hg][c]1ccccc1,zinc,negative
NC(N)=NC(N)=NCCc1ccccc1,zinc,negative
CCC1(c2ccccc2)C(=O)NC(=O)N(C)C1=O,zinc,negative
COc1ccc(C(Cl)=C(c2ccc(OC)cc2)c2ccc(OC)cc2)cc1,zinc,negative
CN1CCC2=C(C1)C(c1ccccc1)c1ccccc12,zinc,negative
CC1CCN(CCCC(=O)c2ccc(F)cc2)CC1,zinc,negative
C[N+](C)([O-])CCC=C1c2ccccc2CCc2ccccc21,zinc,negative
CCNCC(=O)Nc1c(C)cccc1C,zinc,negative
CN1CCC(=C2c3ccccc3CCc3sccc32)CC1,zinc,negative
CCCCCCCCCCCCCCCC[N+](C)(C)Cc1ccccc1.[Cl-],zinc,negative
CCN[C@@H](C)Cc1cccc(C(F)(F)F)c1,zinc,negative
CCCCCCCCCc1ccc(OCCOCCOCCOCCOCCOCCOCCOCCOCCO)cc1,zinc,negative
Oc1ccc(C(c2ccc(O)cc2)C(Cl)(Cl)Cl)cc1,zinc,negative
C[C@@H](NCCCc1cccc(C(F)(F)F)c1)c1cccc2ccccc12,zinc,negative
C[C@]12N[C@H](Cc3ccccc31)c1ccccc12,zinc,negative
Fc1ccc(C(c2ccc(F)cc2)N2CCN(C/C=C/c3ccccc3)CC2)cc1,zinc,negative
COCCCC/C(=N\OCCN)c1ccc(C(F)(F)F)cc1,zinc,negative
C[C@H]1CNCCc2ccc(Cl)cc21,zinc,negative
CNC(C)C(=O)c1ccc(C)cc1,zinc,negative
COC1=CC(=O)O[C@@H](/C=C/c2ccccc2)C1,zinc,negative
COc1ccc(/C=C/c2cc(OC)cc(=O)o2)cc1,zinc,negative
Cc1cccc(CN2CCN(C(c3ccccc3)c3ccc(Cl)cc3)CC2)c1,zinc,negative
CC1NCCOC1c1ccccc1,zinc,negative
OC(CCN1CCCC1)(c1ccccc1)C1CCCCC1,zinc,negative
CN1C(=O)CC(C)(c2ccccc2)C1=O,zinc,negative
CCN(CC)C(C)C(=O)c1ccccc1,zinc,negative
Clc1cc(Cl)cc(Cl)c1,zinc,negative
CCC(=O)O[C@](Cc1ccccc1)(c1ccccc1)[C@H](C)CN(C)C,zinc,negative
Clc1cccc(-c2ccc(Cl)c(Cl)c2Cl)c1Cl,zinc,negative
CCC(=O)O[C@]1(c2ccccc2)CCN(C)C[C@@H]1C,zinc,negative
C[C@@H](Cc1ccccc1)N(C)Cc1ccccc1,zinc,negative
CC[C@H](OC(C)=O)C(C[C@H](C)N(C)C)(c1ccccc1)c1ccccc1,zinc,negative
CCCCC/C(C=O)=C/c1ccccc1,zinc,negative
CCCCCCCCCc1ccccc1O,zinc,negative
Clc1cc(Cl)c(Cl)c(Cl)c1Cl,zinc,negative
CC(C)(C)c1cc(O)c(C(C)(C)C)cc1O,zinc,negative
Cc1ccc2oc(=O)ccc2c1,zinc,negative
Oc1cc(O)cc(/C=C/c2ccccc2)c1,zinc,negative
O=[N+]([O-])c1ccc(-c2ccccc2)cc1,zinc,negative
Cc1c([N+](=O)[O-])cc([N+](=O)[O-])cc1[N+](=O)[O-],zinc,negative
C=Cc1ccc(O)c(OC)c1,zinc,negative
Cc1c(N)cc([N+](=O)[O-])cc1[N+](=O)[O-],zinc,negative
O=[As]c1ccccc1,zinc,negative
O=[As](O)(O)c1ccccc1,zinc,negative
Clc1ccc(Cl)c(Cl)c1,zinc,negative
Cc1c2ccccc2c(C)c2c1ccc1ccccc12,zinc,negative
Nc1ccc(N=Nc2ccccc2)cc1,zinc,negative
Clc1cccc2ccccc12,zinc,negative
Nc1ccc(-c2ccc(N)c(Cl)c2)cc1Cl,zinc,negative
Nc1ccc(-c2ccccc2)cc1,zinc,negative
Clc1cc(Cl)c(Cl)cc1Cl,zinc,negative
ClC(Cl)(Cl)c1ccccc1,zinc,negative
CC(=O)c1ccc(Cl)cc1,zinc,negative
Brc1ccc(Br)cc1,zinc,negative
[Cl][Sn]([c]1ccccc1)([c]1ccccc1)[c]1ccccc1,zinc,negative
Cc1ccc2ccc3cccc4ccc1c2c34,zinc,negative
c1ccc(NNc2ccccc2)cc1,zinc,negative
Clc1ccc(-c2ccc(Cl)c(Cl)c2)cc1Cl,zinc,negative
Clc1cccc(-c2cc(Cl)cc(Cl)c2)c1,zinc,negative
CN(C)c1ccc(C(c2ccccc2)c2ccc(N(C)C)cc2)cc1,zinc,negative
O=[N+]([O-])c1cccc2ccccc12,zinc,negative
CCCOC(=O)c1ccccc1C(=O)OCCC,zinc,negative
CCCCOC(=O)c1ccccc1C(=O)O,zinc,negative
O=C1c2ccccc2C(=O)C1(O)O,zinc,negative
Clc1ccc(C(c2ccccc2Cl)C(Cl)(Cl)Cl)cc1,zinc,negative
CCCCNS(=O)(=O)c1ccccc1,zinc,negative
c1csc(-c2ccc(-c3cccs3)s2)c1,zinc,negative
O=C(/C=C/c1ccccc1)c1ccccc1,zinc,negative
c1ccc2c(c1)cc1ccc3cccc4c5ccccc5c2c1c34,zinc,negative
CC1COCc2cc3c(cc21)C(C)(C)C(C)C3(C)C,zinc,negative
O=C(CC(=O)c1ccccc1)c1ccccc1,zinc,negative
CCc1cc(Cc2cc(CC)cc(C(C)(C)C)c2O)c(O)c(C(C)(C)C)c1,zinc,negative
Cc1cc(Cc2cc(C)cc(C(C)(C)C)c2O)c(O)c(C(C)(C)C)c1,zinc,negative
COCCOC(=O)c1ccccc1C(=O)OCCOC,zinc,negative
Cc1cccc(C)c1NC(=O)C(C)N,zinc,negative
O=C(O)/C=C/c1cccc(O)c1,zinc,negative
O=C(O)Cc1cccc(O)c1,zinc,negative
C=CCc1ccc(O)c(-c2ccc(O)c(CC=C)c2)c1,zinc,negative
O=C(/C=C/c1ccc(O)cc1)CC(=O)/C=C/c1ccc(O)cc1,zinc,negative
CC(Cc1ccc(C(C)(C)C)cc1)CN1CCCCC1,zinc,negative
CCCCC(CC)COC(=O)C(C#N)=C(c1ccccc1)c1ccccc1,zinc,negative
CC(=O)CCc1ccc(O)cc1,zinc,negative
OC(CCN1CCCCC1)(c1ccccc1)c1ccccc1,zinc,negative
Cl.c1ccc(CC2=NCCN2)cc1,zinc,negative
CN(C)CCCN1c2ccccc2CCc2ccccc21.Cl,zinc,negative
Cl.c1ccc2c(c1)CCCC2C1=NCCN1,zinc,negative
Cl.OC(CCN1CCCCC1)(c1ccccc1)C1CCCCC1,zinc,negative
CNCCC=C1c2ccccc2CCc2ccccc21.Cl,zinc,negative
CCN(CC)CCOC(=O)C(c1ccccc1)c1ccccc1,zinc,negative
c1ccc(C2(N3CCCCC3)CCCCC2)cc1,zinc,negative
Cc1c([N+](=O)[O-])cccc1[N+](=O)[O-],zinc,negative
N#CC(Br)c1ccccc1,zinc,negative
CC(C)(N)Cc1ccccc1Cl,zinc,negative
CC(=O)O.NC(N)=N/N=C/c1c(Cl)cccc1Cl,zinc,negative
CC[C@@H](c1cccc(O)c1)[C@@H](C)CN(C)C,zinc,negative
O=C(O)C(O)c1ccccc1,zinc,negative
CCCCC(O)c1ccccc1,zinc,negative
O=C(O)c1ccccc1Cl,zinc,negative
O=C([O-])c1ccccc1.[K+],zinc,negative
c1ccc(-c2cccc(-c3ccccc3)c2)cc1,zinc,negative
CC(=O)OC/C=C/c1ccccc1,zinc,negative
CN(C)C(=O)C(c1ccccc1)c1ccccc1,zinc,negative
CC(C)c1ccc(NC(=O)N(C)C)cc1,zinc,negative
Cn1cc(-c2ccccc2)c(=O)c(-c2cccc(C(F)(F)F)c2)c1,zinc,negative
CC1(C)CON(Cc2ccccc2Cl)C1=O,zinc,negative
Oc1ccc(O)c2ccccc12,zinc,negative
Nc1nc(N)nc(-c2ccccc2)n1,zinc,negative
Oc1ccc(-c2ccccc2)cc1,zinc,negative
CC(=O)c1cc(C(C)(C)C)cc2c1CCC2(C)C,zinc,negative
CC(C)CCCCCCOC(=O)c1ccccc1C(=O)OCCCCCCC(C)C,zinc,negative
COc1ccc(C(C)=O)cc1,zinc,negative
CCCCCCCCc1ccc(O)cc1,zinc,negative
CCCc1ccc(O)c(OC)c1,zinc,negative
CC(C)c1ccc2c(c1)CC[C@H]1[C@](C)(C(=O)O)CCC[C@]21C,zinc,negative
COC(=O)/C=C/c1ccccc1,zinc,negative
COc1ccc(/C=C/C(=O)O)cc1,zinc,negative
Cc1ccccc1S(N)(=O)=O,zinc,negative
c1ccc2c(c1)ccc1cc3c(ccc4ccccc43)cc12,zinc,negative
c1cc2c3c(cccc3c1)CC2,zinc,negative
CCCCCCOC(=O)c1ccccc1C(=O)OCCCCCC,zinc,negative
O=C1c2ccccc2-c2ccccc21,zinc,negative
CC(=O)c1cc2c(cc1C)C(C)(C)C(C)CC2(C)C,zinc,negative
CC(=O)Oc1ccc(C)cc1,zinc,negative
CCC(=O)OCCc1ccccc1,zinc,negative
NC(=O)c1c(Cl)cccc1Cl,zinc,negative
CCCCCCOC(=O)c1ccccc1,zinc,negative
CC(Cc1ccc(O)c(O)c1)C(C)Cc1ccc(O)c(O)c1,zinc,negative
N=C(N)c1ccc(N=NNc2ccc(C(=N)N)cc2)cc1,zinc,negative
c1cc(CN2CCCNCCNCCCNCC2)ccc1CN1CCCNCCNCCCNCC1,zinc,negative
COc1ccc(-c2cc(=S)ss2)cc1,zinc,negative
O=C([O-])CCCc1ccccc1.[Na+],zinc,negative
c1ccc(CC2=NCCN2)cc1,zinc,negative
CC[N+](C)(C)Cc1ccccc1Br.Cc1ccc(S(=O)(=O)[O-])cc1,zinc,negative
CN1C(=O)CC(c2ccccc2)C1=O,zinc,negative
CN(C)CCC=C1c2ccccc2C=Cc2ccccc21.Cl,zinc,negative
CC(C)(N)Cc1ccc(Cl)cc1.Cl,zinc,negative
O=C1c2ccccc2C(=O)C1c1ccc(F)cc1,zinc,negative
CCCCCCCCc1ccc(CCC(N)(CO)CO)cc1.Cl,zinc,negative
CC(/C=C1\SC(=S)N(CC(=O)O)C1=O)=C\c1ccccc1,zinc,negative
NC(N)=N/N=C/c1c(Cl)cccc1Cl,zinc,negative
OB1OCc2cc(F)ccc21,zinc,negative
CC(C)c1c(O)cc(/C=C/c2ccccc2)cc1O,zinc,negative
CN1CCCC(CC2c3ccccc3Sc3ccccc32)C1,zinc,negative
CCNC1C2CCC(C2)C1c1ccccc1,zinc,negative
CCC(=O)O[C@](Cc1ccccc1)(c1ccccc1)[C@H](C)CN(C)C.Cl,zinc,negative
C[C@H]1[C@H](c2ccccc2)OCCN1C,zinc,negative
Clc1cc(Cl)cc(-c2cc(Cl)cc(Cl)c2)c1,zinc,negative
CCCCCCC(C)(C)c1ccc([C@@H]2CCC[C@H](O)C2)c(O)c1,zinc,negative
CCCCCCCC(C)(C)c1ccc([C@H]2CCC[C@@H](O)C2)c(O)c1,zinc,negative
Clc1ccc(CSc2ccc(Cl)cc2)cc1,zinc,negative
COP(=S)(OC)SCSc1ccc(Cl)cc1,zinc,negative
OCc1cccc(Oc2ccccc2)c1,zinc,negative
CC1(C)[C@H](C=C(Cl)Cl)[C@H]1C(=O)OCc1c(F)c(F)cc(F)c1F,zinc,negative
CNC(=O)Oc1cccc(C)c1,zinc,negative
c1ccc(OP(Oc2ccccc2)Oc2ccccc2)cc1,zinc,negative
C=CCOC(=O)c1ccccc1C(=O)OCC=C,zinc,negative
Cc1c([N+](=O)[O-])cc(N)cc1[N+](=O)[O-],zinc,negative
O=C(O)CCc1ccc(O)cc1,zinc,negative
Cc1ccccc1OP(=O)(Oc1ccccc1)Oc1ccccc1,zinc,negative
CC(=O)Oc1cc(C(C)C)ccc1C,zinc,negative
[Ni+2].c1cc[cH-]c1.c1cc[cH-]c1,zinc,negative
Nc1ccc2c(c1)Cc1ccccc1-2,zinc,negative
Cc1cc(C(C)(C)c2ccc(O)c(C)c2)ccc1O,zinc,negative
O=C(CBr)c1ccc(Br)cc1,zinc,negative
Nc1ccc2cc3ccccc3cc2c1,zinc,negative
Clc1ccc(-c2cc(Cl)c(Cl)c(Cl)c2)cc1Cl,zinc,negative
Brc1cc(-c2cc(Br)c(Br)c(Br)c2)cc(Br)c1Br,zinc,negative
CC(C)CCCCOC(=O)c1ccccc1C(=O)OCCCCC(C)C,zinc,negative
Cc1ccc(Cl)cc1Cl,zinc,negative
FC(F)(F)c1ccc(Cl)cc1,zinc,negative
Cc1ccccc1OP(=O)(Oc1ccccc1C)Oc1ccccc1C,zinc,negative
O=C1c2ccccc2-c2cccc3cccc1c23,zinc,negative
O=[N+]([O-])c1ccc([N+](=O)[O-])cc1,zinc,negative
Cc1ccc([N+](=O)[O-])cc1[N+](=O)[O-],zinc,negative
c1ccc2c(c1)cc1ccc3cc4ccccc4c4ccc2c1c34,zinc,negative
c1ccc2c(c1)cc1ccc3c4ccccc4cc4ccc2c1c43,zinc,negative
c1ccc2c(c1)cc1c3ccccc3c3cccc4ccc2c1c43,zinc,negative
c1ccc2c3c(ccc2c1)-c1cccc2cccc-3c12,zinc,negative
O=[N+]([O-])c1ccc2c(c1)Cc1ccccc1-2,zinc,negative
Clc1ccc(-c2ccc(Cl)c(Cl)c2Cl)c(Cl)c1Cl,zinc,negative
Oc1cc2ccccc2cc1O,zinc,negative
Cc1ccc2cc(C)ccc2c1,zinc,negative
c1ccc(COCc2ccccc2)cc1,zinc,negative
c1ccc(CSSCc2ccccc2)cc1,zinc,negative
CC(O)(c1ccc(Cl)cc1)c1ccc(Cl)cc1,zinc,negative
Cc1ccccc1Br,zinc,negative
Cc1ccc([N+](=O)[O-])cc1N,zinc,negative
CN(C)c1ccc(Cc2ccc(N(C)C)cc2)cc1,zinc,negative
Cl.Cl.Nc1ccc(-c2ccc(N)c(Cl)c2)cc1Cl,zinc,negative
O=C(O)[C@@H](O)c1ccccc1,zinc,negative
C=C[C@@](C)(/C=C/c1ccc(O)cc1)CCC=C(C)C,zinc,negative
O=S(=O)(Cl)c1ccccc1,zinc,negative
CCCCCCCCCCCCCCCCCC[N+](C)(C)Cc1ccccc1.[Cl-],zinc,negative
Cc1ccc(Br)cc1,zinc,negative
Nc1ccccc1-c1ccccc1,zinc,negative
ClC(Cl)c1ccccc1,zinc,negative
c1ccc(P(c2ccccc2)c2ccccc2)cc1,zinc,negative
Nc1cccc2c(N)cccc12,zinc,negative
Cc1ccc(O)c(C(C)(C)C)c1,zinc,negative
COC1=CC(=O)c2ccccc2C1=O,zinc,negative
COC(=O)c1ccccc1C(=O)O,zinc,negative
CN(Cc1ccc(C(C)(C)C)cc1)Cc1cccc2ccccc12,zinc,negative
OC(CCCN1CCCCC1)(c1ccccc1)c1ccccc1,zinc,negative
CN(C/C=C/c1ccccc1)Cc1cccc2ccccc12,zinc,negative
CC(C)(C)N1CCC(c2ccccc2)(c2ccccc2)CC1,zinc,negative
O=C(O)C(=O)Cc1ccc(O)cc1,zinc,negative
CC=CC(=O)N(CC)c1ccccc1C,zinc,negative
CCC(C)(C)c1ccc(CC(C)CN2C[C@@H](C)O[C@@H](C)C2)cc1,zinc,negative
C[C@H](C(=O)O)c1ccc(-c2ccccc2)c(F)c1,zinc,negative
C=C(C)[C@@H]1CCC(C)=C[C@H]1c1c(O)cc(CCC)cc1O,zinc,negative
CCCCC(CC)COC(=O)c1ccc(C(=O)OCC(CC)CCCC)cc1,zinc,negative
CC(C)=CCCC(C)=CCCC(C)=CCCC(C)=CCC1=C(C)C(=O)c2ccccc2C1=O,zinc,negative
C=CCOC(=O)Cc1ccccc1,zinc,negative
CC(C)=CCC/C(C)=C/CC/C(C)=C/CC/C(C)=C/CC/C(C)=C/CC/C(C)=C/CC/C(C)=C/CC1=C(C)C(=O)c2ccccc2C1=O,zinc,negative
NC(=O)OCCCc1ccccc1,zinc,negative
Cc1ccccc1C(OCCN(C)C)c1ccccc1.Cl,zinc,negative
CNCCCN1c2ccccc2CCc2ccccc21.Cl,zinc,negative
C[C@@H](NCCCc1cccc(C(F)(F)F)c1)c1cccc2ccccc12.Cl,zinc,negative
CCN(CC)C(=O)[C@]1(c2ccccc2)C[C@@H]1CN.Cl,zinc,negative
CN1CCC(=C2c3ccccc3C=Cc3ccccc32)CC1.Cl,zinc,negative
O=C1NCC2(CCN(CCc3ccccc3)CC2)O1,zinc,negative
CN1CCCN(C(c2ccccc2)c2ccc(Cl)cc2)CC1,zinc,negative
CC(C)[N+](C)(CCC(C(N)=O)(c1ccccc1)c1ccccc1)C(C)C,zinc,negative
CN(C(=O)CN(CCO)CC(=O)N(C)C(C)(C)Cc1ccccc1)C(C)(C)Cc1ccccc1,zinc,negative
NC(Cc1ccc(Cl)cc1)C(=O)O,zinc,negative
O=C(O)c1ccccc1S,zinc,negative
CCOC(=O)C1(c2ccccc2)CCN(C)CC1.Cl,zinc,negative
CN(C)CCC=C1c2ccccc2CCc2ccccc21.Cl,zinc,negative
CCC(=O)C(CC(C)N(C)C)(c1ccccc1)c1ccccc1.Cl,zinc,negative
OCc1ccc(Cl)cc1Cl,zinc,negative
CC(Cc1ccccc1)NCCCCl,zinc,negative
CN[C@@H](C)[C@H](O)c1ccccc1.Cl,zinc,negative
CNCCCC12CCC(c3ccccc31)c1ccccc12.Cl,zinc,negative
CCN(CC)C(C)C(=O)c1ccccc1.Cl,zinc,negative
Cc1cc(C(C)(C)C)cc(C)c1CC1=NCCN1.Cl,zinc,negative
CNCCCC1c2ccccc2C=Cc2ccccc21.Cl,zinc,negative
CC(N)Cc1ccc(O)cc1,zinc,negative
CC1NCCOC1c1ccccc1.Cl,zinc,negative
C[C@H](N)[C@@H](O)c1ccccc1,zinc,negative
O=C(O)C(O)(c1ccccc1)c1ccccc1,zinc,negative
CC(C)(N)Cc1ccc(Cl)cc1,zinc,negative
OC1c2ccccc2-c2ccccc21,zinc,negative
COC(=O)c1cccc(C(=O)OC)c1,zinc,negative
Cl.c1ccc([C@H]2CN3CCSC3=N2)cc1,zinc,negative
COC(=O)Cc1ccccc1,zinc,negative
CNCCc1ccc(O)cc1,zinc,negative
O=S(=O)(c1ccccc1)c1ccc(Cl)cc1,zinc,negative
O=Cc1cccc2ccccc12,zinc,negative
NS(=O)(=O)c1ccccc1,zinc,negative
Cc1ccccc1CO[C@@H]1C[C@@]2(C(C)C)CC[C@]1(C)O2,zinc,negative
COP(=S)(OC)Oc1c(Cl)cc(C)cc1Cl,zinc,negative
CCC(C)(C)c1cc(O)c(C(C)(C)CC)cc1O,zinc,negative
O=S(=O)(c1ccc(Cl)cc1)c1ccc(Cl)cc1,zinc,negative
COc1ccc2ccccc2c1,zinc,negative
CC(C)(C)c1ccc(C(=O)O)cc1,zinc,negative
CCOC(=O)C1OC1c1ccccc1,zinc,negative
c1ccc(SSc2ccccc2)cc1,zinc,negative
CCc1cc(C(C)(C)C)c(O)c(C(C)(C)C)c1,zinc,negative
CCC(=C(CC)c1ccc(O)cc1)c1ccc(O)cc1,zinc,negative
CC(=O)OCCc1ccccc1,zinc,negative
CCCOC(=O)c1ccccc1,zinc,negative
NC(Cc1ccccc1)C(=O)O,zinc,negative
CC(=O)c1ccc2ccccc2c1,zinc,negative
O=P(O)(O)Oc1ccccc1,zinc,negative
CCc1ccc(O)c(OC)c1,zinc,negative
C/C=C/c1ccc(OC)c(OC)c1,zinc,negative
NS(=O)(=O)c1ccc(Cl)cc1,zinc,negative
Cc1ccc(OP(=O)(Oc2ccc(C)cc2)Oc2ccc(C)cc2)cc1,zinc,negative
c1ccc(-c2ccc(-c3ccccc3)cc2)cc1,zinc,negative
Clc1cc(Cl)c(Cl)c(Cl)c1,zinc,negative
O=C(O)c1cccc(Cl)c1,zinc,negative
O=C1C(=O)c2cccc3cccc1c23,zinc,negative
Cc1ccc(C(C)(C)C)c(O)c1,zinc,negative
O=C(C(=O)c1ccccc1)c1ccccc1,zinc,negative
Cc1ccc2c(C)cccc2c1,zinc,negative
N[C@H](Cc1ccccc1)C(=O)O,zinc,negative
C(=C/c1ccccc1)\c1ccccc1,zinc,negative
Cc1ccc(S(=O)(=O)C(I)I)cc1,zinc,negative
Nc1ccc(Br)cc1,zinc,negative
CC(C)(C)OOC(=O)c1ccccc1,zinc,negative
C[N+](C)(C)Cc1ccccc1.[Cl-],zinc,negative
O=C(OCCc1ccccc1)c1ccccc1,zinc,negative
O=C(Cc1ccccc1)OCCc1ccccc1,zinc,negative
CCCC(=O)OCCc1ccccc1,zinc,negative
COc1ccc(COC(C)=O)cc1,zinc,negative
Cc1ccc(-c2ccccc2)cc1,zinc,negative
COc1ccc(CCC(C)=O)cc1,zinc,negative
COc1ccc(COC=O)cc1,zinc,negative
CCCCCC(=O)OCCc1ccccc1,zinc,negative
CCC(C)C(=O)OCCc1ccccc1,zinc,negative
O=C(/C=C/c1ccccc1)OCCCc1ccccc1,zinc,negative
CC/C=C\CCOC(=O)c1ccccc1,zinc,negative
CCOC(=O)Cc1ccccc1,zinc,negative
Cc1cccc([N+](=O)[O-])c1[N+](=O)[O-],zinc,negative
CCOC(=O)C(C#N)=C(c1ccccc1)c1ccccc1,zinc,negative
Nc1cccc(C(F)(F)F)c1,zinc,negative
CCCCCCCCCCCCCC[N+](C)(C)Cc1ccccc1.[Cl-],zinc,negative
O=S(=O)(c1ccccc1)c1ccccc1,zinc,negative
CC(C)(C)c1ccccc1O,zinc,negative
CCOC(=O)/C=C/c1ccccc1,zinc,negative
CC(C)(C)c1cccc(C(C)(C)C)c1O,zinc,negative
CN=C1CN(O)C(c2ccccc2)=c2cc(Cl)ccc2=N1,zinc,negative
CN1CCC(N(Cc2ccccc2)c2ccccc2)CC1,zinc,negative
COc1cc(/C=C/CO)ccc1O,zinc,negative
CC(N)C(O)c1ccccc1,zinc,negative
Oc1ccc(/C=C\c2cc(O)cc(O)c2)cc1,zinc,negative
COS(=O)(=O)[O-].C[N+]1(C)CCC(=C(c2ccccc2)c2ccccc2)CC1,zinc,negative
Br.CC(N)Cc1ccc(O)cc1,zinc,negative
Cl.NC(N)=NC(=O)Cc1c(Cl)cccc1Cl,zinc,negative
CC/C(=C(/CC)c1ccc(OP(=O)(O)O)cc1)c1ccc(OP(=O)(O)O)cc1,zinc,negative
NC(=O)C[S@@](=O)C(c1ccccc1)c1ccccc1,zinc,negative
CC(C)n1c(=O)cc(N[C@@H](C)c2ccccc2)[nH]c1=O,zinc,negative
Nc1nc(-c2ccccc2)c(Br)c(=O)[nH]1,zinc,negative
CC1=C(C)C(=O)C(C(CCCCCC(=O)O)c2ccccc2)=C(C)C1=O,zinc,negative
O=C(CS(=O)C(c1ccccc1)c1ccccc1)NO,zinc,negative
O=C1c2ccccc2C(=O)C1c1ccc(Cl)cc1,zinc,negative
O=C(CCCl)NCc1ccccc1,zinc,negative
NC1=NCC(c2ccccc2)O1,zinc,negative
[Co+2].[O-]c1ccccc1C=NCCN=Cc1ccccc1[O-],zinc,negative
C[C@@H](Cc1ccccc1)NC(=O)[C@@H](N)CCCCN,zinc,negative
CCOP(=O)(OCC)OC(=CCl)c1ccc(Cl)cc1Cl,zinc,negative
CCC(C)(O)CCc1ccccc1,zinc,negative
Cl.O=C1NCC2(CCN(CCc3ccccc3)CC2)O1,zinc,negative
ClC(Cl)(Cl)c1ccc(C(Cl)(Cl)Cl)cc1,zinc,negative
Cl.Cl.Nc1ccc(N)cc1,zinc,negative
CCCCC(CC)COC(=O)C=Cc1ccc(OC)cc1,zinc,negative
C/C=C/C1C(C(=O)OCc2c(F)c(F)c(COC)c(F)c2F)C1(C)C,zinc,negative
Brc1cc(-c2ccc(Br)c(Br)c2Br)cc(Br)c1Br,zinc,negative
c1ccc([Se][Se]c2ccccc2)cc1,zinc,negative
c1ccc2cc3cc4ccccc4cc3cc2c1,zinc,negative
Oc1ccc(O)c(-c2ccccc2)c1,zinc,negative
Cc1cc2ccccc2c2ccc3ccccc3c12,zinc,negative
Clc1ccc(-c2cc(Cl)c(Cl)cc2Cl)cc1Cl,zinc,negative
Clc1ccc(-c2ccc(Cl)c(Cl)c2Cl)cc1Cl,zinc,negative
Clc1ccc(-c2cc(Cl)c(Cl)c(Cl)c2Cl)cc1Cl,zinc,negative
Clc1cc(Cl)c(-c2c(Cl)c(Cl)cc(Cl)c2Cl)cc1Cl,zinc,negative
Brc1cc(Br)c(-c2cc(Br)c(Br)cc2Br)cc1Br,zinc,negative
CN1CCC[C@H]1c1cccnc1,zinc,negative
c1ccc2[nH]c(-c3cscn3)nc2c1,zinc,negative
CCN(Cc1ccc(Cl)nc1)/C(=C/[N+](=O)[O-])NC,zinc,negative
COc1ccc2[nH]cc(CCNC(C)=O)c2c1,zinc,negative
CN1C(=O)CN=C(c2ccccc2)c2cc(Cl)ccc21,zinc,negative
COc1ccc(Cc2nccc3cc(OC)c(OC)cc23)cc1OC,zinc,negative
c1ccc2c(c1)Nc1ccccc1S2,zinc,negative
CN1C(=O)CC[C@H]1c1cccnc1,zinc,negative
[O-][n+]1ccccc1[S-].[O-][n+]1ccccc1[S-].[Zn+2],zinc,negative
CCCCCCCCCCCCCCCC[n+]1ccccc1.[Cl-],zinc,negative
O=C(O)Cc1c[nH]c2ccccc12,zinc,negative
O=C(O)CCCc1c[nH]c2ccccc12,zinc,negative
C[C@@H](c1ncncc1F)[C@](O)(Cn1cncn1)c1ccc(F)cc1F,zinc,negative
Cc1ccc2nc3sc(=O)sc3nc2c1,zinc,negative
O=C(Nc1ccccc1-c1ccc(Cl)cc1)c1cccnc1Cl,zinc,negative
N[C@@H](Cc1c[nH]c2ccc(O)cc12)C(=O)O,zinc,negative
O=C(O)c1cccnc1C(=O)O,zinc,negative
Cc1cc(C)nc(NS(=O)(=O)c2ccc(N)cc2)n1,zinc,negative
N[C@@H](Cc1c[nH]c2ccccc12)C(=O)O,zinc,negative
Cc1ccc(-c2cc(C(F)(F)F)nn2-c2ccc(S(N)(=O)=O)cc2)cc1,zinc,negative
CCN(CC)CCCC(C)Nc1ccnc2cc(Cl)ccc12,zinc,negative
CCOC(=O)N1CCC(=C2c3ccc(Cl)cc3CCc3cccnc32)CC1,zinc,negative
OC(c1cc(C(F)(F)F)nc2c(C(F)(F)F)cccc12)C1CCCCN1,zinc,negative
CCn1cc(C(=O)O)c(=O)c2ccc(C)nc21,zinc,negative
CCc1nc(N)nc(N)c1-c1ccc(Cl)cc1,zinc,negative
CC[C@@H](CO)NC(=O)[C@@H]1C=C2c3cccc4[nH]cc(c34)C[C@H]2N(C)C1,zinc,negative
C[C@@H](CO)NC(=O)[C@@H]1C=C2c3cccc4[nH]cc(c34)C[C@H]2N(C)C1,zinc,negative
O=[N+]([O-])/N=C1\NCCN1Cc1ccc(Cl)nc1,zinc,negative
CCOP(=S)(OCC)Oc1nc(Cl)c(Cl)cc1Cl,zinc,negative
Clc1nc(Cl)nc(Nc2ccccc2Cl)n1,zinc,negative
CCCCNC(=O)n1c(NC(=O)OC)nc2ccccc21,zinc,negative
O=C(O)COc1nc(Cl)c(Cl)cc1Cl,zinc,negative
CCOCn1c(-c2ccc(Cl)cc2)c(C#N)c(Br)c1C(F)(F)F,zinc,negative
C[n+]1ccc(-c2cc[n+](C)cc2)cc1.[Cl-].[Cl-],zinc,negative
NCCc1c[nH]c2ccc(O)cc12,zinc,negative
CCOC(=O)C1=C[C@]2(CC)CCCN3CCc4c(n1c1ccccc41)[C@@H]32,zinc,negative
Nc1ccc(S(=O)(=O)Nc2nccs2)cc1,zinc,negative
CN(C)c1ccc2nc3ccc(=[N+](C)C)cc-3sc2c1.[Cl-],zinc,negative
NC(=Nc1ccccc1)Nc1ccccc1,zinc,negative
c1ccc2sc(SSc3nc4ccccc4s3)nc2c1,zinc,negative
Cc1ncc(CO)c(C=O)c1O,zinc,negative
Cc1ncc(CO)c(CO)c1O,zinc,negative
O=C(O)Cc1c[nH]c2ccc(O)cc12,zinc,negative
O=C(O)CCc1c[nH]c2ccccc12,zinc,negative
CC(C)C[C@H](NC(=O)[C@H](Cc1ccccc1)NC(=O)c1cnccn1)B(O)O,zinc,negative
CN(C)CCC(c1ccc(Cl)cc1)c1ccccn1,zinc,negative
Oc1c(I)cc(Cl)c2cccnc12,zinc,negative
CCC(=O)N(c1ccccc1)C1CCN(CCc2ccccc2)CC1,zinc,negative
O=C(CCNNC(=O)c1ccncc1)NCc1ccccc1,zinc,negative
CC(CN1c2ccccc2Sc2ccccc21)N(C)C,zinc,negative
COc1ccc(CN(CCN(C)C)c2ccccn2)cc1,zinc,negative
CNS(=O)(=O)Cc1ccc2[nH]cc(CCN(C)C)c2c1,zinc,negative
O=c1n(CCCN2CCN(c3cccc(Cl)c3)CC2)nc2ccccn12,zinc,negative
Nc1nc(N)c2nc(-c3ccccc3)c(N)nc2n1,zinc,negative
CC(CN(C)C)CN1c2ccccc2Sc2ccccc21,zinc,negative
Cc1c(N(C)C)c(=O)n(-c2ccccc2)n1C,zinc,negative
CCc1cc(C(N)=S)ccn1,zinc,negative
Cc1ccc(/C(=C\CN2CCCC2)c2ccccn2)cc1,zinc,negative
CS(=O)(=O)c1ccc(C(=O)Nc2ccc(Cl)c(-c3ccccn3)c2)c(Cl)c1,zinc,negative
Cc1cc2c(s1)Nc1ccccc1N=C2N1CCN(C)CC1,zinc,negative
Nc1c2c(nc3ccccc13)CCCC2,zinc,negative
Cc1cc(=O)n(-c2ccccc2)n1C,zinc,negative
NNc1nncc2ccccc12,zinc,negative
CC1=NN(c2ccccc2)C(=O)C1,zinc,negative
Cc1ccnc2c1NC(=O)c1cccnc1N2C1CC1,zinc,negative
O=C(CCCCCCC(=O)Nc1ccccc1)NO,zinc,negative
Clc1ccc2c(c1)CCc1cccnc1C2=C1CCNCC1,zinc,negative
CC(C)(C)NC(=O)[C@@H]1CN(Cc2cccnc2)CCN1C[C@@H](O)C[C@@H](Cc1ccccc1)C(=O)N[C@H]1c2ccccc2C[C@H]1O,zinc,negative
Clc1ccccc1C(c1ccccc1)(c1ccccc1)n1ccnc1,zinc,negative
CCCCc1ccc(C(=O)O)nc1,zinc,negative
CCc1ccc(CCOc2ccc(CC3SC(=O)NC3=O)cc2)nc1,zinc,negative
COc1cc(NC(C)CCCN)c2ncccc2c1,zinc,negative
CCN(CC)C(=O)[C@@H]1C=C2c3cccc4[nH]cc(c34)C[C@H]2N(C)C1,zinc,negative
CN(C)CCc1c[nH]c2ccccc12,zinc,negative
CN(C)CCC(c1ccc(Br)cc1)c1ccccn1,zinc,negative
c1ccc2c(c1)[nH]c1ccccc12,zinc,negative
c1cncc([C@@H]2CCCCN2)c1,zinc,negative
NC(=S)Nc1ccccc1,zinc,negative
NC(=NCCCCCCN=C(N)/N=C(\N)Nc1ccc(Cl)cc1)/N=C(\N)Nc1ccc(Cl)cc1,zinc,negative
N#CSCSc1nc2ccccc2s1,zinc,negative
CC(c1ccc(C(F)(F)F)nc1)S(C)(=O)=NC#N,zinc,negative
COP(=S)(OC)Oc1nc(Cl)c(Cl)cc1Cl,zinc,negative
Cc1cc(C)nc(Nc2ccccc2)n1,zinc,negative
CC(C)OC(=O)Nc1ccccc1,zinc,negative
COC(=O)Nc1nc2ccccc2[nH]1,zinc,negative
c1ccc(Nc2ccc(Nc3ccccc3)cc2)cc1,zinc,negative
c1ccc2sc(SNC3CCCCC3)nc2c1,zinc,negative
O=C(CCCN1CCN(c2ccccn2)CC1)c1ccc(F)cc1,zinc,negative
S=C(Nc1ccccc1)Nc1ccccc1,zinc,negative
NCCc1c[nH]c2ccccc12,zinc,negative
Cc1ncc(COP(=O)(O)O)c(C=O)c1O,zinc,negative
CCC[C@@]1(CCc2ccccc2)CC(O)=C([C@H](CC)c2cccc(NS(=O)(=O)c3ccc(C(F)(F)F)cn3)c2)C(=O)O1,zinc,negative
c1ccc(-c2ccc(C(c3ccccc3)n3ccnc3)cc2)cc1,zinc,negative
Brc1c(NC2=NCCN2)ccc2nccnc12,zinc,negative
CC(C)N(CCC(C(N)=O)(c1ccccc1)c1ccccn1)C(C)C,zinc,negative
Cc1cnc(C(=O)NCCc2ccc(S(=O)(=O)NC(=O)NC3CCCCC3)cc2)cn1,zinc,negative
CC(C)(C(=O)c1cccnc1)c1cccnc1,zinc,negative
CN1CCN2c3ccccc3Cc3ccccc3C2C1,zinc,negative
Cc1[nH]c(=O)c(C#N)cc1-c1ccncc1,zinc,negative
CN(C)CCCN1c2ccccc2Sc2ccccc21,zinc,negative
CN(C)CCc1c[nH]c2ccc(Cn3cncn3)cc12,zinc,negative
Cc1ccc(NC(=O)c2ccc(CN3CCN(C)CC3)cc2)cc1Nc1nccc(-c2cccnc2)n1,zinc,negative
COc1cnc(NS(=O)(=O)c2ccc(N)cc2)nc1,zinc,negative
Nc1ccc(S(=O)(=O)Nc2ccccn2)cc1,zinc,negative
CCN(Cc1ccncc1)C(=O)C(CO)c1ccccc1,zinc,negative
OCCN1CCN(CCCN2c3ccccc3C=Cc3ccccc32)CC1,zinc,negative
CC[C@@H](CO)NC(=O)[C@@H]1C=C2c3cccc4c3c(cn4C)C[C@H]2N(C)C1,zinc,negative
CN(C)CCOC(C)(c1ccccc1)c1ccccn1.O=C(O)CCC(=O)O,zinc,negative
CC(C1=C(CCN(C)C)Cc2ccccc21)c1ccccn1,zinc,negative
Cc1cccc(Nc2ccncc2S(=O)(=O)NC(=O)NC(C)C)c1,zinc,negative
CCCN1C[C@H](CSC)C[C@@H]2c3cccc4[nH]cc(c34)C[C@H]21,zinc,negative
CN(C)CCc1c[nH]c2ccc(C[C@H]3COC(=O)N3)cc12,zinc,negative
CN(c1nccc(=O)[nH]1)C1CCN(c2nc3ccccc3n2Cc2ccc(F)cc2)CC1,zinc,negative
Cc1ccc(-c2ncc(Cl)cc2-c2ccc(S(C)(=O)=O)cc2)cn1,zinc,negative
CCOC(=O)c1cncn1[C@H](C)c1ccccc1,zinc,negative
COc1ccc(CN(CCN(C)C)c2ccccn2)cc1.O=C(O)/C=C\C(=O)O,zinc,negative
c1cnc2cc3c(cc2n1)[C@@H]1CNC[C@H]3C1,zinc,negative
Cc1cccc([C@H](C)c2cnc[nH]2)c1C,zinc,negative
CN1C(C(=O)Nc2ccccn2)=C(O)c2sccc2S1(=O)=O,zinc,negative
CN1CCN(C2=Nc3cc(Cl)ccc3Nc3ccccc32)CC1,zinc,negative
O=C(Cn1ccnc1[N+](=O)[O-])NCc1ccccc1,zinc,negative
O=P(O)(O)C(O)(Cc1cccnc1)P(=O)(O)O,zinc,negative
Clc1ccc([C@H]2C[C@@H]3CC[C@H]2N3)cn1,zinc,negative
CCN(CC)Cc1cc(Nc2ccnc3cc(Cl)ccc23)ccc1O,zinc,negative
c1ccc(CN(CC2=NCCN2)c2ccccc2)cc1,zinc,negative
CC(=O)Oc1ccc(C(c2ccc(OC(C)=O)cc2)c2ccccn2)cc1,zinc,negative
CN(C)CCOC(C)(c1ccccc1)c1ccccn1,zinc,negative
Oc1c(I)cc(I)c2cccnc12,zinc,negative
CN(C)CCN(Cc1cccs1)c1ccccn1,zinc,negative
Cc1ncc2n1-c1ccc(Cl)cc1C(c1ccccc1F)=NC2,zinc,negative
CSc1ccc2c(c1)N(CCC1CCCCN1C)c1ccccc1S2,zinc,negative
Cc1ccc(C(=O)c2ccc(CC(=O)O)n2C)cc1,zinc,negative
CN(C)CCN(Cc1ccccc1)c1ccccn1,zinc,negative
Nc1ccc(Nc2ccccc2)cc1,zinc,negative
O=C(O)c1cc(-c2ccccc2)nc2ccccc12,zinc,negative
CC(C)CC(C)Nc1ccc(Nc2ccccc2)cc1,zinc,negative
Cc1ccc(=O)n(-c2ccccc2)c1,zinc,negative
CCCCCn1cc(C(=O)c2cccc3ccccc23)c2ccccc21,zinc,negative
CCCCn1cc(C(=O)c2cccc3ccccc23)c2ccccc21,zinc,negative
c1cncc(C2CCCCN2)c1,zinc,negative
CC(C)NNC(=O)c1ccncc1,zinc,negative
Nc1ccc(S(=O)(=O)Nc2ncccn2)cc1,zinc,negative
CN(C)CCc1c[nH]c2ccc(O)cc12,zinc,negative
CN(C)CCc1c[nH]c2cccc(OP(=O)(O)O)c12,zinc,negative
O=[N+]([O-])c1ccc(O)c2ncccc12,zinc,negative
COc1ccc2c(c1)[nH]c1c(C)nccc12,zinc,negative
CC(=O)OCC1=C(C(=O)O)N2C(=O)[C@@H](NC(=O)CSc3ccncc3)[C@H]2SC1,zinc,negative
[Na+].[S-]c1nc2ccccc2s1,zinc,negative
CC(C)Nc1ccc(Nc2ccccc2)cc1,zinc,negative
Cl.NNc1nncc2ccccc12,zinc,negative
O=C(O)c1ccc(Cl)nc1,zinc,negative
CC(C)N(C(=O)CCl)c1ccccc1,zinc,negative
CN(C)C(=O)Nc1ccc(Cl)cc1,zinc,negative
CCOP(=S)(OCC)Oc1ncn(-c2ccccc2)n1,zinc,negative
Cc1cc(C2CC2)nc(Nc2ccccc2)n1,zinc,negative
Cc1ccn2nc(S(=O)(=O)Nc3c(F)cccc3F)nc2n1,zinc,negative
C#CCOC(=O)[C@@H](C)Oc1ccc(Oc2ncc(Cl)cc2F)cc1,zinc,negative
O=C(Nc1ccccc1)Nc1ccnc(Cl)c1,zinc,negative
Fc1ccc(Oc2ccnc3cc(Cl)cc(Cl)c23)cc1,zinc,negative
CC1=NNC(=O)N(/N=C/c2cccnc2)C1,zinc,negative
Cc1ccc(-c2c(Cl)nc(C#N)n2S(=O)(=O)N(C)C)cc1,zinc,negative
O=C1c2ccccc2C(=O)C1c1ccc2ccccc2n1,zinc,negative
O=[N+]([O-])c1cc[n+]([O-])c2ccccc12,zinc,negative
CN1C[C@H](C(N)=O)C=C2c3cccc4[nH]cc(c34)C[C@H]21,zinc,negative
CNc1cnn(-c2cccc(C(F)(F)F)c2)c(=O)c1Cl,zinc,negative
COCc1cnc(C2=NC(C)(C(C)C)C(=O)N2)c(C(=O)O)c1,zinc,negative
NC(Cc1c[nH]c2ccc(O)cc12)C(=O)O,zinc,negative
CN(C)C(=O)Oc1ccc[n+](C)c1.[Br-],zinc,negative
CN(C)CC[C@@H](c1ccc(Cl)cc1)c1ccccn1,zinc,negative
CN1CCCC1c1cccnc1,zinc,negative
Cc1cc(N)c2ccccc2[n+]1CCCCCCCCCC[n+]1c(C)cc(N)c2ccccc21.[Cl-].[Cl-],zinc,negative
CCN(CC)CCCC(C)Nc1ccnc2cc(Cl)ccc12.O=P(O)(O)O.O=P(O)(O)O,zinc,negative
c1ccc(CNc2ncnc3nc[nH]c23)cc1,zinc,negative
N#CN=C1SCCN1Cc1ccc(Cl)nc1,zinc,negative
O=C(Nc1ccccc1)Nc1cnns1,zinc,negative
c1ccc(-c2ccccn2)nc1,zinc,negative
Cc1ncc(COP(=O)([O-])[O-])c(C)c1O,zinc,negative
NCc1[nH]cc(CCC(=O)O)c1CC(=O)O,zinc,negative
CC(C)C(=O)c1c(C(C)C)nn2ccccc12,zinc,negative
CN1C[C@H](CNC(=O)OCc2ccccc2)C[C@@H]2c3cccc4c3c(cn4C)C[C@H]21,zinc,negative
O=C(NCCO[N+](=O)[O-])c1cccnc1,zinc,negative
N#Cc1ccc(C2CCCc3cncn32)cc1,zinc,negative
O=C1NCCN1CCN1CCC(c2cn(-c3ccc(F)cc3)c3ccc(Cl)cc23)CC1,zinc,negative
CCN(CC)CC1CCCCN1CC(=O)N1c2ccccc2C(=O)Nc2cccnc21,zinc,negative
CCN1CCN(c2cc(-c3ccc(F)cc3)c3c(n2)CCCCCC3)CC1,zinc,negative
C[C@]12CC[C@H](O)CC1=CC[C@@H]1[C@@H]2CC[C@]2(C)C(c3cccnc3)=CC[C@@H]12,zinc,negative
CN(C)CC[C@@H](c1ccc(Cl)cc1)c1ccccn1.O=C(O)/C=C\C(=O)O,zinc,negative
CC(=O)c1c(C)c2cnc(Nc3ccc(N4CCNCC4)cn3)nc2n(C2CCCC2)c1=O,zinc,negative
CN1C(C(=O)Nc2ccccn2)=C(O)c2sc(Cl)cc2S1(=O)=O,zinc,negative
Cc1ncc2n1-c1ccc(Cl)cc1C(c1ccccc1F)=NC2.Cl,zinc,negative
Cc1cc(/C=C/C#N)cc(C)c1Nc1ccnc(Nc2ccc(C#N)cc2)n1,zinc,negative
N#CC[C@H](C1CCCC1)n1cc(-c2ncnc3[nH]ccc23)cn1,zinc,negative
Oc1c(Br)cc(Br)c2cccnc12,zinc,negative
Oc1c(Cl)cc(Cl)c2cccnc12,zinc,negative
Clc1ccc2c(c1)C(c1ccccc1)=NCc1nncn1-2,zinc,negative
CCN(CCO)CCCC(C)Nc1ccnc2cc(Cl)ccc12,zinc,negative
Nc1cc(-c2ccncc2)c[nH]c1=O,zinc,negative
Cc1c(C(C)C)c(=O)n(-c2ccccc2)n1C,zinc,negative
O=C(c1ccccc1)c1ccc2n1CCC2C(=O)O,zinc,negative
CN1CCN2c3ncccc3Cc3ccccc3C2C1,zinc,negative
O=C(O)c1cccnc1Nc1cccc(C(F)(F)F)c1,zinc,negative
CN(C)CCC(c1ccccc1)c1ccccn1,zinc,negative
CN1CCN(CC(=O)N2c3ccccc3C(=O)Nc3cccnc32)CC1,zinc,negative
CCCNC(C)C(=O)Nc1ccccc1C,zinc,negative
Fc1ccccc1C1=NCC(=S)N(CC(F)(F)F)c2ccc(Cl)cc21,zinc,negative
Cc1ccnc(NS(=O)(=O)c2ccc(N)cc2)n1,zinc,negative
NS(=O)(=O)c1ccc(N2CCCCS2(=O)=O)cc1,zinc,negative
CCN(C(C)=O)c1cccc(-c2ccnc3c(C#N)cnn23)c1,zinc,negative
Cc1ccc(-c2nc3ccc(C)cn3c2CC(=O)N(C)C)cc1,zinc,negative
Nc1ccc2cc3ccc(N)cc3nc2c1,zinc,negative
COc1nccnc1NS(=O)(=O)c1ccc(N)cc1,zinc,negative
O=C(NC1CCN(CCc2c[nH]c3ccccc23)CC1)c1ccccc1,zinc,negative
CCOC(=O)Nc1ccc(NCc2ccc(F)cc2)nc1N,zinc,negative
CC(C)Cn1cnc2c(N)nc3ccccc3c21,zinc,negative
CN[C@@H]1CCc2[nH]c3ccc(C(N)=O)cc3c2C1,zinc,negative
CN1CCC[C@@H]1Cc1c[nH]c2ccc(CCS(=O)(=O)c3ccccc3)cc12,zinc,negative
CN(C)CCc1c[nH]c2ccc(CS(=O)(=O)N3CCCC3)cc12,zinc,negative
NC(=O)c1cn(Cc2c(F)cccc2F)nn1,zinc,negative
CCCc1cc(C(N)=S)ccn1,zinc,negative
CN(C)C/C=C(/c1ccc(Br)cc1)c1cccnc1,zinc,negative
CN1C(C(=O)Nc2ccccn2)=C(O)c2ccccc2S1(=O)=O,zinc,negative
C[n+]1ccccc1/C=N/O.[Cl-],zinc,negative
COc1ccc2[nH]cc(CCN(C)C)c2c1,zinc,negative
CC(C)N=c1cc2n(-c3ccc(Cl)cc3)c3ccccc3nc-2cc1Nc1ccc(Cl)cc1,zinc,negative
Cn1c(N)nc2ncc(-c3ccccc3)cc21,zinc,negative
c1ccc2nc3ccccc3cc2c1,zinc,negative
c1ccc2sc(SN3CCOCC3)nc2c1,zinc,negative
CCCCCCCCCCCCCCCC[n+]1ccccc1.[Br-],zinc,negative
OC(c1ccc(Cl)cc1)(c1cncnc1)c1ccccc1Cl,zinc,negative
O=[N+]([O-])c1cc(C(F)(F)F)c(Cl)c([N+](=O)[O-])c1Nc1ncc(C(F)(F)F)cc1Cl,zinc,negative
[Br-].[Br-].c1cc[n+]2c(c1)-c1cccc[n+]1CC2,zinc,negative
CCS(=O)(=O)c1cccnc1S(=O)(=O)NC(=O)Nc1nc(OC)cc(OC)n1,zinc,negative
COc1ccc2[nH]cc(CCN)c2c1,zinc,negative
c1ccc2nc3c(ccc4ccccc43)cc2c1,zinc,negative
O=C(NCc1cccnc1)Nc1ccc([N+](=O)[O-])cc1,zinc,negative
Nc1ccc2c(n1)[nH]c1ccccc12,zinc,negative
NC(Cc1c[nH]c2ccccc12)C(=O)O,zinc,negative
N[C@H](Cc1c[nH]c2ccccc12)C(=O)O,zinc,negative
c1cc[n+]2c(c1)-c1cccc[n+]1CC2,zinc,negative
[Cu+2].[O-]c1cccc2cccnc12.[O-]c1cccc2cccnc12,zinc,negative
CN1C(=O)CCC1c1cccnc1,zinc,negative
CN(C)CCOC(c1ccc(Cl)cc1)c1ccccn1,zinc,negative
Cc1cc(/C=C/c2ccc3cc(N(C)C)ccc3[n+]2C)c(C)n1-c1ccccc1,zinc,negative
CC1(C)N=C(N)N=C(N)N1c1ccc(Cl)cc1,zinc,negative
Cc1ncc(CO)c(CN)c1O,zinc,negative
C[n+]1ccc(-c2cc[n+](C)cc2)cc1,zinc,negative
CC(COc1ccc(Oc2ccccc2)cc1)Oc1ccccn1,zinc,negative
Cc1ncc(CO)c(CO)c1O.Cl,zinc,negative
CC(CN1c2ccccc2Sc2ccccc21)N(C)C.Cl,zinc,negative
CN(C)CCN(Cc1ccccc1)c1ccccn1.Cl,zinc,negative
CCN(CCO)CCCC(C)Nc1ccnc2cc(Cl)ccc12.O=S(=O)(O)O,zinc,negative
CNS(=O)(=O)Cc1ccc2[nH]cc(CCN(C)C)c2c1.O=C(O)CCC(=O)O,zinc,negative
CCc1ccc(CCOc2ccc(CC3SC(=O)NC3=O)cc2)nc1.Cl,zinc,negative
CN(C)CCC(c1ccc(Cl)cc1)c1ccccn1.O=C(O)/C=C\C(=O)O,zinc,negative
CN(C)CCOC(c1ccc(Cl)cc1)c1ccccn1.O=C(O)/C=C\C(=O)O,zinc,negative
Nc1ccc(S(=O)(=O)Nc2cnc3ccccc3n2)cc1,zinc,negative
CN(C)CCN(Cc1ccsc1)c1ccccn1,zinc,negative
CCC(=O)N(c1ccccc1)C1CCN(CCc2ccccc2)CC1C,zinc,negative
CN(C)CCc1c[nH]c2cccc(O)c12,zinc,negative
COc1ccc(Cc2nccc3cc(OC)c(OC)cc23)cc1OC.Cl,zinc,negative
CC[n+]1c(-c2ccccc2)c2cc(N)ccc2c2ccc(N)cc21.[Br-],zinc,negative
N#CCNC(=O)c1cnccc1C(F)(F)F,zinc,negative
O=[N+]([O-])Nc1nccn1Cc1ccc(Cl)nc1,zinc,negative
CC1CCCCC1NC(=O)Nc1ccccc1,zinc,negative
CCCCOC(=O)C(C)Oc1ccc(Oc2ccc(C(F)(F)F)cn2)cc1,zinc,negative
CC(C)C1(C)N=C(c2ncccc2C(=O)O)NC1=O,zinc,negative
O=C(O)c1c(Cl)ccc2cc(Cl)cnc12,zinc,negative
CN(C)Cc1c[nH]c2ccccc12,zinc,negative
OCCc1c[nH]c2ccccc12,zinc,negative
COc1nccnc1CC(C)C,zinc,negative
c1ccc2c(c1)[nH]c1cnccc12,zinc,negative
C=C[C@H]1CN2CC[C@H]1C[C@H]2[C@H](O)c1ccnc2ccccc12,zinc,negative
O=C(Nc1ccccc1)Nc1ccccc1,zinc,negative
[O-][n+]1ccccc1SSc1cccc[n+]1[O-],zinc,negative
O=C(O)c1cccc(C(=O)O)n1,zinc,negative
COC(=O)NN=Cc1c[n+]([O-])c2ccccc2[n+]1[O-],zinc,negative
O=C(/C=C\n1cnc(-c2cc(C(F)(F)F)cc(C(F)(F)F)c2)n1)NNc1cnccn1,zinc,negative
CCN(CC)C(=O)N[C@H]1C=C2c3cccc4[nH]cc(c34)C[C@H]2N(C)C1,zinc,negative
CC(N=C(NC#N)Nc1ccncc1)C(C)(C)C.O,zinc,negative
Cc1cc(C)c(Nc2ccnc(Nc3ccc(C#N)cc3)n2)c(C)c1,zinc,negative
Cc1[nH]c2ccccc2c1CCNCc1ccc(/C=C/C(=O)NO)cc1,zinc,negative
NC(=O)c1cccc2cn(-c3ccc([C@@H]4CCCNC4)cc3)nc12,zinc,negative
CC(C)(C)c1nc(-c2cccc(NS(=O)(=O)c3c(F)cccc3F)c2F)c(-c2ccnc(N)n2)s1,zinc,negative
CCN1CCN(Cc2ccc(Nc3ncc(F)c(-c4cc(F)c5nc(C)n(C(C)C)c5c4)n3)nc2)CC1,zinc,negative
CCCN(CCC)C(=O)Cc1c(-c2ccc(Cl)cc2)nc2ccc(Cl)cn12,zinc,negative
Cc1cc(-c2ccccc2)nnc1NCCN1CCOCC1,zinc,negative
CC(N)Cc1c[nH]c2ccccc12,zinc,negative
Cc1c(Cl)cccc1Nc1ncccc1C(=O)O,zinc,negative
Cc1c(-c2cnccn2)ssc1=S,zinc,negative
CCN(CC)C(=O)N[C@H]1C[C@@H]2c3cccc4[nH]cc(c34)C[C@H]2N(C)C1,zinc,negative
Cc1ccccc1N1CCN(CCc2nnc3n2CCCC3)CC1,zinc,negative
O=C(CS(=O)Cc1ccco1)NC/C=C\COc1cc(CN2CCCCC2)ccn1,zinc,negative
CC(Cc1ccccc1)[n+]1cc(/N=C(\[O-])Nc2ccccc2)on1,zinc,negative
CC(=O)Nc1ccc(/C=N/NC(N)=S)cc1,zinc,negative
CC(=O)O[C@H]1CC[C@@]2(C)C(=CC[C@@H]3[C@@H]2CC[C@]2(C)C(c4cccnc4)=CC[C@@H]32)C1,zinc,negative
N#Cc1ccccc1-c1cc(-c2ccccn2)cn(-c2ccccc2)c1=O,zinc,negative
CN1CCC(C(=O)c2cccc(NC(=O)c3c(F)cc(F)cc3F)n2)CC1,zinc,negative
CNC(=O)c1ccc(N2C(=S)N(c3cnc(C#N)c(C(F)(F)F)c3)C(=O)C23CCC3)cc1F,zinc,negative
COc1ccsc1CNCC[C@@]1(c2ccccn2)CCOC2(CCCC2)C1,zinc,negative
O=C(Cc1cccs1)N[C@@H]1C(=O)N2C(C(=O)[O-])=C(C[n+]3ccccc3)CS[C@H]12,zinc,negative
C=CCN1C[C@H](C(=O)N(CCCN(C)C)C(=O)NCC)C[C@@H]2c3cccc4[nH]cc(c34)C[C@H]21,zinc,negative
Nc1ccc(S(=O)(=O)[N-]c2ncccn2)cc1.[Ag+],zinc,negative
NC(=O)N1CCC(CC(=O)N2CCC([C@H]3c4ncc(Br)cc4CCc4cc(Cl)cc(Br)c43)CC2)CC1,zinc,negative
CN1CCN(CCCN2c3ccccc3Sc3ccccc32)CC1,zinc,negative
Cc1cc(CC(=O)O)n(C)c1C(=O)c1ccc(Cl)cc1,zinc,negative
CN1CCC(CN2c3ccccc3Sc3ccccc32)C1,zinc,negative
CCCc1ncc(C[n+]2ccccc2C)c(N)n1.Cl.[Cl-],zinc,negative
CNc1c(C)n(C)n(-c2ccccc2)c1=O,zinc,negative
CCOP(=S)(OCC)Oc1cnc2ccccc2n1,zinc,negative
O=C(NCCc1ncc(C(F)(F)F)cc1Cl)c1ccccc1C(F)(F)F,zinc,negative
O=C1CCN(c2ccccc2)N1,zinc,negative
O=Nc1ccc(O)c2ncccc12,zinc,negative
CN(C)c1ccc2cc3ccc(N(C)C)cc3nc2c1,zinc,negative
c1ccc2c(c1)ccc1[nH]c3ccc4ccccc4c3c12,zinc,negative
Cc1cnc2ccc3c(nc(N)n3C)c2n1,zinc,negative
CN(CCCC(=O)c1cccnc1)N=O,zinc,negative
O=NN(c1ccccc1)c1ccccc1,zinc,negative
Clc1cccc(C(Cl)(Cl)Cl)n1,zinc,negative
CCC(C)N(C)C(=O)c1cc2ccccc2c(-c2ccccc2Cl)n1,zinc,negative
CCN(CC)C(C)CN1c2ccccc2Sc2ccccc21,zinc,negative
CNS(=O)(=O)CCc1ccc2[nH]cc(C3CCN(C)CC3)c2c1,zinc,negative
CN(C)C(=O)Oc1ccc[n+](C)c1,zinc,negative
Nc1ccc(S(=O)(=O)Nc2ccnn2-c2ccccc2)cc1,zinc,negative
CN1CCC(=C2c3ccccc3CCc3cccnc32)CC1,zinc,negative
Cc1ccc2c(-c3ccccc3)nc(=O)n(C(C)C)c2c1,zinc,negative
CC(C)N=C(N)/N=C(\N)Nc1ccc(Cl)cc1,zinc,negative
CNCCc1c[nH]c2ccccc12,zinc,negative
CC(C)(C)NCC(O)c1ccc(O)c(CO)n1,zinc,negative
O=S(=O)(O)Oc1c[nH]c2ccccc12,zinc,negative
Nc1ccccc1NC(=O)c1ccc(CNC(=O)OCc2cccnc2)cc1,zinc,negative
c1ccc(Cn2ccnc2)cc1,zinc,negative
NC(=O)c1ccc(N(C(N)=O)c2c(F)cccc2F)nc1-c1ccc(F)cc1F,zinc,negative
CC1(C)CNc2cc(NC(=O)c3cccnc3NCc3ccncc3)ccc21,zinc,negative
CN1CCC(=C2c3ccccc3CCn3c(C=O)cnc32)CC1,zinc,negative
Cc1cccc(C(C)c2cnc[nH]2)c1C,zinc,negative
C[n+]1c2cc(N)ccc2cc2ccc(N)cc21.Nc1ccc2cc3ccc(N)cc3nc2c1.[Cl-],zinc,negative
O=C1N=C(N2CCOCC2)CN1c1ccc(Cl)cc1,zinc,negative
Clc1ccc2c(c1)N=C(N1CCNCC1)c1ccccc1N2,zinc,negative
c1ccc2c(Cc3c[nH]c4ccccc34)c[nH]c2c1,zinc,negative
CC(=O)NCCc1c[nH]c2ccc(O)cc12,zinc,negative
c1ccc2c3c([nH]c2c1)CNCC3,zinc,negative
Cc1cc(N)c2ccccc2[n+]1CCCCCCCCCC[n+]1c(C)cc(N)c2ccccc21,zinc,negative
OCCc1c[nH]c2ccc(O)cc12,zinc,negative
Cc1ncc(COP(=O)(O)O)c(CN)c1O,zinc,negative
CN1C(=O)CN=C(c2ccccc2)c2cc([N+](=O)[O-])ccc21,zinc,negative
Cl.c1ccc(CN(CC2=NCCN2)c2ccccc2)cc1,zinc,negative
CCCNC(C)C(=O)Nc1ccccc1C.Cl,zinc,negative
Cl.Nc1c2c(nc3ccccc13)CCCC2,zinc,negative
CC(C)N=C(N)/N=C(\N)Nc1ccc(Cl)cc1.Cl,zinc,negative
CCCN1C[C@H](CSC)C[C@@H]2c3cccc4[nH]cc(c34)C[C@H]21.CS(=O)(=O)O,zinc,negative
CN1CCC(CN2c3ccccc3Sc3ccccc32)C1.Cl,zinc,negative
c1cnc2c(c1)ccc1cccnc12,zinc,negative
Cc1c(N)c(=O)n(-c2ccccc2)n1C,zinc,negative
OCC(O)CN1CCN(c2ccccc2)CC1,zinc,negative
CCOc1ccc(Cc2nccc3cc(OCC)c(OCC)cc23)cc1OCC,zinc,negative
CN1CCN=C(c2ccccc2)c2cc(Cl)ccc21,zinc,negative
O=C(O)CCC(=O)Nc1ccc(S(=O)(=O)Nc2nccs2)cc1,zinc,negative
COc1cc(NS(=O)(=O)c2ccc(N)cc2)ncn1,zinc,negative
Cc1cc(NS(=O)(=O)c2ccc(N)cc2)nc(C)n1,zinc,negative
CN(C)CCCN1c2ccccc2Sc2ccccc21.Cl,zinc,negative
Nc1c2ccccc2nc2ccccc12,zinc,negative
CCN(CC)c1ccc(C(=C2C=CC(=[N+](CC)CC)C=C2)c2ccccc2)cc1.O=S(=O)([O-])O,zinc,negative
CN(C)CCN(Cc1ccc(Cl)cc1)c1ccccn1,zinc,negative
Cl.O=c1n(CCCN2CCN(c3cccc(Cl)c3)CC2)nc2ccccn12,zinc,negative
Cc1cncc(CN2CCC(=C3c4ccc(Cl)cc4CCc4cccnc43)CC2)c1,zinc,negative
CN(C)CCC(c1ccc(Br)cc1)c1ccccn1.O=C(O)/C=C\C(=O)O,zinc,negative
CN(C)CCC(c1ccccc1)c1ccccn1.O=C(O)/C=C\C(=O)O,zinc,negative
Cc1ccc(/C(=C\CN2CCCC2)c2ccccn2)cc1.Cl,zinc,negative
CCN1/C(=C/C=C/C=C/c2sc3ccccc3[n+]2CC)Sc2ccccc21.[I-],zinc,negative
CC(=O)OCC1=C(C(=O)[O-])N2C(=O)[C@@H](NC(=O)CSc3ccncc3)[C@H]2SC1.[Na+],zinc,negative
CCN(CC)C(=O)c1cccnc1,zinc,negative
O=C1NC(=O)C2C3C(C(O)(c4ccccc4)c4ccccn4)=CC(C3=C(c3ccccc3)c3ccccn3)C12,zinc,negative
O=C(c1cccc2ccccc12)c1cn(CCN2CCOCC2)c2ccccc12,zinc,negative
COS(=O)(=O)[O-].Cn1c(-c2ccccc2)cc(-c2ccccc2)[n+]1C,zinc,negative
OC(c1ccc(F)cc1)(c1cncnc1)c1ccccc1Cl,zinc,negative
O=C(Nc1ccc(F)cc1F)c1cccnc1Oc1cccc(C(F)(F)F)c1,zinc,negative
CSC(=O)c1c(C(F)F)nc(C(F)(F)F)c(C(=O)SC)c1CC(C)C,zinc,negative
CCCCOC(=O)[C@@H](C)Oc1ccc(Oc2ccc(C(F)(F)F)cn2)cc1,zinc,negative
Cc1cnc(C2=NC(C)(C(C)C)C(=O)N2)c(C(=O)O)c1,zinc,negative
Nc1cnn(-c2ccccc2)c(=O)c1Cl,zinc,negative
O=C(O)c1nc(Cl)ccc1Cl,zinc,negative
FC(F)(F)c1ccc(OCCCOc2c(Cl)cc(OCC=C(Cl)Cl)cc2Cl)nc1,zinc,negative
O=[N+]([O-])NC1=NCCN1Cc1ccc(Cl)nc1,zinc,negative
CCOP(=O)(OCC)Oc1nc(Cl)c(Cl)cc1Cl,zinc,negative
Cc1c2ccncc2c(C)c2c1[nH]c1ccccc12,zinc,negative
c1ccc2nc3ccccc3nc2c1,zinc,negative
CN1C[C@H](CO)C=C2c3cccc4[nH]cc(c34)C[C@H]21,zinc,negative
CC1=C[C@@H]2c3cccc4[nH]cc(c34)C[C@H]2N(C)C1,zinc,negative
C=C[C@H]1CN2CC[C@H]1C[C@@H]2[C@@H](O)c1ccnc2ccccc12,zinc,negative
O=NN1CCC[C@H]1c1cccnc1,zinc,negative
CSc1nc2ccccc2s1,zinc,negative
CN(C)C(=O)Nc1ccccc1,zinc,negative
CCc1cnc(C2=NC(C)(C(C)C)C(=O)N2)c(C(=O)O)c1,zinc,negative
CC(=NC#N)N(C)Cc1ccc(Cl)nc1,zinc,negative
Clc1nc(Cl)c(Cl)c(Cl)c1Cl,zinc,negative
CCc1ncc(C)nc1CC,zinc,negative
O=S(=O)(O)O.Oc1cccc2cccnc12.Oc1cccc2cccnc12,zinc,negative
O=C(Oc1cccc2cccnc12)c1ccccc1,zinc,negative
O=[N+]([O-])c1ccc2nc[nH]c2c1,zinc,negative
C[n+]1c2cc(N)ccc2cc2ccc(N)cc21.[Cl-],zinc,negative
Cc1ncc(CO)c(CN)c1O.Cl.Cl,zinc,negative
CCOC(=O)c1cccnc1,zinc,negative
CCCCCCCCCCCCCCCC[n+]1ccccc1,zinc,negative
CCCCc1cc2ccccc2c(OCCN(C)C)n1,zinc,negative
O=C(Nc1cccc(C2=NCCN2)c1)Nc1cccc(C2=NCCN2)c1,zinc,negative
Clc1cccc(N2CCNCC2)c1,zinc,negative
C=CC1CN2CCC1CC2C(O)c1ccnc2ccccc12,zinc,negative
CC(C)N(CCCCOCC(=O)NS(C)(=O)=O)c1cnc(-c2ccccc2)c(-c2ccccc2)n1,zinc,negative
CCOC(=O)N[C@@H]1CC[C@@H]2[C@@H](C1)C[C@H]1C(=O)O[C@H](C)[C@H]1[C@H]2/C=C/c1ccc(-c2cccc(F)c2)cn1,zinc,negative
Cn1nnc(-c2ccc(-c3ccc(N4C[C@H](CO)OC4=O)cc3F)cn2)n1,zinc,negative
COC(=O)N(C)c1c(N)nc(-c2nn(Cc3ccccc3F)c3ncccc23)nc1N,zinc,negative
Cn1nnc(-c2ccc(-c3ccc(N4C[C@H](COP(=O)(O)O)OC4=O)cc3F)cn2)n1,zinc,negative
N#CCNC(=O)c1ccc(-c2ccnc(Nc3ccc(N4CCOCC4)cc3)n2)cc1,zinc,negative
CN(C)C(=O)c1cc2cnc(Nc3ccc(N4CCNCC4)cn3)nc2n1C1CCCC1,zinc,negative
Cc1nc(NC(=O)N2CCC[C@H]2C(N)=O)sc1-c1ccnc(C(C)(C)C(F)(F)F)c1,zinc,negative
Cc1ccc(C(=O)OCc2ccc([C@@H](CN)C(=O)Nc3ccc4cnccc4c3)cc2)c(C)c1,zinc,negative
CCn1c(=O)c(-c2cc(NC(=O)Nc3ccccc3)c(F)cc2Br)cc2cnc(NC)cc21,zinc,negative
CC(C)(O)CNc1nc(Nc2ccnc(C(F)(F)F)c2)nc(-c2cccc(C(F)(F)F)n2)n1,zinc,negative
Cc1cn2nc(-c3cc(=O)n4cc(N5CCNC6(CC6)C5)ccc4n3)cc(C)c2n1,zinc,negative
NC(=O)c1cc[n+](CC2=C(C(=O)[O-])N3C(=O)[C@@H](NC(=O)[C@@H](c4ccccc4)S(=O)(=O)[O-])[C@H]3SC2)cc1.[Na+],zinc,negative
Cc1ccc(-c2ccc(C)cn2)nc1,zinc,negative
Nc1n[n+]([O-])c2ccccc2[n+]1[O-],zinc,negative
O=C([O-])c1ccccn1.O=C([O-])c1ccccn1.O=C([O-])c1ccccn1.[Cr+3],zinc,negative
O=C1CN=C(c2ccccn2)c2cc(Br)ccc2N1,zinc,negative
Cc1ncc(CO)c(C(=O)O)c1O,zinc,negative
CC1(C)C(C(=O)c2cn(CCCCCF)c3ccccc23)C1(C)C,zinc,negative
Cc1cccc(C)c1N(Cn1cccn1)C(=O)CCl,zinc,negative
CCC(C)(C)N=C(NC#N)Nc1cccnc1,zinc,negative
Cl[As]1c2ccccc2Nc2ccccc21,zinc,negative
Cn1c(N)nc2c3cccnc3ccc21,zinc,negative
Cc1cc2ncccc2c2nc(N)n(C)c12,zinc,negative
CN(CCCC(O)c1cccnc1)N=O,zinc,negative
Oc1cccc2nc3ccccc3nc12,zinc,negative
CC(=O)N[C@@H](Cc1c[nH]c2ccccc12)C(=O)O,zinc,negative
CCCCOCCOC(=O)COc1nc(Cl)c(Cl)cc1Cl,zinc,negative
c1ccc2c(c1)Sc1ccccc1N2CCN1CCCC1,zinc,negative
NC(=S)N/N=C/c1ncccc1N,zinc,negative
CN(C)c1ccc(C(c2ccc(N(C)C)cc2)c2ccc(N(C)C)cc2)cc1,zinc,negative
N#Cc1c(-c2ccc(Cl)cc2)[nH]c(C(F)(F)F)c1Br,zinc,negative
CC#Cc1cc(C)nc(Nc2ccccc2)n1,zinc,negative
S=c1[nH]c2ccccc2[nH]1,zinc,negative
CC(C)(C)NSc1nc2ccccc2s1,zinc,negative
Cc1nc(N)nc(N)c1-c1ccc(Cl)c(Cl)c1,zinc,negative
FC(F)(F)c1ccc(CNc2ccc(Cc3c[nH]c4ncc(Cl)cc34)cn2)cn1,zinc,negative
N#Cc1ccc([C@H]2CCc3cncn32)c(F)c1,zinc,negative
Cn1cc(-c2cc3c(N4CCN(c5ncc([C@@](C)(N)c6ccc(F)cc6)cn5)CC4)ncnn3c2)cn1,zinc,negative
O=C1c2ccccc2S(=O)(=O)N1CCCCN1CCN(c2ncccn2)CC1,zinc,negative
CCOCCn1c(N2CCCN(C)CC2)nc2ccccc21,zinc,negative
CN(C)CC[C@@H](c1ccc(Br)cc1)c1ccccn1,zinc,negative
CN1CCC(N(Cc2cccs2)c2ccccc2)CC1,zinc,negative
Clc1ccc2c(N3CCN(CCCN4CCN(c5ccnc6cc(Cl)ccc56)CC4)CC3)ccnc2c1,zinc,negative
O=C(O)/C=C/c1ccc(Cn2ccnc2)cc1,zinc,negative
O=C(O)CCCCO/N=C(/c1cccnc1)c1cccc(C(F)(F)F)c1,zinc,negative
c1cncc(C2=NCCCC2)c1,zinc,negative
CCN(CC)CCCN(c1ccccc1)C1Cc2ccccc2C1,zinc,negative
CN(C)CCCn1c2c(c3ccccc31)CCCCCC2,zinc,negative
CC1CNCCN1S(=O)(=O)c1cccc2cnccc12,zinc,negative
CN1CCC(Nc2ncc3ncnc(Nc4ccc(F)c(Cl)c4)c3n2)CC1,zinc,negative
CN1CCCC(CN2c3ccccc3Sc3ccccc32)C1,zinc,negative
Cn1cc(C2=C(c3cn(C4CCN(Cc5ccccn5)CC4)c4ccccc34)C(=O)NC2=O)c2ccccc21,zinc,negative
CC1(C)SCCN(S(=O)(=O)c2ccc(Oc3ccncc3)cc2)[C@H]1C(=O)NO,zinc,negative
Cc1ccccc1-c1cc(N2CCN(C)CC2)ncc1N(C)C(=O)C(C)(C)c1cc(C(F)(F)F)cc(C(F)(F)F)c1,zinc,negative
Fc1ccc2c(CCNCc3cccc(OCC(F)(F)C(F)F)c3)c[nH]c2c1,zinc,negative
CNC(=O)c1ccc(Nc2ncc(C(F)(F)F)c(NCc3nccnc3N(C)S(C)(=O)=O)n2)cc1,zinc,negative
CN1C(N)=N[C@](C)(c2cc(NC(=O)c3ccc(F)cn3)ccc2F)CS1(=O)=O,zinc,negative
FC(F)(F)c1cccc(N2CCNCC2)c1,zinc,negative
Cc1nnc2ccc(-c3cccc(C(F)(F)F)c3)nn12,zinc,negative
NCCNc1ccc(NCCN)c2c1C(=O)c1ccncc1C2=O,zinc,negative
CCCn1c(C)c(C(=O)c2cccc3ccccc23)c2ccccc21,zinc,negative
Nc1ccccc1NC(=O)c1ccc(CNc2nccc(-c3cccnc3)n2)cc1,zinc,negative
O=C(O)c1c[nH]c2ccccc12,zinc,negative
CCC(=O)CCCCC[C@@H]1NC(=O)[C@H]2CCCCN2C(=O)[C@H]([C@@H](C)CC)NC(=O)[C@H](Cc2cn(OC)c3ccccc23)NC1=O,zinc,negative
Cc1ccc2ccc3ccc(C)nc3c2n1,zinc,negative
Oc1ccc(-c2nc(-c3ccc(F)cc3)c(-c3ccncc3)[nH]2)cc1,zinc,negative
c1ccc(Cn2c(N3CCNCC3)nc3ccccc32)cc1,zinc,negative
Cn1c(C#N)ccc1-c1ccc2c(c1)C(C)(C)OC(=S)N2,zinc,negative
CC1(C)C(C(=O)c2cn(CCN3CCOCC3)c3ccccc23)C1(C)C,zinc,negative
CCCCCn1cc(C(=O)c2ccc(C)c3ccccc23)c2ccccc21,zinc,negative
CCCCCn1cc(C(=O)c2ccc(CC)c3ccccc23)c2ccccc21,zinc,negative
O=C(c1cccc2ccccc12)c1cn(CCCCCF)c2ccccc12,zinc,negative
CCCCCn1cc(C(=O)C2C(C)(C)C2(C)C)c2ccccc21,zinc,negative
[NH3+][C@@H](Cc1c[nH]c2ccccc12)C(=O)[O-],zinc,negative
c1ccc2c(CCC3CCNCC3)c[nH]c2c1,zinc,negative
CCC1(c2cnc[nH]2)Cc2ccccc2C1,zinc,negative
c1cnc2cc3c(cc2n1)C1CNCC3C1,zinc,negative
Cn1c(=O)n(-c2ccc(C(C)(C)C#N)cc2)c2c3cc(-c4cnc5ccccc5c4)ccc3ncc21,zinc,negative
CNC(=O)[C@H](Cc1c[nH]c2ccccc12)NC(=O)[C@@H](CC(=O)NO)CC(C)C,zinc,negative
CC(C)C[C@@H]1NC(=O)[C@@H](C(C)C)NC(=O)[C@@H]2CCCN2C(=O)[C@@H](CC(=O)O)NC(=O)[C@@H](Cc2c[nH]c3ccccc23)NC1=O,zinc,negative
CC(C)N(CCC(C(N)=O)(c1ccccc1)c1ccccn1)C(C)C.O=P(O)(O)O,zinc,negative
CC[C@@H](CO)NC(=O)[C@@H]1C=C2c3cccc4c3c(cn4C)C[C@H]2N(C)C1.O=C(O)/C=C\C(=O)O,zinc,negative
CN(C)CC[C@@H](c1ccc(Br)cc1)c1ccccn1.O=C(O)/C=C\C(=O)O,zinc,negative
O=S(=O)(c1cccc2cnccc12)N1CCCNCC1,zinc,negative
COc1ccc(C(=O)NCc2cccnc2)cc1C(=O)NCc1cccnc1,zinc,negative
CC(C(=O)O)c1ccc2c(c1)Cc1cccnc1O2,zinc,negative
CCC(N)Cc1c[nH]c2ccccc12,zinc,negative
C#CCN(C)Cc1ccccc1.Cl,zinc,negative
CNS(=O)(=O)CCc1ccc2[nH]cc(C3CCN(C)CC3)c2c1.Cl,zinc,negative
CN1CCN2c3ccccc3Cc3ccccc3C2C1.Cl,zinc,negative
CCN(CC)C(C)CN1c2ccccc2Sc2ccccc21.Cl,zinc,negative
Cc1ccc2c(c1)c1c(n2CCc2ccc(C)nc2)CCN(C)C1,zinc,negative
Cl.c1ccc(C2(N3CCCCC3)CCCCC2)cc1,zinc,negative
CN(C)CCN(Cc1ccccc1)c1ccccn1.O=C(O)CC(O)(CC(=O)O)C(=O)O,zinc,negative
CCOc1ccc(Cc2nccc3cc(OCC)c(OCC)cc23)cc1OCC.Cl,zinc,negative
Cl.O[C@@H](c1cc(C(F)(F)F)nc2c(C(F)(F)F)cccc12)[C@H]1CCCCN1,zinc,negative
CC[C@]12CCCN3CCc4c(n(c5ccccc45)C(=O)C1)[C@@H]32,zinc,negative
ClCCN(CCCl)c1ccc2ccccc2c1,zinc,negative
Cl.Nc1c2ccccc2nc2ccccc12,zinc,negative
C1=Cc2ccccc2Nc2ccccc21,zinc,negative
Cc1ncc(CSSCc2cnc(C)c(O)c2CO)c(CO)c1O,zinc,negative
S=C=Nc1ccc(N=C=S)cc1,zinc,negative
CCOC(=O)N1c2ccccc2C=CC1OCC,zinc,negative
CC[C@@H](CO)NC(=O)[C@@H]1C=C2c3cccc4[nH]cc(c34)C[C@H]2N(C)C1.O=C(O)/C=C\C(=O)O,zinc,negative
c1ccc(Cc2nc3ccccc3[nH]2)cc1,zinc,negative
O=[N+]([O-])c1c(Cl)cccc1-c1c[nH]cc1Cl,zinc,negative
CN(C)CCN(Cc1ccc(Cl)s1)c1ccccn1,zinc,negative
Cc1cc(N(C)C)nc(Cl)n1,zinc,negative
NC(=O)c1cc[n+](CC2=C(C(=O)[O-])N3C(=O)[C@@H](NC(=O)Cc4cccs4)[C@H]3SC2)cc1,zinc,negative
CN(C)c1ccc(C(=N)c2ccc(N(C)C)cc2)cc1,zinc,negative
CC1=CC(=C(c2ccc(N)cc2)c2ccc(N)cc2)C=CC1=N,zinc,negative
CCCOC(=O)c1ccc(C(=O)OCCC)nc1,zinc,negative
c1ccc(-c2ccncc2)cc1,zinc,negative
N#CCc1c[nH]c2ccccc12,zinc,negative
Cn1cc(NC(=O)c2cc(NC(=O)CN=C(N)N)cn2C)cc1C(=O)NCCC(=N)N,zinc,negative
c1ccc(N2CCNCC2)cc1,zinc,negative
CCN(CC)c1ccc(N)cc1,zinc,negative
NC(=O)Nc1ccc([As](=O)(O)O)cc1,zinc,negative
COCc1c(CO)cnc(C)c1O,zinc,negative
Cc1nccc2c1[nH]c1ccccc12,zinc,negative
O=C(O)c1ccc2ccccc2n1,zinc,negative
O=NN1CCCC1c1cccnc1,zinc,negative
CN(C)c1ccc(N=NS(=O)(=O)[O-])cc1.[Na+],zinc,negative
Nc1cc(Cl)nc(C(=O)O)c1Cl,zinc,negative
C/C(=N\NC(=O)Nc1cc(F)cc(F)c1)c1ncccc1C(=O)O,zinc,negative
O=C(NCc1ncc(C(F)(F)F)cc1Cl)c1c(Cl)cccc1Cl,zinc,negative
COc1ncc(F)c2nc(S(=O)(=O)Nc3c(F)cccc3F)nn12,zinc,negative
O=Nc1ccc(Nc2ccccc2)cc1,zinc,negative
Cl.ClCc1ccccn1,zinc,negative
Oc1ccc(Cl)c2cccnc12,zinc,negative
Cc1c(NC(C)C)c(=O)n(-c2ccccc2)n1C,zinc,negative
CCN(CC)CCc1c[nH]c2ccccc12,zinc,negative
O=C(OCc1ccccc1)c1cccnc1,zinc,negative
CN(C)CCN(Cc1cccs1)c1ccccn1.Cl,zinc,negative
Nc1nc2ccccc2s1,zinc,negative
CN(C)c1ccc2nc3ccc(=[N+](C)C)cc-3sc2c1.O.O.O.[Cl-],zinc,negative
CCCCCCCCCCCC[N+](C)(C)Cc1ccccc1.[Br-],zinc,negative
CNC(=O)N(C)c1nc2ccccc2s1,zinc,negative
O=S(=O)(O)c1cccnc1,zinc,negative
Clc1ccc(C2CC3CCC2N3)cn1,zinc,negative
c1ccc2c(c1)ccc1ncccc12,zinc,negative
Cn1cc(NC(=O)c2cc(NC(=O)c3cc(NC=O)cn3C)cn2C)cc1C(=O)NCCC(=N)N,zinc,negative
c1ccc2nc(N3CCNCC3)ccc2c1,zinc,negative
CN(C)c1ccc(C(=C2C=CC(=[N+](C)C)C=C2)c2ccc(N(C)C)cc2)cc1,zinc,negative
Cc1cnc(NS(=O)(=O)c2ccc(N)cc2)nc1,zinc,negative
NC1=NCCN1Cc1ccc(Cl)nc1,zinc,negative
O[C@@H](c1cc(C(F)(F)F)nc2c(C(F)(F)F)cccc12)[C@H]1CCCCN1,zinc,negative
COc1cc2c(cc1OC)-c1cc3ccc(OC)c(OC)c3c[n+]1CC2,zinc,negative
CCCC(=O)N(c1ccccc1)C1CCN(CCc2ccccc2)CC1,zinc,negative
Cc1c(Nc2ncccc2C(=O)O)cccc1C(F)(F)F,zinc,negative
O=C(O)C(=O)Cc1c[nH]c2ccccc12,zinc,negative
CCOC(=O)c1cncn1C(C)c1ccccc1,zinc,negative
O=c1c2ccccc2nc2n1CCc1c-2[nH]c2ccccc12,zinc,negative
c1ccc(SSc2ccccn2)nc1,zinc,negative
c1ccc(-c2ccnc3c2ccc2c(-c4ccccc4)ccnc23)cc1,zinc,negative
Cl.NCCc1c[nH]c2ccc(O)cc12,zinc,negative
Fc1ccc(C(c2ccccc2)(c2ccccc2F)n2ccnc2)cc1,zinc,negative
OC[C@@H](O)CN1CCN(c2ccccc2)CC1,zinc,negative
Cc1ccc(/C(=C\CN2CCCC2)c2cccc(/C=C/C(=O)O)n2)cc1,zinc,negative
O=S(=O)([O-])Oc1ccc(C(c2ccc(OS(=O)(=O)[O-])cc2)c2ccccn2)cc1.[Na+].[Na+],zinc,negative
COC(=O)CC[C@@H]1N=C(c2ccccn2)c2cc(Br)ccc2-n2c(C)cnc21,zinc,negative
O=C(O)CCCC/C=C(\c1ccccc1)c1cccnc1,zinc,negative
Cn1cc(C(=O)Nc2ccccc2-c2cc(F)c(F)c(F)c2)c(C(F)F)n1,zinc,negative
Nc1ccc2nc3ccccn3c2n1,zinc,negative
Cc1cccn2c1nc1ccc(N)nc12,zinc,negative
Cc1c(N)nc(C)c2c1[nH]c1ccccc12,zinc,negative
Cc1nc(N)cc2[nH]c3ccccc3c12,zinc,negative
N#CC[C@H](C1CCCC1)n1cc(-c2ncnc3[nH]ccc23)cn1.O=P(O)(O)O,zinc,negative
Nc1ncnc(Nc2ccc(Cl)cc2)n1,zinc,negative
Cl.Clc1ccc(Cn2c(CN3CCCC3)nc3ccccc32)cc1,zinc,negative
CCN1/C(=C/C=C/c2sc3ccccc3[n+]2CC)Sc2ccccc21.[I-],zinc,negative
CN(C)c1ccc(N(C)C)cc1,zinc,negative
O=C1C=CC(=O)N1c1ccccc1,zinc,negative
CCC(C)Nc1ccc(NC(C)CC)cc1,zinc,negative
c1ccc(N=NNc2ccccc2)cc1,zinc,negative
Cl.Cl.Nc1ccccc1N,zinc,negative
CN(C)c1ccc(/C=C/c2nc3ccccc3s2)cc1,zinc,negative
Cl.Cl.Nc1cccc(N)c1,zinc,negative
Cc1[nH]c(=O)c(C#N)cc1-c1ccc2nccn2c1,zinc,negative
O=C(OCC(COC(=O)c1cccnc1)(COC(=O)c1cccnc1)COC(=O)c1cccnc1)c1cccnc1,zinc,negative
CN(C)CCNC(=O)c1cccc2cc3ccccc3nc12,zinc,negative
NCCCCN(Cc1nc2ccccc2[nH]1)[C@H]1CCCc2cccnc21,zinc,negative
CNCc1cc(-c2ccccc2F)n(S(=O)(=O)c2cccnc2)c1,zinc,negative
CNc1ccc(/C=C/c2ccc(OCCOCCOCC[18F])nc2)cc1,zinc,negative
CC(C)(O)CNc1nc(Nc2ccnc(C(F)(F)F)c2)nc(-c2cccc(C(F)(F)F)n2)n1.CS(=O)(=O)O,zinc,negative
N#Cc1cccc(-c2ccc3ncc(-c4cc(F)cc(F)c4)c(N4CCC(N)CC4)c3c2)c1O,zinc,negative
O=C(O)CCCN1CCC(O[C@@H](c2ccc(Cl)cc2)c2ccccn2)CC1,zinc,negative
COCCOc1cnc(NS(=O)(=O)c2ccccc2)nc1,zinc,negative
NC(N)=NC(N)=Nc1ccccc1,zinc,negative
CC(N=C(NC#N)Nc1ccncc1)C(C)(C)C,zinc,negative
c1ccc(CCN2CCCCC2)cc1,zinc,negative
C=CC(=O)N1CCC[C@@H](n2c(=O)n(-c3ccc(Oc4ccccc4)cc3)c3c(N)nccc32)C1,zinc,negative
Cc1cc2ncnn2cc1Nc1ncc2c(n1)n(C1CCOCC1)c(=O)n2C,zinc,negative
O=C(OCCN1CCOCC1)c1cccnc1Nc1cccc(C(F)(F)F)c1,zinc,negative
O=C(c1ccc2nccnc2c1)N1CCCCC1,zinc,negative
O=C1C[C@@]2(C(=O)N1)C(=O)N(Cc1ccc(Br)cc1F)C(=O)c1cccn12,zinc,negative
NS(=O)(=O)c1ccc(S(=O)(=O)Nc2cccc3c(Cl)c[nH]c23)cc1,zinc,negative
O=C(NC1CC1)c1cn(-c2cccc(C#Cc3ccc[n+]([O-])c3)c2)c2ncccc2c1=O,zinc,negative
O=C1NC(=O)[C@@H](c2cn3c4c(cccc24)CCC3)[C@@H]1c1c[nH]c2ccccc12,zinc,negative
COC(=O)N1CCN(Cc2cccc(NC(=O)Nc3ccc(C)nc3)c2F)CC1,zinc,negative
O=C(c1ccc(NS(=O)(=O)c2cccc3cccnc23)cc1)N1CCN(CC2CC2)CC1,zinc,negative
C[C@@H](c1ccc2nccn2c1)n1nnc2ncc(-c3cnn(C)c3)nc21,zinc,negative
CC(C)(Oc1ccc(Cl)cc1)C(=O)OCCOC(=O)c1cccnc1,zinc,negative
NC(=O)c1ccc[n+]([C@@H]2O[C@H](CO)[C@@H](O)[C@H]2O)c1,zinc,negative
CCCCCCCCCCCCCCC,zinc,negative
CCCCCCCCCCCCCCCC,zinc,negative
CCCCCCCCCCC,zinc,negative
CCCCCCCCCCCCC,zinc,negative
CCCCCCCCCCCC,zinc,negative
CCCCCCCCCCCCCC,zinc,negative
CCCCCCCCCCCCCCCCCCC,zinc,negative
CCCCCCCCCCCCCCCCC,zinc,negative
CCCCCCBr,zinc,negative
CCCCCCCCCCCCCCCCCCCCCCCCCCCC,zinc,negative
CCCCCCCCCCCCCCCCCCCCCCCCCCCCCCC,zinc,negative
CCCCCCCCCCCCCCCCCCCC,zinc,negative
CCCCCCCCCCCCCCCCCC,zinc,negative
CCCCCCCCCCCCCCCCCCCCCC,zinc,negative
CCCCCCCCCCCCCCCCCCCCCCCCC,zinc,negative
CCCCCCCCCCCCCCCCCCCCCCCCCC,zinc,negative
CCCCCCCCCCCCCCCCCCCCCCCCCCCCC,zinc,negative
CCCCCCCCCCCCCCCCCCCCCCC,zinc,negative
CCCCCBr,zinc,negative
CCCCCCCCCCCCCCCCCCCCCCCCCCC,zinc,negative
CCC[CH2][Sn]([Cl])([Cl])[Cl],zinc,negative
CCCCCCCCCCCCCCCCCCCCCCCCCCCCCCCC,zinc,negative
CCCCCCCCCCCCCCCCCCCCC,zinc,negative
CCCCCCCCCCCCCCCCCCCCCCCCCCCCCC,zinc,negative
CCCCCCCCCCCCCCCCCCCCCCCC,zinc,negative
C[CH2][Pb]([CH3])([CH3])[CH3],zinc,negative
CCCCI,zinc,negative
C1CC[CH]([Sn+]([CH]2CCCCC2)[CH]2CCCCC2)CC1.[OH-],zinc,negative
CCCCCCC[CH2][Sn]([Cl])([Cl])[Cl],zinc,negative
C1CCC(SSC2CCCCC2)CC1,zinc,negative
C1CCCCCCCCCCC1,zinc,negative
CCCCCC[Si](Cl)(Cl)Cl,zinc,negative
CCCCCC1CCCCC1,zinc,negative
CCCCCCCBr,zinc,negative
CCC[CH2][SnH]([CH2]CCC)[CH2]CCC,zinc,negative
SCCCCCCS,zinc,negative
CCCCCCCCCCCCCCCCCCCCCCCCCCCCCCCCC,zinc,negative
C1CC[CH]([Sn]([CH]2CCCCC2)[CH]2CCCCC2)CC1.O,zinc,negative
C[CH2][Hg][CH2]C,zinc,negative
CCCCCI,zinc,negative
BrCCCCCCBr,zinc,negative
CCCCCCCCCCCCCCCCCCCCCCCCCCCCCCCCCCCC,zinc,negative
CCCCCCI,zinc,negative
ClCCCCCCCl,zinc,negative
CCCCCCCCCI,zinc,negative
CCCCC[CH2][Al]([CH2]CCCCC)[CH2]CCCCC,zinc,negative
CCCCCCCCI,zinc,negative
CCCCC(C)Br,zinc,negative
Cl[Si](Cl)(Cl)C1CCCCC1,zinc,negative
CCC[CH2][Sn]([CH2]CCC)[CH2]CCC,zinc,negative
CCCCCCCI,zinc,negative
CCCCCCCCCCCCCCCCCCCCCCCCCCCCCCCCCCCCCCCC,zinc,negative
CCCCCCC1CCCCC1,zinc,negative
BrCCCCCBr,zinc,negative
CCC(C)I,zinc,negative
CCCCCCCCCCCCI,zinc,negative
CCCCCCCCC1CCCCC1,zinc,negative
CCCCCCCC1CCCCC1,zinc,negative
CCC[CH2][SnH2][CH2]CCC,zinc,negative
CCC[CH2][Hg][Cl],zinc,negative
CC[CH2][Sn]([Cl])([Cl])[CH2]CC,zinc,negative
CC[CH2][Sn]([CH2]CC)([CH2]CC)[CH2]CC,zinc,negative
[Cl][Sn]([CH]1CCCCC1)([CH]1CCCCC1)[CH]1CCCCC1,zinc,negative
CCCCCCCCCCF,zinc,negative
CCCCCCC(C)I,zinc,negative
CC[CH2][Ge]([CH2]CC)([CH2]CC)[CH2]CC,zinc,negative
CC[Te]CC,zinc,negative
CCCCCCCCCCCCCCCCCCCCCCCCCCCCCCCCCCC,zinc,negative
ICCCCI,zinc,negative
C1CCC(P(C2CCCCC2)C2CCCCC2)CC1,zinc,negative
BrC1CCCCC1Br,zinc,negative
CCCCCCCCCCCCCCCCCCCCCCCCCCCCCCCCCC,zinc,negative
CCCCCCCCCC1CCCCC1,zinc,negative
CCCCCCCCCCCCCCCCCCCCCCCCCCCCCCCCCCCCCCCCCCCC,zinc,negative
CCCCCCCCCCCCCCCCCCCCCCCCCCCCCCCCCCCCC,zinc,negative
C1CCCCCCCCCCCCC1,zinc,negative
C[CH-]C.C[CH-]C.[Zn+2],zinc,negative
CCCCCCC[CH2][Sn]([CH2]CCCCCCC)[CH2]CCCCCCC,zinc,negative
CCCCCCCCCCCCF,zinc,negative
CCC[CH2][Sn]([CH3])([CH2]CCC)[CH2]CCC,zinc,negative
C[CH](C)[Sn]([CH](C)C)([CH](C)C)[CH](C)C,zinc,negative
C[CH2][Ga]([CH2]C)[CH2]C,zinc,negative
C[CH2][In]([CH2]C)[CH2]C,zinc,negative
CCCC[CH2][Sn]([Cl])([Cl])[CH2]CCCC,zinc,negative
CCCCC#CCCCCCC,zinc,negative
CCCCCCCCCCCCCCCCCCCCCCCCCCCCCCCCCCCCCCCCC,zinc,negative
CCCCCCCCCCCCCCCCCCCCCCCCCCCCCCCCCCCCCCC,zinc,negative
Cl[C@@H]1CCCC[C@H]1Cl,zinc,negative
CCC(I)CC,zinc,negative
BrC1CCCCC1,zinc,negative
IC1CCCCC1,zinc,negative
ICCCCCI,zinc,negative
ICCCCCCI,zinc,negative
CCCC(C)I,zinc,negative
CCCCCC(C)Br,zinc,negative
CCCCC(Br)CC,zinc,negative
CCCCCCCCCCI,zinc,negative
CCCC(Br)CC,zinc,negative
CCCCCCCCCCCI,zinc,negative
CCCC(Br)CCC,zinc,negative
IC1CCCC1,zinc,negative
BrCCCCCCCBr,zinc,negative
ICCCCCCCCCI,zinc,negative
ICCCCCCCCI,zinc,negative
CC(Br)CCC(C)Br,zinc,negative
CCCCC(Br)CBr,zinc,negative
CCC(F)(F)C(F)(F)C(F)(F)C(F)(F)F,zinc,negative
CCCCCCCCCCCCCCCCCCCCCCCCCCCCCCCCCCCCCCCCCC,zinc,negative
CCC#CCCCCCCC,zinc,negative
CCCC1CCCCC1CC,zinc,negative
CCCCCCCCCCCCCCCCCCCCCCCCCCCCCCCCCCCCCC,zinc,negative
CCCCCCCCCCCCCCCCCCCCCCCCCCCCCCCCCCCCCCCCCCC,zinc,negative
BrC1CCC(Br)CC1,zinc,negative
CCCCCCCCCCCCCCI,zinc,negative
C1CCCCCCCCCCCCCC1,zinc,negative
FCCCCCCBr,zinc,negative
CCC[CH2][Sb]([CH2]CCC)[CH2]CCC,zinc,negative
CCC[CH2][SnH3],zinc,negative
CCC[CH2][Sn+3],zinc,negative
CCCCC[CH2][Hg][Br],zinc,negative
[O]=[Sn]([CH]1CCCCC1)[CH]1CCCCC1,zinc,negative
C[CH](C)[Sn]([Cl])([Cl])[CH](C)C,zinc,negative
CCCC[CH2][Sn](=[O])[CH2]CCCC,zinc,negative
CCCCCC[CH2][Sn]([CH2]CCCCCC)([CH2]CCCCCC)[CH2]CCCCCC,zinc,negative
CCC[CH2][Hg][CH2]CCC,zinc,negative
CC[CH2][Pb]([CH2]CC)([CH2]CC)[CH2]CC,zinc,negative
CCCCCC[CH2][Sn]([Cl])([Cl])[CH2]CCCCCC,zinc,negative
O=[P+](C1CCCCC1)C1CCCCC1,zinc,negative
ClC1(Cl)CCCCC1,zinc,negative
C1CCC(CCC2CCCCC2)CC1,zinc,negative
CCCCCCCCCCCCCCF,zinc,negative
Br[C@@H]1CCCC[C@H]1Br,zinc,negative
C1CCCCCCCCCC1,zinc,negative
C1#CCCCCCC#CCCCCC1,zinc,negative
CCCCC#CCCCCC,zinc,negative
BrCC1CCCCC1,zinc,negative
CCCCCC#CCCCCC,zinc,negative
CCCCCCC#CCCCCCC,zinc,negative
ClC1CCC(Cl)CC1,zinc,negative
C[Si](C)(Cl)C1CCCCC1,zinc,negative
CCC(Br)C(Br)CC,zinc,negative
FC(F)(F)C1CCCCC1,zinc,negative
CC1(Br)CCCCC1,zinc,negative
C1CCC(PC2CCCCC2)CC1,zinc,negative
CCCC[CH2][Ge]([CH2]CCCC)([CH2]CCCC)[CH2]CCCC,zinc,negative
CCCCC[CH2][Ge]([CH2]CCCCC)([CH2]CCCCC)[CH2]CCCCC,zinc,negative
C[Si](Cl)(Cl)C1CCCCC1,zinc,negative
ICCCCCCCCCCI,zinc,negative
BrCC(Br)CCC(Br)CBr,zinc,negative
[2H]C([2H])([2H])C([2H])([2H])C([2H])([2H])C([2H])([2H])C([2H])([2H])C([2H])([2H])C([2H])([2H])C([2H])([2H])C([2H])([2H])C([2H])([2H])C([2H])([2H])C([2H])([2H])C([2H])([2H])C([2H])([2H])C([2H])([2H])C([2H])([2H])C([2H])([2H])C([2H])([2H])C([2H])([2H])C([2H])([2H])C([2H])([2H])C([2H])([2H])C([2H])([2H])C([2H])([2H])[2H],zinc,negative
ClP(Cl)C1CCCCC1,zinc,negative
CCC[CH2][Sn+2][CH2]CCC,zinc,negative
CCCCC#CCCCCCCC,zinc,negative
CCCCCC[Se][Se]CCCCCC,zinc,negative
ClC1CCCCC1Cl,zinc,negative
CCCCCCC(C)C1CCCCC1,zinc,negative
C1CCC(CC2CCCCC2)CC1,zinc,negative
C1CCC(CCCC2CCCCC2)CC1,zinc,negative
FC1C(F)(F)C(F)(F)C(F)(F)C(F)(F)C1(F)F,zinc,negative
C1CCCCCCCCCCCCCCC1,zinc,negative
C1CCCCCCCCCCCCCCCCCCCCCCCCCCCCC1,zinc,negative
C1CCCCCCCCCCCCCCCCC1,zinc,negative
CCCCCC#CCCCCCCC,zinc,negative
CCCCCC#CCCCCCC,zinc,negative
CCCC#CCCCCCC,zinc,negative
C1CCC(CCCC2CCCC2)CC1,zinc,negative
C1CCCCCCCCCCCCCCCCCCCCCCC1,zinc,negative
C1CCCCCCCCCCCCCCCCCCCCCCCCCCC1,zinc,negative
CCCCCCSSC,zinc,negative
CCC(C)CCC1CCCCC1,zinc,negative
C1CCCCCCCCCCCCCCCCCCCCCCCCC1,zinc,negative
C1CCCCCCCCCCCCCCCCCCCCCCCCCCCCCCC1,zinc,negative
FCCCCCCCCCCF,zinc,negative
CCCCCCC[CH2][Sn][CH2]CCCCCCC,zinc,negative
CCCCCCCCCCC[CH2][Sn]([Cl])([Cl])[Cl],zinc,negative
C[CH2][Sn]([CH2]C)[CH2]C,zinc,negative
CCCCCCP(=O)(CCCCCC)C1CCCCC1,zinc,negative
C[CH](C)[Sn](=[O])[CH](C)C,zinc,negative
CCCP(=O)(CCC)C1CCCCC1,zinc,negative
CC(C)CP(=O)(CC(C)C)C1CCCCC1,zinc,negative
CCCCCCCCCCCF,zinc,negative
CCC[CH2][Sn][CH2]CCC,zinc,negative
CC[CH2][Hg][CH2]CC,zinc,negative
C[CH](C)[Hg][CH](C)C,zinc,negative
CCCCC[CH2][Sn]([Cl])([Cl])[CH2]CCCCC,zinc,negative
CCCC[CH2][Sn]([CH2]CCCC)([CH2]CCCC)[CH2]CCCC,zinc,negative
CCCC[CH2][Sn]([Cl])([CH2]CCCC)[CH2]CCCC,zinc,negative
C1CCC([As](C2CCCCC2)C2CCCCC2)CC1,zinc,negative
CCC[CH2][Sn]=[O].[SH-],zinc,negative
[Br][Sn]([Br])([CH]1CCCCC1)[CH]1CCCCC1,zinc,negative
ICC1CCCCC1,zinc,negative
CCCCCCCCCCC[CH2][Hg][CH2]CCCCCCCCCCC,zinc,negative
[CH]1[CH][CH][CH][CH]1.[CH]1[CH][CH][CH][CH]1.[Os],zinc,negative
CCCCCCC(Br)Br,zinc,negative
CCCC[CH2][Sn]([F])([CH2]CCCC)[CH2]CCCC,zinc,negative
CCCCC[CH2][Sn]([F])([CH2]CCCCC)[CH2]CCCCC,zinc,negative
CCCCC(I)CC,zinc,negative
CCCCCC#CBr,zinc,negative
CC[C@H](C)I,zinc,negative
C[CH2][Sb]([CH2]C)[CH2]C,zinc,negative
C1CC[CH]([Sn]([CH]2CCCCC2)([CH]2CCCCC2)[CH]2CCCCC2)CC1,zinc,negative
CCCCC[CH2][Hg][Cl],zinc,negative
CCC#CCCCCC#CCC,zinc,negative
CCCCCCCCCCCCCCCCCCCCCCCCCCCCCCCCCCCCCCCCCCCCCC,zinc,negative
[CH-]1CCCCC1.[CH-]1CCCCC1.[Zn+2],zinc,negative
O=P(Cl)(C1CCCCC1)C1CCCCC1,zinc,negative
CCC[CH2][Bi]([CH2]CCC)[CH2]CCC,zinc,negative
ClP(C1CCCCC1)C1CCCCC1,zinc,negative
ICCCCCCCCCCCI,zinc,negative
ClB(C1CCCCC1)C1CCCCC1,zinc,negative
F[C@@H]1CCCC[C@H]1Br,zinc,negative
IC1CCCCCCCCCCC1,zinc,negative
[2H]C([2H])([2H])C([2H])([2H])C([2H])([2H])C([2H])([2H])C([2H])([2H])C([2H])([2H])C([2H])([2H])C([2H])([2H])C([2H])([2H])C([2H])([2H])C([2H])([2H])C([2H])([2H])C([2H])([2H])C([2H])([2H])C([2H])([2H])[2H],zinc,negative
CCP(C1CCCCC1)C1CCCCC1,zinc,negative
CC1CCC(I)CC1,zinc,negative
F[B-](F)(F)C1CCCCC1.[K+],zinc,negative
CCCCCC[CH2][Sn]([Cl])([Cl])[Cl],zinc,negative
CCCCC[CH2][Al]([Cl])[Cl],zinc,negative
[Br-].[CH2-]CCCCCCC.[Mg+2],zinc,negative
[Br-].[CH2-]CCCC.[Mg+2],zinc,negative
[CH2-]CCC.[CH2-]CCCCCCC.[Mg+2],zinc,negative
CC(C)[Te]C(C)C,zinc,negative
[CH2-]CCCCC.[CH2-]CCCCC.[Mg+2],zinc,negative
[CH2-]C.[CH2-]C.[Cd+2],zinc,negative
[CH2-]CCCCCCC.[Cl-].[Mg+2],zinc,negative
[Br-].[CH2-]CCCCC.[Mg+2],zinc,negative
CCCCC[CH2][Al]([Cl])[CH2]CCCCC,zinc,negative
CCC[CH2][Sn]=[O],zinc,negative
CCC[CH2][Sn+]([CH2]CCC)[CH2]CCC,zinc,negative
CCCCCCCCCCCCCCCCCCCCCCCCCCCCCCCCCCCCCCCCCCCCC,zinc,negative
[Br][Sn]([CH]1CCCCC1)([CH]1CCCCC1)[CH]1CCCCC1,zinc,negative
CCC[CH2][Sn]([CH2]C)([CH2]C)[CH2]C,zinc,negative
CCCCCC[Se]CCCCCC,zinc,negative
C1CCC(CC2CCCC2)CC1,zinc,negative
CCCC(I)CC,zinc,negative
CCCCC(C)I,zinc,negative
Cl[C@@H]1CCCC[C@@H]1Cl,zinc,negative
O=P(O)(O)C1CCCCC1,zinc,negative
CCC[CH2][Sn]([CH3])([CH3])[CH3],zinc,negative
C1CCCCCCCCCCCC1,zinc,negative
CC#CCCCCCCCCC,zinc,negative
CC#CCCCCCCCCCCC,zinc,negative
C1#CCCCCCCCCCC1,zinc,negative
[CH3][Sn]([CH3])([CH3])[CH]1CCCCC1,zinc,negative
CCC#CCCCCCCCC,zinc,negative
CCCC#CCCCCCCC,zinc,negative
CC#CCCCCCCCCCC,zinc,negative
CCC#CCCCCCCCCC,zinc,negative
CCCC#CCCCCCCCC,zinc,negative
CC#CCCCCCCCC,zinc,negative
CCC#CCCCCCCCCCC,zinc,negative
CCCCC#CCCCCCCCC,zinc,negative
CCCC[CH2][Sn]([CH2]CCC)([CH2]CCC)[CH2]CCC,zinc,negative
CCCC[CH2][Sn]([CH2]CCC)([CH2]CCC)[CH2]CCCC,zinc,negative
CCCC[CH2][Sn]([CH2]CCC)([CH2]CCCC)[CH2]CCCC,zinc,negative
CCCC#CCCCCCCCCC,zinc,negative
CCCC(Br)C(C)Br,zinc,negative
CCCCCCCC(F)(F)F,zinc,negative
CCCC(C)C1CCCCC1,zinc,negative
CCCCCCCCCCCCCI,zinc,negative
Br[C@@H]1CCCC[C@@H]1Br,zinc,negative
CCCCCC[C@H](C)I,zinc,negative
Cl[C@H]1CCCC[C@@H]1Cl,zinc,negative
ICCCCCCCI,zinc,negative
CCCCC(F)(F)C(F)(F)F,zinc,negative
FC(F)(F)C(F)(F)CCC(F)(F)C(F)(F)F,zinc,negative
FC(F)(F)C(F)(F)C(F)(F)C(F)(F)CCCCC(F)(F)C(F)(F)C(F)(F)C(F)(F)F,zinc,negative
CCCC(F)(F)C(F)(F)C(F)(F)F,zinc,negative
CCCCC(F)(F)C(F)(F)C(F)(F)F,zinc,negative
FC(F)(F)CCC(F)(F)C(F)(F)C(F)(F)C(F)(F)F,zinc,negative
FC(F)(F)CCC(F)(F)C(F)(F)C(F)(F)F,zinc,negative
C[CH2][Bi]([CH2]C)[CH2]C,zinc,negative
C#CCCCCCCCCC#C,zinc,negative
C1CCCCCCCCCCCCCCCCCCC1,zinc,negative
CC(C)CCCC1CCCCC1,zinc,negative
CCCCCC[Si](C)(C)C,zinc,negative
CCCCCC[CH2][Hg][CH2]CCCCCC,zinc,negative
FCCCCCCCCCCCCF,zinc,negative
FCCCCCCI,zinc,negative
FCCCCCCCCF,zinc,negative
CC[CH](C)[Hg][CH](C)CC,zinc,negative
CCCCC[As](Cl)Cl,zinc,negative
[O]=[Sn]([OH])[CH]1CCCCC1,zinc,negative
CCCCC[As](Br)Br,zinc,negative
CCCCCCC[As](Cl)Cl,zinc,negative
FCCCCCI,zinc,negative
FCCCCCCCCCCCCCCF,zinc,negative
C[CH](C)[Ge]([CH](C)C)([CH](C)C)[CH](C)C,zinc,negative
CCC[CH2][Ge]([Cl])([Cl])[Cl],zinc,negative
CCC[Se][Se]CCC,zinc,negative
CC[CH2][Sn](=[O])[CH2]CC,zinc,negative
FC1C(F)C(F)(F)C(F)(F)C(F)C1(F)F,zinc,negative
CCC[CH2][Ge]([CH2]C)([CH2]C)[CH2]C,zinc,negative
CCCCC[CH2][Sn]([CH2]CCCCC)([CH2]CCCCC)[CH2]CCCCC,zinc,negative
CCCC[CH2][Sn]([Br])([CH2]CCCC)[CH2]CCCC,zinc,negative
CC[CH2][Sn]([CH2]CC)[CH2]CC,zinc,negative
CC[CH2][Pb]([CH2]CC)[CH2]CC,zinc,negative
CCCCCC[CH2][Hg][Cl],zinc,negative
CCCCCCC[CH2][Hg][Cl],zinc,negative
[Br-].[CH2-]CCC.[Mg+2],zinc,negative
C[CH-]CC.[Br-].[Mg+2],zinc,negative
[CH2-]CCCCC.[Zn+][Br],zinc,negative
[Br-].[Br-].[CH2-]CCC[CH2-].[Mg+2].[Mg+2],zinc,negative
[Br-].[CH2-]CCCCCCCCCCC.[Mg+2],zinc,negative
[Br-].[CH2-]CCCCCCCCC.[Mg+2],zinc,negative
[CH-]1CCCC1.[Zn+][Br],zinc,negative
CC[CH-]CC.[Zn+][Br],zinc,negative
[CH-]1CCCCC1.[Zn+][Br],zinc,negative
IB(C1CCCCC1)C1CCCCC1,zinc,negative
[Br-].[CH2-]CCCCCCCCCCCCCC.[Mg+2],zinc,negative
CC(C)(C)P(C1CCCCC1)C1CCCCC1,zinc,negative
CC(C)(C)P(C1CCCCC1)C(C)(C)C,zinc,negative
[CH2-]CCCCCCCCCCCCC.[Cl-].[Mg+2],zinc,negative
[B](C1CCCCC1)C1CCCCC1,zinc,negative
Cl[Si](Cl)(C1CCCCC1)C1CCCCC1,zinc,negative
[Br-].[CH2-]CCCCCC.[Mg+2],zinc,negative
[Br-].[CH2-]C1CCCCC1.[Mg+2],zinc,negative
[CH2-]CCCCCC.[Cl-].[Mg+2],zinc,negative
CO[Si](OC)(OC)C1CCCCC1,zinc,negative
[Br-].[CH2-]CCCCCCCC.[Mg+2],zinc,negative
[2H]C([2H])([2H])C([2H])([2H])C([2H])([2H])C([2H])([2H])I,zinc,negative
[2H]CCCCCCCCCCCCCCCC,zinc,negative
[2H]C([2H])([2H])C([2H])([2H])C([2H])([2H])C([2H])([2H])C([2H])([2H])C([2H])([2H])C([2H])([2H])C([2H])([2H])C([2H])([2H])C([2H])([2H])C([2H])([2H])C([2H])([2H])C([2H])([2H])C([2H])([2H])C([2H])([2H])C([2H])([2H])[2H],zinc,negative
C[CH-]CCC.[Br-].[Mg+2],zinc,negative
IC1(I)CCCCC1,zinc,negative
CC(C)[Se]C(C)C,zinc,negative
[Br-].[CH-]1CCCCCC1.[Mg+2],zinc,negative
CC[CH-]CC.[Br-].[Mg+2],zinc,negative
C[CH](C)[Ga]([CH](C)C)[CH](C)C,zinc,negative
[2H]C([2H])([2H])C([2H])([2H])C([2H])([2H])C([2H])([2H])C([2H])([2H])C([2H])([2H])C([2H])([2H])C([2H])([2H])C([2H])([2H])C([2H])([2H])C([2H])([2H])C([2H])([2H])C([2H])([2H])C([2H])([2H])C([2H])([2H])C([2H])([2H])C([2H])([2H])C([2H])([2H])C([2H])([2H])C([2H])([2H])C([2H])([2H])C([2H])([2H])C([2H])([2H])C([2H])([2H])C([2H])([2H])C([2H])([2H])C([2H])([2H])C([2H])([2H])C([2H])([2H])C([2H])([2H])C([2H])([2H])C([2H])([2H])[2H],zinc,negative
[2H]C([2H])([2H])C([2H])([2H])C([2H])([2H])C([2H])([2H])C([2H])([2H])C([2H])([2H])Br,zinc,negative
FC1(CBr)CCCCC1,zinc,negative
ICC1CCC(CI)CC1,zinc,negative
FC1CCCCC1Br,zinc,negative
C[Si](C1CCCCC1)C1CCCCC1,zinc,negative
CCCCCC[B-](F)(F)F.[K+],zinc,negative
CCC[CH2][Sn]([CH]1CCCCC1)([CH]1CCCCC1)[CH]1CCCCC1,zinc,negative
C1CCCC1.[C-]#[O+].[C-]#[O+].[Co],zinc,negative
[CH2]CCCCCCCCCCCCCCCCC,zinc,negative
CCCCCCCCCCC[CH2][Hg][Cl],zinc,negative
C1#CCCCCCC#CCCCC1,zinc,negative
CCCCC[Se]C#N,zinc,negative
CCCCCCC[Se]C#N,zinc,negative
O[Si](O)(O)C1CCCCC1,zinc,negative
CCCCCC[Si]CCCCCC,zinc,negative
Cl[C@@H]1CCC[C@H](Cl)C1,zinc,negative
FC(F)(F)C(F)(F)C(F)(F)CCCCCCC(F)(F)C(F)(F)C(F)(F)F,zinc,negative
FC(F)(F)C(F)(F)C(F)(F)C(F)(F)CCCCCCC(F)(F)C(F)(F)C(F)(F)C(F)(F)F,zinc,negative
CC[CH2][SnH]([CH2]CC)[CH2]CC,zinc,negative
C1CCCCCCCCCCCCCCCC1,zinc,negative
CCCC(I)CCC,zinc,negative
ClC1(Br)CCCCC1,zinc,negative
BrC1(Br)CCCCC1,zinc,negative
ClC1(Cl)CCCCC1(Cl)Cl,zinc,negative
CCCCC(C)(Cl)Cl,zinc,negative
CCCCCCCCCCCCCCCI,zinc,negative
CCCCCC(Br)Br,zinc,negative
CCCCC(Br)(Br)Br,zinc,negative
CC(I)CC(C)I,zinc,negative
CCCCCCCCCCCCCCCF,zinc,negative
CCCCCCCCCCCCCF,zinc,negative
CC#CCCCCCCCCCCCC,zinc,negative
CCC#CCCCCCCCCCCC,zinc,negative
CCC[CH2][Sn]([CH3])([CH3])[CH2]CCC,zinc,negative
CCC[CH2][GeH]([CH2]CCC)[CH2]CCC,zinc,negative
CCC[CH2][Pb]([CH3])([CH3])[CH3],zinc,negative
CCCCC#CC#CCCCC,zinc,negative
C1CC[Te]C1,zinc,negative
C1#CCCCCCCC#CCCCCC1,zinc,negative
C[CH-]CC.C[CH-]CC.[Zn+2],zinc,negative
CC#[C][Ge]([CH3])([CH3])[CH3],zinc,negative
[2H]C([2H])([2H])C([2H])([2H])C([2H])([2H])C([2H])([2H])C([2H])([2H])C([2H])([2H])C([2H])([2H])C([2H])([2H])C([2H])([2H])C([2H])([2H])C([2H])([2H])C([2H])([2H])C([2H])([2H])C([2H])([2H])C([2H])([2H])C([2H])([2H])C([2H])([2H])C([2H])([2H])[2H],zinc,negative
[2H]C1([2H])C([2H])([2H])C([2H])([2H])C([2H])([2H])C([2H])([2H])C([2H])([2H])C([2H])([2H])C([2H])([2H])C([2H])([2H])C([2H])([2H])C([2H])([2H])C1([2H])[2H],zinc,negative
CC#CCCCCCCC#CC,zinc,negative
C[C](C)(C)[Pb]([CH3])([CH3])[CH3],zinc,negative
CC(C)[Se][Se]C(C)C,zinc,negative
C[C](C)(C)[Hg][Cl],zinc,negative
CCCC[Te]CCCC,zinc,negative
CCCCC#CCCC#CCCCC,zinc,negative
CCC(C)CC1CCCCC1,zinc,negative
CCC[CH2][Sn]([CH3])([CH3])[Cl],zinc,negative
CCCCCCC[CH2][Sn]([CH3])([CH3])[CH3],zinc,negative
ClN(Cl)C1CCCCC1,zinc,negative
[CH2-]CCC.[CH2-]CCC.[Zn+2],zinc,negative
CCCCCCC#CCCCCCCC,zinc,negative
CCC(CC)C1CCCCC1,zinc,negative
CCC[CH2][Sn]([CH2]C)([CH2]C)[CH2]CCC,zinc,negative
CCCCCCC(Br)(Br)Br,zinc,negative
[2H]C([2H])([2H])C([2H])([2H])C([2H])([2H])C([2H])([2H])C([2H])([2H])C([2H])([2H])C([2H])([2H])C([2H])([2H])C([2H])([2H])C([2H])([2H])[2H],zinc,negative
[2H][Sn]([CH2]CCC)([CH2]CCC)[CH2]CCC,zinc,negative
CCCC[CH2][Hg][CH2]CCCC,zinc,negative
FC1CCCCCCCCCCC1,zinc,negative
F[C@@H]1CCCC[C@H]1I,zinc,negative
Br[C@H]1CCCC[C@@H]1Br,zinc,negative
CCCCC(I)I,zinc,negative
FC(F)(F)SC1CCCCC1,zinc,negative
CCCCCCC(F)(F)F,zinc,negative
CCCCCCCCC(C)F,zinc,negative
CCCCCCCCCCC(C)F,zinc,negative
[2H]C([2H])([2H])C([2H])([2H])C([2H])([2H])C([2H])([2H])C([2H])([2H])C([2H])([2H])C([2H])([2H])C([2H])([2H])C([2H])([2H])C([2H])([2H])C([2H])([2H])C([2H])([2H])C([2H])([2H])C([2H])([2H])C([2H])([2H])C([2H])([2H])C([2H])([2H])C([2H])([2H])C([2H])([2H])C([2H])([2H])[2H],zinc,negative
CCCCC(F)CBr,zinc,negative
[2H]C([2H])([2H])C([2H])([2H])C([2H])([2H])C([2H])([2H])C([2H])([2H])C([2H])([2H])C([2H])([2H])C([2H])([2H])C([2H])([2H])C([2H])([2H])C([2H])([2H])C([2H])([2H])C([2H])([2H])C([2H])([2H])C([2H])([2H])C([2H])([2H])C([2H])([2H])C([2H])([2H])C([2H])([2H])C([2H])([2H])C([2H])([2H])C([2H])([2H])C([2H])([2H])C([2H])([2H])C([2H])([2H])C([2H])([2H])C([2H])([2H])C([2H])([2H])C([2H])([2H])C([2H])([2H])[2H],zinc,negative
[2H]C([2H])([2H])C([2H])([2H])C([2H])([2H])C([2H])([2H])C([2H])([2H])C([2H])([2H])C([2H])([2H])C([2H])([2H])C([2H])([2H])C([2H])([2H])C([2H])([2H])C([2H])([2H])C([2H])([2H])C([2H])([2H])C([2H])([2H])C([2H])([2H])C([2H])([2H])C([2H])([2H])C([2H])([2H])C([2H])([2H])C([2H])([2H])C([2H])([2H])C([2H])([2H])C([2H])([2H])C([2H])([2H])C([2H])([2H])C([2H])([2H])C([2H])([2H])C([2H])([2H])C([2H])([2H])C([2H])([2H])C([2H])([2H])C([2H])([2H])C([2H])([2H])C([2H])([2H])C([2H])([2H])[2H],zinc,negative
[2H]C([2H])([2H])C([2H])([2H])C([2H])([2H])C([2H])([2H])C([2H])([2H])C([2H])([2H])C([2H])([2H])C([2H])([2H])C([2H])([2H])C([2H])([2H])C([2H])([2H])C([2H])([2H])C([2H])([2H])C([2H])([2H])C([2H])([2H])C([2H])([2H])C([2H])([2H])C([2H])([2H])C([2H])([2H])[2H],zinc,negative
[2H]C([2H])([2H])C([2H])([2H])C([2H])([2H])C([2H])([2H])C([2H])([2H])C([2H])([2H])C([2H])([2H])C([2H])([2H])C([2H])([2H])C([2H])([2H])C([2H])([2H])C([2H])([2H])[2H],zinc,negative
C1CCCCCCCCCCCCCCCCCC1,zinc,negative
S=P(S)(C1CCCCC1)C1CCCCC1,zinc,negative
[CH2-]CCCCCCC.[CH2-]CCCCCCC.[Mg+2],zinc,negative
C[CH](C)[Pb]([CH](C)C)([CH](C)C)[CH](C)C,zinc,negative
C1CCCSSSCC1,zinc,negative
COB(C1CCCCC1)C1CCCCC1,zinc,negative
[CH3][Sn]1([CH3])[CH2]CCC[CH2]1,zinc,negative
C1CCC([Se][Se]C2CCCCC2)CC1,zinc,negative
CCCCCC(C)I,zinc,negative
CC(C)CCC1CCCCC1,zinc,negative
CC(C)CC1CC(C)CC(C)C1,zinc,negative
BrC1CCCC(Br)C1,zinc,negative
C1CCC2SSSSC2C1,zinc,negative
CCCCCC#CI,zinc,negative
CCCCCC[Si](CC)(CC)CC,zinc,negative
C[Si](C)(C)C1CCCCC1,zinc,negative
C1CCCCCCCCCCCCCCCCCCCCC1,zinc,negative
CC1(C)CC(C)(C)CC(C)(C)C1,zinc,negative
CCC[CH2][Sn][Cl],zinc,negative
CC[CH2][Sn]([F])([F])[CH2]CC,zinc,negative
C[CH2][Sn]([CH3])([CH3])[CH3],zinc,negative
CC[CH2][Sn]([CH3])([CH3])[CH3],zinc,negative
C[CH](C)[Sn]([CH3])([CH3])[CH3],zinc,negative
CCCC[CH2][Sn]([CH3])([CH3])[CH3],zinc,negative
CC(C)C(C)C1CCCCC1,zinc,negative
CCCCC1CCCC(CC)C1,zinc,negative
FCC(F)(F)C1CCCCC1,zinc,negative
CC[CH2][Sn]([Br])([Br])[CH2]CC,zinc,negative
CCCC[C@H](C)Br,zinc,negative
CCC[As](Cl)CC,zinc,negative
CCCC[As](Cl)CC,zinc,negative
CCCCCC[As](Cl)Cl,zinc,negative
CC[CH2][Ge]([CH2]C)([CH2]C)[CH2]C,zinc,negative
CCCC[CH2][Hg][S][Hg][CH2]CCCC,zinc,negative
CC[CH2][Hg][S][Hg][CH2]CC,zinc,negative
F[B-](F)(F)C1CCC(F)(F)CC1.[K+],zinc,negative
CCCCCCCCC[CH2][Hg][Cl],zinc,negative
FC1(F)CCCCC1Br,zinc,negative
[2H][C]1[C]([2H])[C]([2H])[C]([2H])[C]1[2H].[2H][C]1[C]([2H])[C]([2H])[C]([2H])[C]1[2H].[Fe],zinc,negative
C1CC[CH]([SnH]([CH]2CCCCC2)[CH]2CCCCC2)CC1,zinc,negative
C[CH-]CCCC.[Zn+][Br],zinc,negative
[2H]C([2H])([2H])C([2H])([2H])C([2H])([2H])C([2H])([2H])C([2H])([2H])Br,zinc,negative
FC(F)(F)C(F)(F)CCCCI,zinc,negative
[2H]C([2H])([2H])CCCCBr,zinc,negative
CCC(I)(I)CC,zinc,negative
CCCCCCCCCCCCCC[13CH2][13CH3],zinc,negative
CCCC(I)CC(F)(F)F,zinc,negative
F[B-](F)(F)CC1CCCCC1.[K+],zinc,negative
[2H]C([2H])([2H])C([2H])([2H])C([2H])([2H])C([2H])([2H])C([2H])([2H])C([2H])([2H])C([2H])([2H])C([2H])([2H])C([2H])([2H])C([2H])([2H])C([2H])([2H])C([2H])([2H])C([2H])([2H])[2H],zinc,negative
FC1(F)CCC(Br)CC1,zinc,negative
[13CH3][13CH2][13CH2][13CH2][13CH2][13CH2]Br,zinc,negative
CCCCC[13CH2]Br,zinc,negative
[13CH3][13CH2][13CH2][13CH2][13CH2][13CH2][13CH2][13CH2][13CH2][13CH2][13CH2][13CH3],zinc,negative
Br[13CH2][13CH2]CCC[13CH2][13CH2]Br,zinc,negative
[CH]1[CH][CH][CH][CH]1.[In],zinc,negative
FC1(F)CCC(S)CC1,zinc,negative
C1CCCC1.[In],zinc,negative
FC1(F)CCCC(Br)C1,zinc,negative
CC#CC#CC#CC#CCCCC,zinc,negative
CCCCCCCCCC[Se]C,zinc,negative
CCCCCCCCCCCCCCCCCCCCCCCCCCCCCCCCCCCCCCCCCCCCCCCCC,zinc,negative
CCCCCC.CCCCCC,zinc,negative
CCCCCCCCCC.O,zinc,negative
CCC#CC#CCCCCCC,zinc,negative
CCCCCCCCC.CCCCCCCCCC,zinc,negative
CCCCCCCC.CCCCCCCCCCCC,zinc,negative
CCCCCCCCCCC.CCCCCCCCCCCC,zinc,negative
CCCCCCCCCC[11CH3],zinc,negative
C1CCC2(CC1)SSSC1(CCCCC1)SS2,zinc,negative
C[C@]12CC[C@@H]3c4ccc(O)cc4CC[C@H]3[C@@H]1CC[C@@H]2O,zinc,negative
C[C@]12CC[C@@H]3c4ccc(O)cc4CC[C@H]3[C@@H]1CCC2=O,zinc,negative
C#C[C@]1(O)CC[C@H]2[C@@H]3CCc4cc(O)ccc4[C@H]3CC[C@@]21C,zinc,negative
Oc1ccc(Cl)cc1Cc1cc(Cl)ccc1O,zinc,negative
CNC(=O)Oc1cccc2ccccc12,zinc,negative
Cc1c(COC(=O)[C@@H]2[C@H](/C=C(\Cl)C(F)(F)F)C2(C)C)cccc1-c1ccccc1,zinc,negative
C[C@]12CC[C@@H]3c4ccc(O)cc4CC[C@H]3[C@@H]1CC[C@H]2O,zinc,negative
CN[C@H]1CC[C@@H](c2ccc(Cl)c(Cl)c2)c2ccccc21,zinc,negative
O=C1NC(=O)C(c2ccccc2)(c2ccccc2)N1,zinc,negative
CN(C)CCC=C1c2ccccc2COc2ccccc21,zinc,negative
O=C(C1CCCCC1)N1CC(=O)N2CCc3ccccc3C2C1,zinc,negative
O=C1c2cccc(O)c2C(=O)c2c(O)cccc21,zinc,negative
COc1ccc2cc([C@H](C)C(=O)O)ccc2c1,zinc,negative
c1ccc(Nc2cccc3ccccc23)cc1,zinc,negative
CC1=CC(=O)c2c(O)cccc2C1=O,zinc,negative
COc1ccc2cc(CCC(C)=O)ccc2c1,zinc,negative
Oc1ccccc1C=NCCN=Cc1ccccc1O,zinc,negative
C=C(c1ccc(C(=O)O)cc1)c1cc2c(cc1C)C(C)(C)CCC2(C)C,zinc,negative
CN(C)CC/C=C1\c2ccccc2COc2ccccc21,zinc,negative
CC1=C(CC(=O)O)c2cc(F)ccc2/C1=C\c1ccc(S(C)=O)cc1,zinc,negative
CN1Cc2c(N)cccc2C(c2ccccc2)C1,zinc,negative
CC(=O)Nc1ccc2c(c1)Cc1ccccc1-2,zinc,negative
O=C(OC1CCCCC1)c1ccccc1C(=O)OC1CCCCC1,zinc,negative
c1ccc(Nc2ccc3ccccc3c2)cc1,zinc,negative
O=C1c2ccccc2C(=O)C1C(=O)C(c1ccccc1)c1ccc(Cl)cc1,zinc,negative
CCOc1ccc(C(C)(C)COCc2cccc(Oc3ccccc3)c2)cc1,zinc,negative
O=C1c2c(O)cccc2Cc2cccc(O)c21,zinc,negative
CCN(CC)CCOC(=O)C(Cc1cccc2ccccc12)CC1CCCO1,zinc,negative
CN1CCOC(c2ccccc2)c2ccccc2C1,zinc,negative
CC(C)(C)c1ccc(CN2CCN(C(c3ccccc3)c3ccc(Cl)cc3)CC2)cc1,zinc,negative
NNc1nnc(NN)c2ccccc12,zinc,negative
O=C(O)CCCCCCNC1c2ccccc2CCc2ccccc21,zinc,negative
CN(C)CC(c1ccc(O)cc1)C1(O)CCCCC1,zinc,negative
C[C@]12CC[C@H]3C(=CCc4cc(O)ccc43)[C@@H]1CCC2=O,zinc,negative
C[C@]12CC[C@H]3[C@@H](CCC4=CC(=O)CC[C@@H]43)[C@@H]1CC[C@@H]2OC(=O)CCc1ccccc1,zinc,negative
CN1CCN(CC/C=C2/c3ccccc3Sc3ccc(S(=O)(=O)N(C)C)cc32)CC1,zinc,negative
CCO/N=C(\CC)C1=C(O)CC(c2c(C)cc(C)cc2C)CC1=O,zinc,negative
O=C1C=CC(=O)c2c(O)cccc21,zinc,negative
Nc1ccc2c(c1)C(=O)c1ccccc1C2=O,zinc,negative
O=[N+]([O-])c1ccc2c3c(cccc13)CC2,zinc,negative
O=[N+]([O-])c1ccc2ccc3cccc4ccc1c2c34,zinc,negative
NC(=S)Nc1cccc2ccccc12,zinc,negative
Oc1cc2ccccc2c2ccccc12,zinc,negative
O=C(O)c1ccccc1C(=O)OCc1ccccc1,zinc,negative
CCCCCCC(C)(C)c1ccc([C@@H]2C[C@H](O)CC[C@H]2CCCO)c(O)c1,zinc,negative
CN[C@H]1CC[C@@H](c2ccc(Cl)c(Cl)c2)c2ccccc21.Cl,zinc,negative
O=C1[N-]C(=O)C(c2ccccc2)(c2ccccc2)N1.[Na+],zinc,negative
Oc1ccc2ccc3cccc4ccc1c2c34,zinc,negative
NC1=NCC2c3ccccc3Cc3ccccc3N12,zinc,negative
C[C@]12CC[C@H]3C(=CCc4cc(OS(=O)(=O)[O-])ccc43)[C@@H]1CCC2=O.[Na+],zinc,negative
CCCCC(CC)COC(=O)c1ccccc1C(=O)O,zinc,negative
O=[N+]([O-])c1c2ccccc2c2ccc3cccc4ccc1c2c43,zinc,negative
CCCC(c1cc(C(C)(C)C)c(O)cc1C)c1cc(C(C)(C)C)c(O)cc1C,zinc,negative
Cc1cccc2c3c(ccc12)C1=C(C(=O)C3=O)[C@@H](C)CO1,zinc,negative
C[C@]12CC[C@@H]3c4ccc(OS(=O)(=O)O)cc4CC[C@H]3[C@@H]1CCC2=O,zinc,negative
CC(=O)Oc1cc(C)c(OC(C)=O)c2ccccc12,zinc,negative
COc1ccc2cc([C@H](C)C(=O)[O-])ccc2c1.[Na+],zinc,negative
CN(C)CC/C=C1\c2ccccc2COc2ccccc21.Cl,zinc,negative
CN(C)CCOC(C)(c1ccccc1)c1ccc(Cl)cc1,zinc,negative
O=C(O)c1cc2ccccc2cc1O,zinc,negative
Clc1ccccc1-c1nnc(-c2ccccc2Cl)nn1,zinc,negative
CCCCOC(=O)COC(=O)c1ccccc1C(=O)OCCCC,zinc,negative
O=C(c1ccc(O)cc1)c1ccc(O)cc1,zinc,negative
O=C(/C=C/c1ccccc1)c1ccccc1O,zinc,negative
O=C1c2ccccc2C(=O)c2c(O)cccc21,zinc,negative
CCN(CC)CCOC(=O)C(Cc1cccc2ccccc12)CC1CCCO1.O=C(O)C(=O)O,zinc,negative
N#CC(CCN1CCC(C(N)=O)(N2CCCCC2)CC1)(c1ccccc1)c1ccccc1,zinc,negative
CC(=O)N(O)c1ccc2c(c1)Cc1ccccc1-2,zinc,negative
O=[N+]([O-])c1ccc2c3c(cccc13)-c1ccccc1-2,zinc,negative
O=[N+]([O-])c1cc2c3ccccc3ccc2c2ccccc12,zinc,negative
O=[N+]([O-])c1ccc2ccc3c([N+](=O)[O-])ccc4ccc1c2c43,zinc,negative
O=[N+]([O-])c1ccc2ccc3ccc([N+](=O)[O-])c4ccc1c2c34,zinc,negative
Clc1ccc(-c2cc(Cl)c(Cl)c(Cl)c2Cl)cc1,zinc,negative
O=[N+]([O-])c1cc([N+](=O)[O-])c2ccc3cccc4ccc1c2c43,zinc,negative
O=[N+]([O-])c1cc2cccc3ccc4cccc1c4c32,zinc,negative
Clc1c(Cl)c(Cl)c2c(Cl)c(Cl)c(Cl)c(Cl)c2c1Cl,zinc,negative
COP(=S)(OC)Oc1ccc(C#N)cc1,zinc,negative
Clc1cc(Cl)c(-c2cc(Cl)c(Cl)c(Cl)c2)cc1Cl,zinc,negative
Cl[Si](Cl)(c1ccccc1)c1ccccc1,zinc,negative
Cc1cccc(OP(=O)(Oc2cccc(C)c2)Oc2cccc(C)c2)c1,zinc,negative
Cc1cc(N)ccc1N.O=S(=O)(O)O,zinc,negative
O=C1c2ccccc2C(=O)N1SC1CCCCC1,zinc,negative
N#CC(Cc1ccc(O)cc1)c1ccc(O)cc1,zinc,negative
c1ccc2c(c1)Cc1ccccc1O2,zinc,negative
O=S(=O)(O)c1ccc2ccccc2c1,zinc,negative
Fc1ccc(Br)cc1,zinc,negative
S=C=Nc1cccc2ccccc12,zinc,negative
Cc1cc(O)c(C)c(C)c1O,zinc,negative
Nc1ccc(N)c2c1C(=O)c1ccccc1C2=O,zinc,negative
O=[N+]([O-])c1ccc(CBr)cc1,zinc,negative
O=C(/C=C/c1ccc([N+](=O)[O-])cc1)c1ccccc1,zinc,negative
CCCCCCCCCOC(=O)c1ccccc1C(=O)OCCCCCCCCC,zinc,negative
Oc1cccc2c(O)cccc12,zinc,negative
CC(=O)CC(=O)c1ccccc1,zinc,negative
Oc1cc(O)c2ccccc2c1,zinc,negative
CC(C)(N=C=O)c1cccc(C(C)(C)N=C=O)c1,zinc,negative
Cc1cccc(Br)c1,zinc,negative
CC#C[C@]1(O)CC[C@H]2[C@@H]3CCc4cc(O)ccc4[C@H]3CC[C@@]21C,zinc,negative
CCc1ccc(C(=O)C(C)CN2CCCCC2)cc1,zinc,negative
CN1CCC2=C(C1)c1ccccc1Cc1ccccc12,zinc,negative
CC(CN(C)C)C(C)(O)Cc1ccc(Cl)cc1,zinc,negative
CCN(CC)C(=O)[C@]1(c2ccccc2)C[C@@H]1CN,zinc,negative
CCN(CC)C(=O)[C@@]1(c2ccccc2)C[C@H]1CN,zinc,negative
CN=C(NC)NCc1ccccc1,zinc,negative
CC[N+](C)(C)Cc1ccccc1Br,zinc,negative
ClCCN(Cc1ccccc1)Cc1ccccc1,zinc,negative
Cc1ccc(OS(=O)(=O)O)cc1,zinc,negative
CC(NCCC(c1ccccc1)c1ccccc1)c1ccccc1,zinc,negative
CCNC(=O)N1CCN(CCCC(c2ccc(F)cc2)c2ccc(F)cc2)CC1,zinc,negative
CCCN1CCC(c2cccc(S(C)(=O)=O)c2)CC1,zinc,negative
c1ccc(C2CN3CCSC3=N2)cc1,zinc,negative
Oc1ccc2c(c1)Cc1ccccc1-2,zinc,negative
COc1ccc(O)c2ccccc12,zinc,negative
COc1cc(C=O)ccc1O,zinc,negative
CC(C)=CC1C(C(=O)OCc2coc(Cc3ccccc3)c2)C1(C)C,zinc,negative
O=c1ccc2cc3ccoc3cc2o1,zinc,negative
O=c1ccc2ccc3occc3c2o1,zinc,negative
CC(=O)Oc1ccccc1C(=O)O,zinc,negative
COC(=O)[C@@H]1C[C@H](OC(C)=O)C(=O)[C@H]2[C@@]1(C)CC[C@H]1C(=O)O[C@H](c3ccoc3)C[C@]21C,zinc,negative
COc1ccccc1OCC(O)CO,zinc,negative
CCOc1cc(C=O)ccc1O,zinc,negative
CC(C)=C[C@@H]1[C@@H](C(=O)OCc2coc(Cc3ccccc3)c2)C1(C)C,zinc,negative
O=C(O)c1cccc(Oc2ccccc2)c1,zinc,negative
c1ccc(OCC2CO2)cc1,zinc,negative
O=c1c(O)c(-c2ccccc2)oc2ccccc12,zinc,negative
O=C1CC(c2ccccc2)Oc2ccccc21,zinc,negative
O=Cc1ccc2c(c1)OCO2,zinc,negative
O=c1cc(-c2ccccc2)oc2ccccc12,zinc,negative
CCOc1ccccc1C(N)=O,zinc,negative
O=C(Oc1ccccc1C(=O)O)c1ccccc1O,zinc,negative
c1ccc2c(c1)oc1ccccc12,zinc,negative
CC(O)CCC(=O)c1ccoc1,zinc,negative
Cc1coc2c1CCC(C)C2,zinc,negative
O=C(Oc1ccccc1)c1ccccc1O,zinc,negative
O=Cc1cccc(Oc2ccccc2)c1,zinc,negative
O=C(O)COc1ccccc1,zinc,negative
C=CCc1ccc(OC(=O)c2ccccc2)c(OC)c1,zinc,negative
CC(O)COc1ccccc1,zinc,negative
O=c1c2ccccc2oc2ccccc12,zinc,negative
Cc1coc2c1CC[C@@H](C)C2,zinc,negative
COc1ccc(C=O)cc1OC,zinc,negative
COC(=O)c1ccc(OC)cc1,zinc,negative
CSSc1ccoc1C,zinc,negative
COC(=O)c1ccccc1OC,zinc,negative
COc1ccc(C(=O)O)cc1,zinc,negative
COc1ccc(C=O)cc1O,zinc,negative
O=C(Oc1ccccc1)c1ccccc1,zinc,negative
COc1ccc2oc(-c3ccccc3)cc(=O)c2c1,zinc,negative
O=c1c(-c2ccccc2)coc2ccccc12,zinc,negative
COc1ccc(OC(C)C(=O)O)cc1,zinc,negative
COc1ccc(/C=C/C(=O)OCCC(C)C)cc1,zinc,negative
CCOCCOC(=O)/C=C/c1ccc(OC)cc1,zinc,negative
COc1ccccc1C(=O)O,zinc,negative
COc1cccc(C(=O)O)c1,zinc,negative
Oc1ccc(Oc2ccc(O)cc2)cc1,zinc,negative
CC(C)C(=O)OCCOc1ccccc1,zinc,negative
COc1cc(C=O)ccc1OC(=O)C(C)C,zinc,negative
CCC(=O)/C=C/c1ccc(OC)cc1,zinc,negative
COc1cc(C=O)ccc1OC(C)=O,zinc,negative
Oc1ccc(Oc2ccccc2)cc1,zinc,negative
COc1ccc(C(=O)/C=C/c2ccccc2)cc1,zinc,negative
CCCC[C@H](CC)COC(=O)/C=C/c1ccc(OC)cc1,zinc,negative
CC1=C2C(=O)O[C@@H](c3ccoc3)[C@]2(C)CCC1,zinc,negative
O=[N+]([O-])c1ccc(/C=N\O)o1,zinc,negative
Clc1ccc2oc3ccccc3c2c1,zinc,negative
CC(C)SCc1ccco1,zinc,negative
c1coc(CSSCc2ccco2)c1,zinc,negative
CCOc1ccc(C=O)cc1,zinc,negative
CCC(=O)OCc1ccc(OC)cc1,zinc,negative
CC(=O)SCc1ccco1,zinc,negative
Cc1ccc(OC(=O)CC(C)C)cc1,zinc,negative
CCOC(=O)COc1ccc(C)cc1,zinc,negative
CC(=O)Oc1ccccc1C,zinc,negative
CCCCCCCc1ccco1,zinc,negative
COc1ccc(CC(C)=O)cc1,zinc,negative
CCOC(=O)c1ccc(OC)cc1,zinc,negative
CCCC(=O)OCc1ccco1,zinc,negative
CCCCCC(=O)c1ccco1,zinc,negative
CCCCC(=O)c1ccco1,zinc,negative
COc1ccc(/C=C/C=O)cc1,zinc,negative
NC(=O)/C(=C\c1ccc([N+](=O)[O-])o1)c1ccco1,zinc,negative
CC(C)(O)C(=O)c1ccc(OCCO)cc1,zinc,negative
CCOC(=O)c1ccccc1OC,zinc,negative
O=c1cc(-c2ccccc2O)oc2ccccc12,zinc,negative
Cc1occc1SSc1ccoc1C,zinc,negative
COc1ccc(-c2cc(=O)c3ccccc3o2)cc1,zinc,negative
O=C(O)CNC(=O)c1ccco1,zinc,negative
CCCCCCCCCCCCCCOc1ccc(C(=O)O)o1,zinc,negative
c1ccc(-c2ccc3ccccc3[o+]2)cc1,zinc,negative
CC(=O)CC(c1ccco1)c1c(O)c2ccccc2oc1=O,zinc,negative
Clc1ccc2oc3ccc(Cl)cc3c2c1,zinc,negative
CC(C)=C[C@H]1[C@@H](C(=O)OCc2coc(Cc3ccccc3)c2)C1(C)C,zinc,negative
CCCOC(=O)c1ccco1,zinc,negative
COc1ccccc1OC(C)=O,zinc,negative
C=CCOC(=O)c1ccco1,zinc,negative
CCOC(=O)CCc1ccco1,zinc,negative
c1coc(CSCc2ccco2)c1,zinc,negative
CCOc1ccc(C=O)cc1OC,zinc,negative
COc1ccccc1C(C)=O,zinc,negative
CCCC(=O)OCc1ccc(OC)cc1,zinc,negative
CCOc1cc(C=O)ccc1OC(=O)C(C)C,zinc,negative
C=CCOC(=O)COc1ccccc1,zinc,negative
CCC(=O)OCc1ccco1,zinc,negative
CC(C)CCC(=O)c1ccoc1,zinc,negative
CC(C)=CCC(=O)c1ccoc1,zinc,negative
Cc1coc2ccccc2c1=O,zinc,negative
COc1ccc(OC(C)C(=O)[O-])cc1.[Na+],zinc,negative
COc1ccc(OC)c(C=O)c1,zinc,negative
COc1ccc(C(=O)CBr)cc1,zinc,negative
COc1ccc(C(=O)C(=O)c2ccccc2)cc1,zinc,negative
O=C(O)c1cc2ccccc2o1,zinc,negative
Cc1cc(=O)oc2ccccc12,zinc,negative
COc1ccc(O)c(C=O)c1,zinc,negative
O=C(O)c1ccc(C(=O)O)o1,zinc,negative
CCC(=O)OCCOc1ccccc1,zinc,negative
CCC(=O)Oc1ccccc1OC,zinc,negative
O=C(Oc1ccccc1)c1ccccc1C(=O)Oc1ccccc1,zinc,negative
O=C(c1ccco1)C(O)c1ccco1,zinc,negative
CC(CO)Oc1ccccc1,zinc,negative
C=CC(=O)OCCOc1ccccc1,zinc,negative
CCCCOc1ccccc1,zinc,negative
Cc1cc2ccccc2oc1=O,zinc,negative
CCCCCCOc1ccccc1C(N)=O,zinc,negative
CC(Cc1ccccc1)N(C)Cc1ccco1,zinc,negative
CCOC(=O)/C=C/c1ccc(OC)cc1,zinc,negative
CC(=O)Oc1ccc(O)cc1,zinc,negative
c1ccc(OCCOc2ccccc2)cc1,zinc,negative
CCCCCCOc1ccc(O)cc1,zinc,negative
CC(=O)Oc1cccc(C)c1,zinc,negative
COc1ccc(C(=O)C(=O)c2ccc(OC)cc2)cc1,zinc,negative
O=C(O)c1ccc(Oc2ccccc2)cc1,zinc,negative
COC(=O)c1ccccc1OC(C)=O,zinc,negative
CC(=O)Oc1ccc(C(C)=O)cc1,zinc,negative
C=CCCCCCCCCCCCc1ccco1,zinc,negative
OCCOCCOc1ccccc1,zinc,negative
CC1(C)[C@H](C(=O)OCc2coc(Cc3ccccc3)c2)[C@@H]1/C=C1\CCSC1=O,zinc,negative
O=c1[nH]nc(-c2ccco2)o1,zinc,negative
Brc1ccc2oc3ccc(Br)cc3c2c1,zinc,negative
O=C(O)c1ccc(F)c(Oc2ccccc2)c1,zinc,negative
CCCC(=O)C(CC)Sc1ccoc1C,zinc,negative
Cc1ccccc1OC(=O)c1ccccc1O,zinc,negative
Cc1ccc(OC(=O)C(C)C)cc1,zinc,negative
CC(C)COC(=O)CCc1ccco1,zinc,negative
CCCSSc1ccoc1C,zinc,negative
CC(C)CC(=O)OCc1ccco1,zinc,negative
Cc1ccccc1OC(=O)C(C)C,zinc,negative
CCCCC(=O)OCc1ccco1,zinc,negative
CCCCCCOC(=O)c1ccco1,zinc,negative
CCCCCCCC(=O)OCc1ccco1,zinc,negative
CCOC(=O)c1ccoc1-c1ccccc1,zinc,negative
CSSCc1ccco1,zinc,negative
CCC(=O)SCc1ccco1,zinc,negative
CCCCCCCCOC(=O)c1ccco1,zinc,negative
CCCCCOC(=O)c1ccco1,zinc,negative
CC(=O)Sc1cc(C)oc1C,zinc,negative
CC(=O)Sc1ccoc1C,zinc,negative
O=C(OCCc1ccccc1)c1ccco1,zinc,negative
c1coc(COCc2ccco2)c1,zinc,negative
Cc1occc1SSCc1ccco1,zinc,negative
CC(C)CCOC(=O)CCc1ccco1,zinc,negative
CCOC(=O)CCSCc1ccco1,zinc,negative
Cc1cc(SSc2cc(C)oc2C)c(C)o1,zinc,negative
Cc1ccc(C(C)CC=O)o1,zinc,negative
O=C/C(=C/c1ccco1)c1ccccc1,zinc,negative
CCCCCCCCCCc1ccco1,zinc,negative
CSSc1cc(C)oc1C,zinc,negative
COc1ccc(/C=C/C(=O)C(C)C)cc1,zinc,negative
CC(=O)Oc1ccccc1OC(C)=O,zinc,negative
Brc1ccc2oc3ccccc3c2c1,zinc,negative
ClCCOc1ccccc1,zinc,negative
O=C(Oc1cccc(O)c1)c1ccccc1,zinc,negative
CCCCOC(=O)c1ccco1,zinc,negative
CCOc1ccc(OC)cc1,zinc,negative
CCOc1ccccc1OC,zinc,negative
CCCC(=O)OCCOc1ccccc1,zinc,negative
CCOC(=O)/C=C/c1ccco1,zinc,negative
COc1ccccc1OC(=O)C(C)C,zinc,negative
CCCCCCCCc1ccco1,zinc,negative
CC(C)=CCc1occc1C,zinc,negative
CCOc1ccc(/C=C2\CCc3ccccc3C2=O)cc1,zinc,negative
O=C(Cl)Oc1ccccc1,zinc,negative
O=C(Oc1cccc(OC(=O)c2ccccc2)c1)c1ccccc1,zinc,negative
BrCCOc1ccccc1,zinc,negative
C=Cc1ccc(OC(C)=O)cc1,zinc,negative
COc1ccc(/C=C/C(C)=O)cc1,zinc,negative
Clc1cccc2oc3ccccc3c12,zinc,negative
CC(C)/C=C/C(=O)c1ccoc1,zinc,negative
CCOc1ccc(C(=O)OCCN(CC)CC)cc1,zinc,negative
O=[N+]([O-])c1ccc(/C=N/O)o1,zinc,negative
CC(Oc1ccc(O)cc1)C(=O)O,zinc,negative
O=C(O)/C=C/c1ccc([N+](=O)[O-])o1,zinc,negative
CC(C)Oc1ccccc1O,zinc,negative
CCOC(=O)c1ccc(OCC)cc1,zinc,negative
COc1cccc(C(=O)C(=O)c2cccc(OC)c2)c1,zinc,negative
COc1ccc(C(=O)[O-])cc1.[Na+],zinc,negative
CCOc1ccccc1C=O,zinc,negative
O=C(O)COc1ccc(O)cc1,zinc,negative
O=Cc1ccccc1OCC(=O)O,zinc,negative
CCOc1ccc(OCC)cc1,zinc,negative
NC(=O)COc1ccccc1,zinc,negative
COc1ccc(Oc2ccccc2)cc1,zinc,negative
COc1ccc(C2CC(=O)c3ccccc3O2)cc1,zinc,negative
COc1ccccc1-c1cc(=O)c2ccccc2o1,zinc,negative
COc1ccc(/C=C/C(=O)c2ccccc2)cc1,zinc,negative
CCOc1ccc(C(=O)O)cc1,zinc,negative
OCCOc1cccc(OCCO)c1,zinc,negative
OCCOc1ccc(OCCO)cc1,zinc,negative
COc1ccccc1/C=C/C(=O)O,zinc,negative
O=C(O)c1ccc(OCCCOc2ccc(C(=O)O)cc2)cc1,zinc,negative
CCCCCCCCOc1ccc(C(=O)O)cc1,zinc,negative
O=C(Oc1ccccc1)c1cccc(C(=O)Oc2ccccc2)c1,zinc,negative
COc1ccc(C=O)c(OC)c1,zinc,negative
C#CCCCCCCCCCCCc1ccco1,zinc,negative
COc1cccc(-c2cc(=O)c3ccccc3o2)c1,zinc,negative
C1=CCC2(CC1)COC(c1ccco1)OC2,zinc,negative
CC(C)CC(=O)c1ccc(OC(F)F)c(OC2CCOC2)c1,zinc,negative
COC(=O)C[C@H]1[C@]2(C)C3=C(C)[C@H](c4ccoc4)C[C@H]3O[C@@H]2[C@@H]2OC(=O)[C@]3(C)C=CC(=O)[C@@]1(C)[C@@H]23,zinc,negative
CC(C)=CCC/C(=C/CC/C(C)=C/CCc1ccoc1)C(=O)O,zinc,negative
Cc1cc(SC(=O)CC(C)C)c(C)o1,zinc,negative
CCCCC(=O)C(CCC)Sc1ccoc1C,zinc,negative
Cc1occc1SC(C(=O)CC(C)C)C(C)C,zinc,negative
CC(=O)CC(C)SCc1ccco1,zinc,negative
CC(=O)C(C)Sc1ccoc1C,zinc,negative
Cc1occc1SSSSc1ccoc1C,zinc,negative
c1coc(Cc2coc(Cc3ccco3)c2)c1,zinc,negative
CC(C)CCOC(=O)CCCc1ccco1,zinc,negative
CCCCCCc1ccco1,zinc,negative
COc1ccc(B(O)O)cc1,zinc,negative
CC(=O)CSCc1ccco1,zinc,negative
COc1ccc(C=CC(=O)C(C)C)cc1,zinc,negative
CCCC(=O)Oc1ccccc1OC,zinc,negative
COc1ccc(CC=O)cc1,zinc,negative
CCCCCC(=O)OCc1ccco1,zinc,negative
COC(=O)CCSCc1ccco1,zinc,negative
CCC(C)C(=O)OCc1ccco1,zinc,negative
COc1ccccc1OCC(=O)O,zinc,negative
CCOC(=O)C1=C(C)NC(C)=C(C(=O)OCC)C1c1ccco1,zinc,negative
COc1cccc2cc(C(C)=O)oc12,zinc,negative
O=Cc1ccc(Oc2ccccc2)cc1,zinc,negative
COc1ccc(C(=O)c2ccccc2)cc1,zinc,negative
COc1ccc(C(=O)OC(=O)c2ccc(OC)cc2)cc1,zinc,negative
CC(=O)Oc1cccc(OC(C)=O)c1,zinc,negative
OCC(O)COc1ccccc1,zinc,negative
Cc1ccc(OC(=O)c2ccccc2)cc1,zinc,negative
CC(Oc1ccccc1)C(=O)O,zinc,negative
CC(=O)c1cc2ccccc2o1,zinc,negative
c1ccc2c(c1)OCCOCCOc1ccccc1OCCOCCO2,zinc,negative
CC(=O)COc1ccccc1,zinc,negative
O=C(O)COc1ccccc1C(=O)O,zinc,negative
CC(=O)Oc1ccc(OC(C)=O)cc1,zinc,negative
CCOc1ccc(C(C)=O)cc1,zinc,negative
CC(=O)Oc1ccc(Br)cc1,zinc,negative
CCOc1cc(C=O)ccc1OC(C)=O,zinc,negative
O/N=C(C(=N/O)/c1ccco1)\c1ccco1,zinc,negative
CC(=O)Oc1ccccc1C(=O)[O-],zinc,negative
COC(=O)C1=C(C)NC(C)=C(C(=O)OC)C1c1ccco1,zinc,negative
COc1ccc(/C=C2\COc3ccccc3C2=O)cc1,zinc,negative
O=C1/C(=C/c2ccccc2)COc2ccccc21,zinc,negative
O=C(C(=O)c1ccco1)c1ccco1,zinc,negative
CC(=O)OCc1cocc2c(C=O)ccc1-2,zinc,negative
Cc1ccc(C[N+](C)(C)C)o1,zinc,negative
C[C@@H](Oc1ccc(O)cc1)C(=O)O,zinc,negative
CC(=O)CC(=O)c1ccco1,zinc,negative
CCCC(=O)Oc1ccccc1,zinc,negative
COC(=O)/C=C/c1ccco1,zinc,negative
CC/C(C=O)=C\c1ccco1,zinc,negative
COc1ccccc1I,zinc,negative
CC(=O)Oc1ccc(C=O)cc1,zinc,negative
COC(=O)/C=C/c1ccc(OC)cc1,zinc,negative
COc1ccc2oc(=O)ccc2c1,zinc,negative
C[C@@H]1C[C@H]2OC(=O)[C@@]3(C)CCC[C@@](C)([C@@H]23)[C@@]1(O)CCc1ccoc1,zinc,negative
CCCCCOc1ccc(O)cc1,zinc,negative
c1ccc(-c2ccc(-c3ccccc3)o2)cc1,zinc,negative
O=C(COc1ccccc1)N1CCCC1,zinc,negative
O=C(c1ccco1)N1CCNCC1,zinc,negative
NC(=O)N1CCN(C(=O)c2ccco2)CC1,zinc,negative
OB(O)c1ccc(Oc2ccccc2)cc1,zinc,negative
OB(O)c1cc2ccccc2o1,zinc,negative
NCc1ccc(-c2ccccc2)o1,zinc,negative
c1ccc(COc2ccccc2)cc1,zinc,negative
CC(=O)c1ccc2c(c1)OCCO2,zinc,negative
CCCCCCCOc1ccc(O)cc1,zinc,negative
O=C(O)c1ccc2occc2c1,zinc,negative
CCOc1ccc(CC(=O)O)cc1,zinc,negative
C/C=C/C#CC#C/C=C/c1ccco1,zinc,negative
COc1cccc(C(C)=O)c1,zinc,negative
COc1ccccc1C=CC=O,zinc,negative
COc1ccc2cc(C=O)ccc2c1,zinc,negative
O=Cc1coc2ccccc2c1=O,zinc,negative
COc1ccc(/C=C/C(=O)c2ccc(OC)cc2)cc1,zinc,negative
O=C(O)c1ccccc1COc1ccccc1,zinc,negative
C=C(C)C(=O)OCCOc1ccccc1,zinc,negative
CCCCCCOc1ccc(C(=O)O)cc1,zinc,negative
CCOc1ccccc1OCC,zinc,negative
O=C(Oc1ccccc1)c1ccc(O)cc1,zinc,negative
CCCOc1ccc(C(=O)O)cc1,zinc,negative
COc1cccc(-c2cc(=O)c3cc(OC)ccc3o2)c1,zinc,negative
O=C/C=C/c1ccc2c(c1)OCO2,zinc,negative
COc1ccc(/C=C/C=O)cc1OC,zinc,negative
CCC(=O)c1ccc(OC)cc1,zinc,negative
CCOc1ccccc1C(=O)O,zinc,negative
CCc1ccc(OC(C)=O)cc1,zinc,negative
CCOC(=O)C(C)Oc1ccc(O)cc1,zinc,negative
CC(=O)c1ccc2c(c1)C=CC(C)(C)O2,zinc,negative
COc1ccc2c(c1)C(=O)CC(C)(C)O2,zinc,negative
Cc1coc2c1CC1OC1(C)CCC1OC1(C)C2,zinc,negative
O=C(CCl)c1ccc(Oc2ccc(C(=O)CCl)cc2)cc1,zinc,negative
CC(=O)c1cc2ccccc2oc1=O,zinc,negative
O=c1cc(-c2ccccc2)oc2ccc(F)cc12,zinc,negative
CC(=O)N1CCN(C(=O)c2ccco2)CC1,zinc,negative
O=c1cc(/C=C/c2ccccc2)oc2ccccc12,zinc,negative
O=Cc1ccc(O[C@@H]2O[C@H](CO)[C@@H](O)[C@H](O)[C@H]2O)cc1,zinc,negative
CC1=C(O)/C(=C/[C@H](C)CCC/C(C)=C/CCc2coc(Cc3ccoc3)c2)OC1=O,zinc,negative
COc1ccc(C(=O)CC(=O)c2ccc(OC)cc2)cc1,zinc,negative
C=CCOc1cc(=O)oc2ccccc12,zinc,negative
COc1ccc(/C=C/C(=O)c2ccc(O)cc2)cc1,zinc,negative
CC(C)(Oc1ccccc1)C(=O)O,zinc,negative
CCCCOC(=O)c1ccc([O-])cc1.[Na+],zinc,negative
CC(C(=O)O)c1cccc2c(-c3ccccc3)coc12,zinc,negative
CC(=O)O[C@@H]1C[C@H]2C(C)(C)C(=O)C=C[C@]2(C)[C@H]2CC[C@]3(C)C(=CC(=O)[C@H]3c3ccoc3)[C@@]21C,zinc,negative
c1ccc(-c2oc3ccccc3c2-c2ccccc2)cc1,zinc,negative
C=C1CCC[C@]2(C)Cc3occ(C)c3C[C@@H]12,zinc,negative
CCCSSCc1ccco1,zinc,negative
CCCOC(=O)c1ccc([O-])cc1.[Na+],zinc,negative
N#Cc1cc2ccccc2oc1=O,zinc,negative
CC1(C)OC(c2ccco2)CN1C(=O)C(Cl)Cl,zinc,negative
CC(C)C(=O)OCc1ccco1,zinc,negative
COc1ccc(C=C(C)C=O)cc1,zinc,negative
CSSSCc1ccco1,zinc,negative
COC(=O)CSCc1ccco1,zinc,negative
CCOC(=O)SCc1ccco1,zinc,negative
CSSCc1ccc(C)o1,zinc,negative
CCCOC(=O)/C=C/c1ccco1,zinc,negative
COc1ccccc1OC(C)C(=O)O,zinc,negative
CC(=O)c1ccc2c(c1)OCCOCCOCCOCCO2,zinc,negative
CC(=O)c1ccc(Oc2ccc(C(C)=O)cc2)cc1,zinc,negative
CNCCOc1ccccc1,zinc,negative
COc1ccc(/C=C2\CCc3ccccc3C2=O)cc1,zinc,negative
C(=N/C(/N=C/c1ccco1)c1ccco1)\c1ccco1,zinc,negative
OC(COc1ccccc1)COc1ccccc1,zinc,negative
CCOC(=O)c1cc2ccccc2oc1=O,zinc,negative
COc1ccc(C(C)=O)cc1C,zinc,negative
CC(N)COc1ccccc1,zinc,negative
FC(F)C(F)(F)Oc1ccccc1,zinc,negative
O=S1c2ccccc2Oc2ccccc21,zinc,negative
c1ccc2c(c1)OCCCO2,zinc,negative
c1ccc2c(c1)OCCOCCOCCOCCO2,zinc,negative
c1coc(C2NCCS2)c1,zinc,negative
Cl[As]1c2ccccc2Oc2ccccc21,zinc,negative
CC(=O)c1cccc(Oc2ccccc2)c1,zinc,negative
CCOc1cccc(C=O)c1O,zinc,negative
COc1ccccc1/C=C\C(=O)O,zinc,negative
COc1ccc(C(=O)Cl)cc1,zinc,negative
COc1ccc(CC(C)C=O)cc1,zinc,negative
CCOc1ccc(C=O)cc1O,zinc,negative
CCCOc1ccc(C=O)cc1,zinc,negative
CCOC(OCC)c1ccco1,zinc,negative
O=C([O-])COc1ccccc1.[Na+],zinc,negative
C[N+](C)(C)Cc1ccco1.[I-],zinc,negative
CCCCOCC(O)COc1ccccc1,zinc,negative
CC(C)CC(=O)CC(C)(O)CCC(=O)c1ccoc1,zinc,negative
CC(CCC(=O)c1ccoc1)CC(O)C(O)C(C)C,zinc,negative
C/C1=C/CC[C@H](C)C(=O)Cc2c(C)coc2C1,zinc,negative
CC(=O)Oc1ccc(Cl)cc1,zinc,negative
CCCCC(=O)Oc1ccccc1C(=O)O,zinc,negative
CC(C)CC(=O)CC1(C)CCC(c2ccoc2)O1,zinc,negative
COC(=O)c1cc2ccccc2oc1=O,zinc,negative
O=C(C#Cc1ccccc1)c1ccco1,zinc,negative
Cc1ccc(/C=C2\COc3ccccc3C2=O)cc1,zinc,negative
O=C(/C=C/c1ccco1)c1ccccc1,zinc,negative
NC(=O)N/N=C/c1ccco1,zinc,negative
COc1ccc(C(=O)C2CC2)cc1,zinc,negative
C(=N/N=C/c1ccco1)\c1ccco1,zinc,negative
O=c1oc2ccccc2c2ccccc12,zinc,negative
Cc1ccc(C2CCCN2)o1,zinc,negative
CCCOc1ccc(O)cc1,zinc,negative
c1coc(-c2cccs2)c1,zinc,negative
O=c1nccc(NCc2ccco2)[nH]1,zinc,negative
O=Cc1cccc2c1OCO2,zinc,negative
O=Cc1ccccc1OCc1ccccc1,zinc,negative
COc1ccccc1/C=C/C(=O)/C=C/c1ccccc1OC,zinc,negative
COc1ccccc1B(O)O,zinc,negative
COc1cccc(B(O)O)c1,zinc,negative
COc1cc(C=O)ccc1OS(C)(=O)=O,zinc,negative
CCOc1cccc(C(=O)O)c1,zinc,negative
COc1ccccc1OC(=O)c1ccccc1,zinc,negative
O=C(O)c1ccc(Br)o1,zinc,negative
O=C(O)c1ccc(OCc2ccccc2)cc1,zinc,negative
CC(=O)c1ccc(OCC(=O)O)cc1,zinc,negative
O=C(O)CCOc1ccccc1,zinc,negative
N#Cc1coc2ccccc2c1=O,zinc,negative
O=C(Oc1ccc(O)cc1)c1ccccc1,zinc,negative
S=C(NCc1ccccc1)NCc1ccco1,zinc,negative
O=C(c1ccccc1)c1cc2ccccc2o1,zinc,negative
COc1ccccc1C(=O)CBr,zinc,negative
O=Cc1ccccc1OCCOc1ccccc1C=O,zinc,negative
CC(=O)c1ccc(OCc2ccccc2)cc1,zinc,negative
CC(C)Oc1ccc(C=O)cc1,zinc,negative
CC(C)CCOc1ccc(C(=O)O)cc1,zinc,negative
COC(=O)c1ccccc1OC(=O)c1ccccc1,zinc,negative
CC(=O)C1=C(C)OC(N)=C(C#N)C1c1ccco1,zinc,negative
CCCOc1cccc(C(=O)O)c1,zinc,negative
CCOC(=O)c1ccc(-c2ccc(C=O)o2)cc1,zinc,negative
Nn1c(-c2ccco2)n[nH]c1=S,zinc,negative
O=C1NC(=S)NC(=O)C1=Cc1ccco1,zinc,negative
Nc1oc2ccccc2c(=O)c1C=O,zinc,negative
N#Cc1c(-c2ccco2)c2c([nH]c1=S)CCCC2,zinc,negative
Cc1oc(-c2ccccc2)cc1C(N)=O,zinc,negative
O=Cc1ccc(-c2ccc(F)cc2)o1,zinc,negative
C=CCOc1ccccc1/C=C/C(=O)O,zinc,negative
O=C(O)COc1ccc(Oc2ccccc2)cc1,zinc,negative
CC(=O)c1ccc(OCc2ccc(F)cc2)cc1,zinc,negative
OB(O)c1ccccc1OCc1ccccc1,zinc,negative
CCCCCCCCOc1ccc(-c2ccc(C(=O)O)cc2)cc1,zinc,negative
CC(=O)c1ccc2c(c1)OCCOCCOCCOCCOCCO2,zinc,negative
C=CC(=O)OCC(O)COc1ccccc1,zinc,negative
CC(C)(C)C(=O)Oc1ccc(C(=O)c2ccc(OC(=O)C(C)(C)C)cc2)cc1,zinc,negative
NC(=S)N/N=C/c1ccco1,zinc,negative
O=C1CCCc2cc(OCc3ccccc3)ccc21,zinc,negative
O=C1CC2(CCCCC2)Oc2ccccc21,zinc,negative
COc1ccc(C(=O)Oc2ccc(C)cc2)cc1,zinc,negative
Fc1ccc(Oc2ccc(F)cc2)cc1,zinc,negative
O=c1oc2ccccc2cc1-c1ccccc1,zinc,negative
CCCCOc1ccc(C(=O)O)cc1,zinc,negative
CC(C)Oc1ccc(C(=O)O)cc1,zinc,negative
CCCC(=O)c1ccc(OC)cc1,zinc,negative
CCCCCCCOc1ccc(C(=O)O)cc1,zinc,negative
CCOc1ccc(C(N)=O)cc1,zinc,negative
COc1ccccc1OCC(C)=O,zinc,negative
CC(=O)OCc1cc(C(C)=O)ccc1OC(C)=O,zinc,negative
O=C(Nc1ccccc1)c1ccco1,zinc,negative
c1ccc(OCCOCCOc2ccccc2)cc1,zinc,negative
O=C1COc2cc(O)ccc21,zinc,negative
O=C(NCc1ccco1)c1ccccc1,zinc,negative
Cc1ccc2occ(C=O)c(=O)c2c1,zinc,negative
NNC(=S)NCc1ccco1,zinc,negative
COc1ccc(/C=C/C(=O)c2ccc(C)cc2)cc1,zinc,negative
c1cc(OCC2CO2)ccc1OCC1CO1,zinc,negative
CCOC(=O)C(=Cc1ccc(OC)cc1)C(=O)OCC,zinc,negative
COC(=O)C(=Cc1ccc(OC)cc1)C(=O)OC,zinc,negative
COc1cc(O)cc(C=O)c1,zinc,negative
CC(=O)Oc1ccc(C(=O)O)cc1,zinc,negative
CCOC(=O)COc1ccccc1,zinc,negative
CCCCOc1ccc(O)cc1,zinc,negative
FC(F)(F)Oc1ccccc1,zinc,negative
CCOc1ccc(Br)cc1,zinc,negative
Cc1cccc(OC(=O)c2ccccc2)c1,zinc,negative
O=C(CCC(=O)Oc1ccccc1)Oc1ccccc1,zinc,negative
CCOc1ccc(Cl)cc1,zinc,negative
COc1ccc(I)cc1,zinc,negative
Cc1ccc(OCc2ccccc2)cc1,zinc,negative
COc1ccc(OC)c(C(C)=O)c1,zinc,negative
O=C(Oc1ccccc1)c1ccc(C(=O)Oc2ccccc2)cc1,zinc,negative
CCOc1ccc(C=O)cc1OCC,zinc,negative
O=C(O)c1ccccc1Oc1ccccc1,zinc,negative
CCOC(=O)c1cccs1,zinc,negative
CCOC(=O)CC(=O)c1ccc(OC)cc1,zinc,negative
O=Cc1ccc(OCc2ccccc2)cc1,zinc,negative
c1ccc2c(c1)OCCOCCOCCOc1ccccc1OCCOCCOCCO2,zinc,negative
CCCCCOc1ccc(C(=O)O)cc1,zinc,negative
COC(=O)c1ccc(C(=O)OC)o1,zinc,negative
COc1cc(C=O)ccc1OCc1ccccc1,zinc,negative
CCCOc1ccccc1O,zinc,negative
COc1cc(C=O)cc(OC)c1,zinc,negative
COCCOc1ccccc1,zinc,negative
COc1ccc(C=O)cc1Br,zinc,negative
COc1cccc(/C=C/C(=O)O)c1,zinc,negative
CCOc1ccc(/C=C/C(=O)O)cc1,zinc,negative
COc1ccc(/C=C\C(=O)O)cc1,zinc,negative
COC(=O)[C@@H]1C[C@H](OC(C)=O)C(=O)[C@H]2[C@@]1(C)CC[C@H]1C(=O)O[C@@H](c3ccoc3)C[C@]21C,zinc,negative
O=C1C[C@@H](c2ccccc2)Oc2ccccc21,zinc,negative
C/C1=C/C(=O)c2c(C)coc2C/C(C)=C/CC1,zinc,negative
O=C(O)c1cccc(Oc2ccc(O)cc2)c1,zinc,negative
OCCOc1ccc(Oc2ccccc2)cc1,zinc,negative
C=C(CO)C1Cc2cc(C(C)=O)ccc2O1,zinc,negative
C=C(C)C(=O)CCc1ccoc1,zinc,negative
C=CC1(C)Cc2occ(C)c2C(=O)C1C(=C)C,zinc,negative
CCCCCCCCCCCCCCCc1ccco1,zinc,negative
CCCCCCCCCCCCCCCCCc1ccco1,zinc,negative
CC(=O)O[C@@H]1C[C@H]2C(C)(C)C(=O)C=C[C@]2(C)[C@H]2CC[C@]3(C)C(=CC[C@H]3c3ccoc3)[C@@]21C,zinc,negative
C/C1=C\Cc2c(C)coc2C/C(C)=C/CC1,zinc,negative
CCCCc1ccc(CCc2ccc(O)c(OC)c2)o1,zinc,negative
NS(=O)(=O)c1cc2ccccc2o1,zinc,negative
O=C(CCCCCCCCC#CI)Oc1ccccc1,zinc,negative
C[C@@]12C=Cc3occc3[C@H]1CC[C@@]13C[C@@H](CC[C@H]12)[C@@](O)(CO)C3,zinc,negative
COc1ccc(-c2cc(=O)c3cc(F)ccc3o2)cc1,zinc,negative
COc1ccc(-c2cc(=O)c3cc(I)ccc3o2)cc1,zinc,negative
O=c1cc(-c2ccc(F)cc2)oc2ccccc12,zinc,negative
COc1ccc(/C=C2\Oc3ccccc3C2=O)cc1,zinc,negative
Cc1ccc(-c2cc(=O)c3ccccc3o2)cc1,zinc,negative
Cc1ccc2oc(-c3ccccc3)cc(=O)c2c1,zinc,negative
C#CC(C)(C)OC(=O)c1ccc(OC)cc1,zinc,negative
COc1ccc(C(=O)/C=C/c2ccc(F)cc2)cc1,zinc,negative
CCCCC/C=C\C/C=C\C/C=C\C/C=C\CCCC(=O)NCc1ccoc1,zinc,negative
C[C@@H]1C(=O)C[C@H]2C(C)(C)CCC[C@]2(C)[C@@]1(O)CCc1ccoc1,zinc,negative
C[C@@H]1CC[C@@]2(C)C(C(=O)O)=CCC[C@@H]2[C@@]1(C)CCc1ccoc1,zinc,negative
C/C1=C\C(=O)c2c(C)coc2C/C(C)=C/CC1,zinc,negative
COc1ccc(C(=O)OCC(=O)O)cc1,zinc,negative
COc1ccc(OCc2cccc(C(=O)O)c2)cc1,zinc,negative
Cc1oc(C(C)(C)C)cc1C(N)=O,zinc,negative
COc1ccc(/C=C/C(=O)/C=C/c2ccc(OC)cc2)cc1,zinc,negative
Cc1cc(C(=O)N2CCOCC2)c(C)o1,zinc,negative
S=C1NCN(Cc2ccco2)CN1,zinc,negative
COc1ccc(/C=C2\CCC/C(=C\c3ccc(OC)cc3)C2=O)cc1,zinc,negative
CN1C(=O)/C(=C/C=C/c2ccco2)C(=O)NC1=S,zinc,negative
C=CCCOc1ccccc1C(N)=O,zinc,negative
COc1ccccc1/C=C1\Cc2ccccc2C1=O,zinc,negative
CCOc1ccc(/C=C/C(=O)c2ccccc2)cc1,zinc,negative
c1coc(C2OCC3(CO2)COC(c2ccco2)OC3)c1,zinc,negative
O=C1c2ccccc2C(=O)c2occc21,zinc,negative
CC1=C2C(=O)O[C@@H](c3ccoc3)[C@]2(C)CC[C@@H]1O,zinc,negative
CC1=C2C(=O)OC(c3ccoc3)C2(C)CCC1,zinc,negative
O=C1C(=O)c2ccoc2-c2ccccc21,zinc,negative
CC(C)=CCC(OC(=O)CC(C)C)c1coc(-c2cc(O)ccc2O)c1,zinc,negative
C=C(C)[C@@H]1CCC2=C[C@H](C/C(C)=C\c3cc(C)c(o3)[C@H]1O)OC2=O,zinc,negative
COc1cc(/C=C/C=O)ccc1OCC=C(C)C,zinc,negative
CC1CCC2(CO)C(C(=O)O)=CCCC2C1(C)CCc1ccoc1,zinc,negative
CC1=C2[C@@H](O)C(=O)O[C@@H](c3ccoc3)[C@]2(C)CC[C@@H]1O,zinc,negative
CC1CC(O)C2(C)C(C(=O)O)=CCCC2C1(C)CCc1ccoc1,zinc,negative
CC(=O)O[C@H](/C=C(\C)CC[C@@H](O)[C@]1(C)CCC(=O)O1)C/C(C)=C/CCc1ccoc1,zinc,negative
C/C1=C\CC[C@]2(C)O[C@H]2C(=O)c2c(C)coc2C1,zinc,negative
CCCCOC(=O)Oc1ccc(C(=O)Oc2ccc(OCC)cc2)cc1,zinc,negative
CC(C)CC(=O)OCc1cocc2c(C=O)ccc1-2,zinc,negative
COc1ccc(CCc2cc(=O)c3ccccc3o2)cc1,zinc,negative
O=c1cc(CCc2ccccc2)oc2ccccc12,zinc,negative
COc1ccc2oc(CCc3ccccc3)cc(=O)c2c1,zinc,negative
O=Cc1ccc(COS(=O)(=O)O)o1,zinc,negative
O=Cc1c(O)cccc1OCc1ccc(C(=O)O)cc1,zinc,negative
OCc1ccc(-c2ccc(Cl)cc2)o1,zinc,negative
O=C/C=C/c1ccccc1OC(=O)c1ccccc1,zinc,negative
CCc1ccc(CCc2ccc(O)cc2O)o1,zinc,negative
Oc1ccc(CCc2ccco2)c(O)c1,zinc,negative
CC1=CC(=O)[C@H]2C(C)(C)CCC[C@]2(C)[C@@]1(O)CCc1ccoc1,zinc,negative
Cc1ccc(C[N+](C)(C)C)o1.[I-],zinc,negative
COc1ccccc1OC(CO)CO,zinc,negative
Cc1occc1SC(C)CC=O,zinc,negative
[Cl][Hg][c]1ccco1,zinc,negative
N#C/C(=C\c1ccco1)C(N)=O,zinc,negative
CC(=O)Oc1ccccc1C(=O)OC(=O)c1ccccc1OC(C)=O,zinc,negative
O=C(O)CCCOc1ccccc1,zinc,negative
CN(C)CCOc1ccccc1,zinc,negative
COc1ccc(C(=O)c2ccc(C)cc2)cc1,zinc,negative
COc1cccc2c1CCCC2=O,zinc,negative
O=C(Cl)c1cc2ccccc2o1,zinc,negative
CCCCOc1ccc(CC(=O)O)cc1,zinc,negative
COc1ccccc1OCC1CO1,zinc,negative
COc1cc(C(C)=O)ccc1OCc1ccccc1,zinc,negative
CC(C)=CC(=O)Oc1ccc(C)cc1,zinc,negative
CCCCCOc1ccccc1,zinc,negative
CC(=O)OCCOc1ccccc1,zinc,negative
O=C(Cl)c1ccc(Oc2ccc(C(=O)Cl)cc2)cc1,zinc,negative
CCC(Oc1ccccc1)C(=O)O,zinc,negative
CCC(=O)c1cc(OC)ccc1OC,zinc,negative
COc1ccc(P(=O)(Cl)Cl)cc1,zinc,negative
CC(C)(C)C(=O)COc1ccc(Cl)cc1,zinc,negative
CCCCCCCC(=O)Oc1ccccc1C(=O)O,zinc,negative
CCCOC(=O)c1ccc([O-])cc1.[K+],zinc,negative
CCCCOC(=O)c1ccc([O-])cc1.[K+],zinc,negative
CCOC(=O)c1ccc([O-])cc1.[Na+],zinc,negative
CCOC(=O)c1ccc([O-])cc1.[K+],zinc,negative
CCOc1ccc(CCCCCCC(C)C)cc1,zinc,negative
O=Cc1ccc(F)c(Oc2ccccc2)c1,zinc,negative
CC(C)=C[C@@H]1[C@H](C(=O)OCc2ccc(Cc3ccccc3)o2)C1(C)C,zinc,negative
CC(=O)CCC(=O)c1ccoc1,zinc,negative
CCC(Oc1c(I)cc(I)cc1I)C(=O)O,zinc,negative
COc1cccc(C(=O)/C=C/c2ccccc2)c1,zinc,negative
O=C1C(C=NCc2ccco2)=C(O)c2ccccc21,zinc,negative
O=C(c1ccccc1)c1cc2ccccc2oc1=O,zinc,negative
CC(=O)c1ccc([N+](=O)[O-])o1,zinc,negative
CCCOC(=O)c1cc2ccccc2oc1=O,zinc,negative
CCOC(=O)/C=C/c1ccc([N+](=O)[O-])o1,zinc,negative
COc1ccc(/C=C\C(=O)/C=C/c2ccc(OC)cc2)cc1,zinc,negative
COc1ccc(C(=O)/C=C/c2cccc(OC)c2)cc1,zinc,negative
O=C(CCc1ccco1)CCc1ccco1,zinc,negative
O=[N+]([O-])c1ccc([N+](=O)[O-])o1,zinc,negative
CC(Cc1ccccc1)NCc1ccco1,zinc,negative
CCOC(=O)c1cc(=O)c2ccccc2o1,zinc,negative
CCCC(=O)Oc1ccc(Cl)cc1,zinc,negative
CC(=O)Oc1ccccc1C(=O)O.[Al+3].[Al+3].[O-2].[O-2].[O-2],zinc,negative
O=C1COc2ccccc2O1,zinc,negative
COc1ccc(/C=C(\C)C=O)cc1,zinc,negative
CC(C)CCOC(=O)c1ccco1,zinc,negative
CC1(C)O[C@@H](c2ccco2)CN1C(=O)C(Cl)Cl,zinc,negative
OCc1coc(Cc2ccccc2)c1,zinc,negative
c1coc(C2CCCCN2)c1,zinc,negative
CCCCCCCCCCCCCCOc1ccc(C(=O)OCC(=O)N(C)CC(=O)OCC)o1,zinc,negative
O=C(O)c1cccc2ccoc12,zinc,negative
O=C(CCOc1ccccc1)NO,zinc,negative
O=C(O)COc1ccc(F)cc1,zinc,negative
O=C(O)Cc1ccc(OCc2ccccc2)cc1,zinc,negative
COc1ccc(C(=O)CC(=O)C(F)(F)F)cc1,zinc,negative
O=C(O)C1=Cc2ccccc2OC1,zinc,negative
O=C(O)c1coc2c1C(=O)CCC2,zinc,negative
O=C(O)c1cccc(COc2ccccc2)c1,zinc,negative
CCCCC(=O)Oc1ccccc1,zinc,negative
CC(=O)OCc1ccc(C=O)o1,zinc,negative
Cc1cc(SC(=O)c2ccoc2)c(C)o1,zinc,negative
CCC(C)c1ccc(OCc2ccc(C(=O)O)o2)cc1,zinc,negative
N#C/C(=C\c1ccc(OCc2ccccc2)cc1)C(N)=O,zinc,negative
O=Cc1ccccc1Oc1ccccc1,zinc,negative
NS(=O)(=O)c1ccc(-c2ccc(C=O)o2)cc1,zinc,negative
COc1ccccc1OCCC(=O)O,zinc,negative
COc1ccc(-c2ccc(CCC(=O)O)o2)cc1,zinc,negative
Cc1ccc2c(CC(=O)O)coc2c1,zinc,negative
CCCOc1ccc(CCC(=O)O)cc1,zinc,negative
COCc1cc(C(C)=O)ccc1OC,zinc,negative
COc1ccc(Oc2ccccc2C=O)cc1,zinc,negative
CCC(=O)c1ccc2c(c1)OCCO2,zinc,negative
CCOc1cccc2cc(C(C)=O)oc12,zinc,negative
CCCCCCCOc1ccc(-c2ccc(C(=O)O)cc2)cc1,zinc,negative
Cc1ccccc1-c1ccc(C(=O)O)o1,zinc,negative
F[B-](F)(F)COc1ccccc1.[K+],zinc,negative
O=C(O)c1ccc(OCCOc2ccccc2)cc1,zinc,negative
O=Cc1ccc2c(c1)OCCOCCOCCOCCO2,zinc,negative
c1ccc2c(c1)OCCOCCOCCO2,zinc,negative
O=C(O)c1ccc(-c2ccccc2)o1,zinc,negative
O=C(O)CCc1ccccc1OC(=O)c1ccccc1,zinc,negative
O=C1CC2(CCCC2)Oc2ccccc21,zinc,negative
O=C(O)c1ccc(S(=O)(=O)N2CCOCC2)o1,zinc,negative
O=Cc1ccc(OCC(=O)N2CCOCC2)cc1,zinc,negative
O=C(/C=C/c1cccc([N+](=O)[O-])c1)c1ccco1,zinc,negative
CCOC(=O)c1ccc([N+](=O)[O-])o1,zinc,negative
O=Cc1cccc(OCc2ccccc2)c1,zinc,negative
O=C(O)CCOc1ccc(Cl)cc1,zinc,negative
O=C(O)COc1ccc(C(=O)c2ccccc2)cc1,zinc,negative
c1ccc2c(c1)OCCOCCOCCOCCOc1ccccc1OCCOCCOCCOCCO2,zinc,negative
CC(=O)c1cccc(OCc2ccccc2)c1,zinc,negative
CC(Br)C(=O)c1ccc(OCc2ccccc2)cc1,zinc,negative
O=C(CBr)c1ccc(OC(=O)c2ccccc2)cc1,zinc,negative
O=C(COc1ccccc1)c1ccccc1,zinc,negative
COc1ccc(C=CC(=O)C=CC=Cc2ccccc2)cc1,zinc,negative
O=C(COc1ccccc1)NCc1ccco1,zinc,negative
COc1ccc(C(=O)CCc2ccccc2)cc1,zinc,negative
CC(=O)c1cccc(OC(=O)c2ccccc2)c1,zinc,negative
Cc1ccc(OCCC(=O)O)cc1,zinc,negative
COc1ccc(Br)c(C=O)c1,zinc,negative
Nc1nnc(-c2ccco2)s1,zinc,negative
O=C(O)c1ccc(COc2ccc(Cl)cc2)o1,zinc,negative
CC(C)(C)c1ccc(OCc2ccc(C(=O)O)cc2)cc1,zinc,negative
c1ccc2c(c1)OCCOCCOCCOCCOCCO2,zinc,negative
CC(C)Oc1cccc(C(=O)O)c1,zinc,negative
O=C(O)CCc1ccc(-c2ccccc2)o1,zinc,negative
O=C(O)c1coc2ccccc12,zinc,negative
O=Cc1ccc(Br)o1,zinc,negative
O=Cc1ccc(-c2cccc(C(=O)O)c2)o1,zinc,negative
O=C1C(=Cc2ccco2)C(=O)c2ccccc21,zinc,negative
COc1ccc(OCc2ccc(C(=O)O)cc2)cc1,zinc,negative
O=C(O)/C=C/c1coc2ccccc2c1=O,zinc,negative
O=C(O)c1ccc(-c2cccc(C(F)(F)F)c2)o1,zinc,negative
S=c1[nH]nc(-c2ccco2)o1,zinc,negative
CN1CCCN=C1/C=C/c1cccs1,zinc,negative
NS(=O)(=O)c1cccs1,zinc,negative
CCCCCc1cccs1,zinc,negative
c1csc(SSc2cccs2)c1,zinc,negative
c1ccc(Sc2ccccc2)cc1,zinc,negative
CCCCCCc1cccs1,zinc,negative
O=C(O)CSc1ccccc1,zinc,negative
CN1CCCC(=C(c2cccs2)c2cccs2)C1,zinc,negative
O=C(CC(=O)C(F)(F)F)c1cccs1,zinc,negative
OB(O)c1cc2ccccc2s1,zinc,negative
CC(C=C(c1cccs1)c1cccs1)N(C)C,zinc,negative
CC(=O)c1cc(C)sc1C,zinc,negative
CCCCCCCCc1cccs1,zinc,negative
NC(=S)N/N=C/c1cccs1,zinc,negative
O=S(c1ccccc1)c1ccccc1,zinc,negative
O=C(O)c1csc(Cl)c1,zinc,negative
CNC(C)Cc1cccs1,zinc,negative
NCCSc1ccccc1,zinc,negative
C=CC#Cc1ccc(-c2cccs2)s1,zinc,negative
CCS(=O)(=O)c1ccc(F)cc1,zinc,negative
Brc1cccs1,zinc,negative
CS(=O)(=O)c1ccccc1,zinc,negative
CCCC(=O)c1cccs1,zinc,negative
OB(O)c1csc2ccccc12,zinc,negative
O=C(O)CCCc1cccs1,zinc,negative
O=S(=O)(CCS(=O)(=O)c1ccccc1)c1ccccc1,zinc,negative
O=S1c2ccccc2Sc2ccccc21,zinc,negative
N#CCS(=O)(=O)c1ccccc1,zinc,negative
Brc1ccsc1,zinc,negative
c1ccc(SCCSc2ccccc2)cc1,zinc,negative
OCCC#Cc1ccc(-c2cccs2)s1,zinc,negative
C/C(=N/NC(N)=S)c1cccs1,zinc,negative
CCN(CC)C(C)C=C(c1cccs1)c1cccs1,zinc,negative
NS(=O)(=O)c1ccc(Cl)s1,zinc,negative
NS(=O)(=O)c1cc(Cl)sc1Cl,zinc,negative
O=[N+]([O-])/C=C/c1cccs1,zinc,negative
Clc1sc(Cl)c(Cl)c1Cl,zinc,negative
C=CCS(=O)(=O)c1ccccc1,zinc,negative
CCCCc1ccc(CC)s1,zinc,negative
CCCCC(=O)c1cccs1,zinc,negative
O=[N+]([O-])c1csc([N+](=O)[O-])c1,zinc,negative
CCN(C)C(C)C=C(c1cccs1)c1cccs1,zinc,negative
C=CS(=O)(=O)c1ccccc1,zinc,negative
CC(=O)c1ccc(Br)s1,zinc,negative
CNCc1sccc1C.Cl,zinc,negative
O=C(CCC(=O)c1cccs1)c1cccs1,zinc,negative
OB(O)c1ccc(Cl)s1,zinc,negative
O=Cc1ccsc1B(O)O,zinc,negative
O=C(C(=O)c1ccsc1)c1ccsc1,zinc,negative
CCS(=O)(=O)c1ccccc1,zinc,negative
Cc1cc(-c2cccs2)c(C#N)c(=S)[nH]1,zinc,negative
OCCSc1ccccc1,zinc,negative
Brc1ccc(Br)s1,zinc,negative
Clc1ccc(Cl)s1,zinc,negative
Ic1cccs1,zinc,negative
c1csc(-c2cccs2)c1,zinc,negative
O=C(CC(=O)C(F)(F)C(F)(F)C(F)(F)F)c1cccs1,zinc,negative
O=C(Cl)Cc1cccs1,zinc,negative
NS(=O)(=O)c1ccc(S(=O)(=O)c2cccs2)s1,zinc,negative
c1ccc(-c2ccsc2)cc1,zinc,negative
O=C1NC(=S)S/C1=C\c1cccs1,zinc,negative
C(=N/N=C/c1cccs1)\c1cccs1,zinc,negative
CC(N)Cc1cccs1.Cl,zinc,negative
CCCSc1ccccc1,zinc,negative
CNC(C)Cc1cccs1.Cl,zinc,negative
OB(O)c1cscc1Br,zinc,negative
NCc1ccc(-c2cccs2)cc1,zinc,negative
NCc1ccc(-c2cccs2)s1,zinc,negative
NC1(c2cccs2)CCCCC1,zinc,negative
NCC1(c2cccs2)CCCCC1,zinc,negative
Cc1sccc1Br,zinc,negative
Cc1ccsc1/C=C/C(=O)O,zinc,negative
O=S(=O)(CCCl)c1ccccc1,zinc,negative
O=C(C=Cc1ccccc1)c1cccs1,zinc,negative
O=Cc1ccc(-c2cccs2)s1,zinc,negative
CC(=O)c1ccc(-c2cccs2)s1,zinc,negative
O=C(O)/C=C/c1cccs1,zinc,negative
N#Cc1sccc1Br,zinc,negative
CC(=O)c1ccc(B(O)O)s1,zinc,negative
O=C(/C=C/c1ccccc1)c1cccs1,zinc,negative
[N-]=[N+]=NCSc1ccccc1,zinc,negative
O=C(CSc1ccccc1)C(F)(F)F,zinc,negative
c1ccc(CSc2ccccc2)cc1,zinc,negative
Brc1cscc1Br,zinc,negative
ClCCSc1ccccc1,zinc,negative
Ic1ccc(I)s1,zinc,negative
c1ccc(-c2cccs2)cc1,zinc,negative
Brc1ccsc1Br,zinc,negative
N#CCc1csc2ccccc12,zinc,negative
Brc1sc(Br)c(Br)c1Br,zinc,negative
CC(=O)c1ccc(Cl)s1,zinc,negative
ClCSc1ccccc1,zinc,negative
Clc1csc2ccccc12,zinc,negative
Brc1ccc(-c2ccc(-c3cccs3)s2)s1,zinc,negative
O=C(O)CCSc1ccccc1,zinc,negative
CCCCS(=O)(=O)c1ccccc1,zinc,negative
O=S(=O)(CBr)c1ccccc1,zinc,negative
c1csc(-c2ccc(-c3ccc(-c4cccs4)s3)s2)c1,zinc,negative
c1csc(-c2ccc(-c3ccc(-c4ccc(-c5cccs5)s4)s3)s2)c1,zinc,negative
NNC(=O)Cc1ccsc1,zinc,negative
Brc1ccc(-c2ccc(Br)s2)s1,zinc,negative
O=C(O)CSc1ccc(F)cc1,zinc,negative
O=C(O)C(C(=O)O)c1ccsc1,zinc,negative
Brc1cc(Br)c(Br)s1,zinc,negative
O=S(=O)(Cl)c1cccs1,zinc,negative
c1ccc(SC2CC2)cc1,zinc,negative
CC(=O)OCCC#Cc1ccc(-c2cccs2)s1,zinc,negative
O=C1/C(=C/c2cccs2)CCC/C1=C\c1cccs1,zinc,negative
NS(=O)(=O)c1ccc(Sc2cccs2)s1,zinc,negative
Cc1nc(C#Cc2ccsc2)cs1,zinc,negative
NS(=O)(=O)c1ccc(/C=C/c2ccsc2)cc1,zinc,negative
CS(=O)(=O)c1ccc(/C=C/c2ccsc2)cc1,zinc,negative
Cc1cscc1-c1ccccc1,zinc,negative
c1ccc(-c2ccc(-c3ccccc3)s2)cc1,zinc,negative
NC(N)=NCc1cccs1,zinc,negative
CCN(CC)CC.S=C(S)Nc1cccs1,zinc,negative
O=S(=O)(NC1CCCCC1)c1cccs1,zinc,negative
O=C(/C=C/c1cccs1)NC1CC1,zinc,negative
O=C1CCCN1CCCNS(=O)(=O)c1cccs1,zinc,negative
Cl.c1csc(CN2CCNCC2)c1,zinc,negative
O=C1NC(=O)C(=Cc2ccsc2)C(=O)N1,zinc,negative
Cc1ccsc1/C=N/N=C/c1sccc1C,zinc,negative
O=C(C(=O)c1cccs1)c1cccs1,zinc,negative
O=P(c1cccs1)(c1cccs1)c1cccs1,zinc,negative
O=C1NC(=S)SC1=Cc1cccs1,zinc,negative
Cc1cc(-c2ccccc2)[s+]c(-c2ccccc2)c1,zinc,negative
CSc1sc(C)cc1/C=N/O,zinc,negative
Nc1nnnn1/N=C/c1cccs1,zinc,negative
O=S(=O)(c1ccccc1)C1CC1,zinc,negative
N#Cc1ccc(-c2ccc(-c3cccs3)s2)s1,zinc,negative
O=C1CSCc2sccc21,zinc,negative
CC#CC#Cc1ccc(C#CC(O)CO)s1,zinc,negative
Cc1ccc(-c2ccc(-c3cccs3)s2)s1,zinc,negative
c1csc(-c2ccsc2-c2cccs2)c1,zinc,negative
CC(=O)NCc1cccs1,zinc,negative
C/C(=C\c1cccs1)[N+](=O)[O-],zinc,negative
O/N=C/c1ccc(Br)s1,zinc,negative
S=c1nc(-c2cccs2)cn[nH]1,zinc,negative
Cc1ccc(SCC(S)CS)cc1,zinc,negative
Ic1sc(I)c(I)c1I,zinc,negative
N#CC(C#N)=Cc1cccs1,zinc,negative
N#CC(C#N)=Cc1ccsc1,zinc,negative
CC(O)CSc1ccccc1,zinc,negative
NC(N)=N/N=C/c1cccs1,zinc,negative
NC(=O)N/N=C/c1cccs1,zinc,negative
CC(=O)Sc1ccccc1,zinc,negative
CC(C)S(=O)(=O)c1ccccc1,zinc,negative
S=c1[nH]nc(NCc2cccs2)s1,zinc,negative
CNS(=O)(=O)c1cccs1,zinc,negative
O=C(CCl)c1cccs1,zinc,negative
Cc1ccsc1C(=O)CCl,zinc,negative
Cc1csc(C(=O)CCl)c1,zinc,negative
NC(=O)NCc1cccs1,zinc,negative
O=S(=O)(c1ccc(Br)s1)N1CCNCC1,zinc,negative
O=Cc1ccc([B-](F)(F)F)s1.[K+],zinc,negative
[Cl][Hg][c]1cccs1,zinc,negative
N#CC(C#N)=C1CCCc2sccc21,zinc,negative
O=C1/C(=C/c2cccs2)CC/C1=C\c1cccs1,zinc,negative
N#CSCC(=O)c1cccs1,zinc,negative
CC1(C)OB(c2ccc(-c3cccs3)cc2)OC1(C)C,zinc,negative
CS(=O)(=O)c1ccc(F)cc1,zinc,negative
O=C(c1cccs1)c1cccs1,zinc,negative
c1ccc(SCSc2ccccc2)cc1,zinc,negative
O=C(O)C(=O)c1cccs1,zinc,negative
O=Cc1ccc(Br)s1,zinc,negative
O=C(c1cccs1)C1CC1,zinc,negative
O=S(=O)(CCl)c1ccccc1,zinc,negative
N#CCCS(=O)(=O)c1ccccc1,zinc,negative
O=Cc1cc(Br)cs1,zinc,negative
C=CS(=O)c1ccccc1,zinc,negative
Brc1cc2ccccc2s1,zinc,negative
O=S(CCCl)c1ccccc1,zinc,negative
N#Cc1cc2ccccc2s1,zinc,negative
COC(=O)CSc1ccccc1,zinc,negative
O=C(c1cccs1)C(F)(F)F,zinc,negative
c1ccc(CCSc2ccccc2)cc1,zinc,negative
COC(=O)CCCc1cccs1,zinc,negative
c1ccc(CCCSc2ccccc2)cc1,zinc,negative
N#CCC(=O)c1cccs1,zinc,negative
O=C(O)CCCCc1cccs1,zinc,negative
Brc1ccc(-c2ccc(-c3ccc(Br)s3)s2)s1,zinc,negative
C=CCSc1ccc(Br)cc1,zinc,negative
CS(=O)(=O)c1ccsc1,zinc,negative
c1csc(CNCc2cccs2)c1,zinc,negative
Cc1cc(Cl)sc1Cl,zinc,negative
O=S(=O)(c1ccccc1)c1cccs1,zinc,negative
c1cc2sc1CSCCSCCSC2,zinc,negative
O=S(=O)(c1ccccc1)c1ccsc1,zinc,negative
c1cc(-c2nn[nH]n2)cs1,zinc,negative
c1csc(CN2CCNCC2)c1,zinc,negative
O=C(c1ccsc1)c1ccsc1,zinc,negative
N#CCSc1ccc(F)cc1,zinc,negative
N#CCS(=O)(=O)c1cccs1,zinc,negative
O=C(O)/C=C/c1ccsc1,zinc,negative
CC(=O)/C=C/c1cccs1,zinc,negative
CC(C)(C)NS(=O)(=O)c1cccs1,zinc,negative
N#Cc1cscc1Br,zinc,negative
NS(=O)(=O)c1ccc(Br)s1,zinc,negative
O=Cc1cc(CCl)cs1,zinc,negative
CSc1ccc(B(O)O)cc1,zinc,negative
N#Cc1ccc(-c2cccs2)s1,zinc,negative
N#CCC(=O)c1ccsc1,zinc,negative
Brc1cc(Br)c(-c2sc(Br)cc2Br)s1,zinc,negative
O=Cc1ccc(B(O)O)s1,zinc,negative
CSc1ccccc1B(O)O,zinc,negative
CS(=O)(=O)c1ccccc1F,zinc,negative
OCc1cc(Br)cs1,zinc,negative
O=C(O)CNS(=O)(=O)c1cccs1,zinc,negative
c1csc(-c2cc(-c3cccs3)cc(-c3cccs3)c2)c1,zinc,negative
N#Cc1ccc(B(O)O)s1,zinc,negative
NC(=O)NCCc1cccs1,zinc,negative
O=C(O)/C=C/c1cc(Br)cs1,zinc,negative
N#Cc1csc2ccccc12,zinc,negative
Ic1cc2ccccc2s1,zinc,negative
Ic1ccsc1,zinc,negative
Cc1ccc(Br)s1,zinc,negative
FC(F)Sc1ccccc1,zinc,negative
Clc1ccc(Br)s1,zinc,negative
Brc1csc(Br)c1Br,zinc,negative
C=CCSc1ccccc1,zinc,negative
Cc1ccsc1Br,zinc,negative
Cc1cc2cccc(C)c2s1,zinc,negative
CCOC(=O)Cc1cccs1,zinc,negative
Clc1cc(Cl)c(Cl)s1,zinc,negative
CSc1ccc(S)cc1,zinc,negative
CC(C)(C)S(=O)(=O)c1ccccc1,zinc,negative
Cc1ccc(I)s1,zinc,negative
Clc1ccsc1Cl,zinc,negative
O=[N+]([O-])c1ccc(I)s1,zinc,negative
C(=Cc1ccccc1)Sc1ccccc1,zinc,negative
Sc1ccc(Sc2ccc(S)cc2)cc1,zinc,negative
Brc1ccc(I)s1,zinc,negative
Cc1ccsc1-c1sccc1C,zinc,negative
CCCCCCCCCCCCCCCCc1ccsc1,zinc,negative
Cc1ccc2scc(C)c2c1,zinc,negative
O=C(Cl)CSc1ccccc1,zinc,negative
CCCCCCCCCCCCc1ccsc1Br,zinc,negative
CCCCCCCCc1ccsc1Br,zinc,negative
CCCCCCc1ccsc1Br,zinc,negative
c1csc(-c2ccc(-c3ccc(-c4ccc(-c5ccc(-c6cccs6)s5)s4)s3)s2)c1,zinc,negative
CCCCc1ccsc1Br,zinc,negative
FC(F)(F)C(F)(F)C(F)(F)C(F)(F)C(F)(F)C(F)(F)c1ccc(-c2ccc(Br)s2)s1,zinc,negative
FC(F)(F)C(F)(F)C(F)(F)C(F)(F)C(F)(F)C(F)(F)c1ccc(-c2cccs2)s1,zinc,negative
CC1(C)OB(c2ccc(C(F)(F)C(F)(F)C(F)(F)C(F)(F)C(F)(F)C(F)(F)F)s2)OC1(C)C,zinc,negative
O=C(Cl)Sc1ccccc1,zinc,negative
CCCCCCc1cc(Br)sc1Br,zinc,negative
N#Cc1csc([N+](=O)[O-])c1,zinc,negative
ClCCCSc1ccccc1,zinc,negative
CCCCCCC(=O)c1cccs1,zinc,negative
CCC(=O)c1ccc(C)s1,zinc,negative
c1csc(CSCc2cccs2)c1,zinc,negative
CC(C)=CCCc1ccsc1,zinc,negative
NS(=O)(=O)c1ccc(/C=C/c2cccs2)cc1,zinc,negative
CS(=O)(=O)c1ccc(/C=C/c2cccs2)cc1,zinc,negative
O=C(/C=C/CCc1ccccc1)c1cccs1,zinc,negative
CN(C)CCC(=O)c1cccs1,zinc,negative
CSc1ccc(C(=N)N)s1,zinc,negative
[N-]=[N+]=NCCc1ccsc1,zinc,negative
O=C(O)CCc1cccs1,zinc,negative
O=C(CCl)N1CCN(S(=O)(=O)c2cccs2)CC1,zinc,negative
CCN1C(=O)S/C(=C/c2ccsc2)C1=O,zinc,negative
Clc1ccc(/C=C/c2ccc(-c3cccs3)s2)cc1,zinc,negative
Ic1ccc(/C=C/c2ccc(-c3cccs3)s2)cc1,zinc,negative
CC(C)(C)c1ccc(/C=C/c2ccc(-c3cccs3)s2)cc1,zinc,negative
Ic1ccc(-c2ccc(/C=C/c3ccccc3)s2)s1,zinc,negative
Fc1ccc(/C=C/c2ccc(-c3ccc(I)s3)s2)cc1,zinc,negative
Brc1ccc(/C=C/c2ccc(-c3cccs3)s2)cc1,zinc,negative
Ic1ccc(/C=C/c2ccc(-c3ccc(I)s3)s2)cc1,zinc,negative
Cc1ccc(/C=C/c2ccc(-c3ccc(I)s3)s2)cc1,zinc,negative
NS(=O)(=O)c1ccc(SCc2ccc(C(F)(F)F)cc2)s1,zinc,negative
c1cc(CN2CCSCC2)sc1CN1CCSCC1,zinc,negative
O=S(=O)(c1cccs1)N1CCC2(CC1)OCCO2,zinc,negative
CC(C)NC(=S)NCc1cccs1,zinc,negative
Cc1ccc(S(=O)(=O)NC2CC2)s1,zinc,negative
CC(C)(C)NC(=O)/C=C/c1cccs1,zinc,negative
O=C(CNS(=O)(=O)c1cccs1)N1CCCCC1,zinc,negative
NC(=O)N/N=C\c1cccs1,zinc,negative
C=CCN1C(=O)/C(=C/c2ccsc2)SC1=S,zinc,negative
CC(C)(C)C(=O)/C(C#N)=C/c1cccs1,zinc,negative
O/N=C/c1cc(Br)cs1,zinc,negative
CSc1sccc1/C=N/O,zinc,negative
CC(C)N1CCN(Cc2ccsc2)CC1CCO,zinc,negative
Cl.O=S(=O)(NCCN1CCOCC1)c1cccs1,zinc,negative
Cc1cc(S(=O)(=O)N2CCCC2)c(C)s1,zinc,negative
O=S(=O)(NC1CCCC1)c1ccc(Br)s1,zinc,negative
Cc1ccc(/C=N/N=C/c2ccc(C)s2)s1,zinc,negative
CCCCC/C=C\C/C=C\C/C=C\C/C=C\CCCC(=O)OCc1ccsc1,zinc,negative
O=C1/C(=C/c2cccs2)CCC1C1CCCC1,zinc,negative
c1csc(CN2CCOCC2)c1,zinc,negative
O=C(C=Cc1cccs1)c1ccccc1,zinc,negative
Br.CN(C)c1nc(=NCc2cccs2)ss1,zinc,negative
C1=CCN(C2(c3cccs3)CCCCC2)CC1,zinc,negative
O=C1C=CC(O)(c2cccs2)C=C1,zinc,negative
O=C(c1cccs1)c1ccc(-c2cccs2)s1,zinc,negative
O=C(/C=C/c1cccs1)N1CCCCC1,zinc,negative
CCCNC(=O)Cc1ccsc1,zinc,negative
c1ccc(-c2ccsc2-c2ccccc2)cc1,zinc,negative
CC1CC(NS(=O)(=O)c2cccs2)CC(C)(C)C1,zinc,negative
CSC1=N/C(=C\C=C\c2cccs2)C(=O)S1,zinc,negative
S=c1[nH]ccn1CCc1cccs1,zinc,negative
CC(=O)c1csc(S(N)(=O)=O)c1,zinc,negative
NC(N)=NS(=O)(=O)c1cccs1,zinc,negative
C1=C(c2cccs2)C2CCN1CC2,zinc,negative
C1=C(c2ccsc2)C2CCN1CC2,zinc,negative
NS(=O)(=O)c1cc2c(s1)S(=O)(=O)CCC2,zinc,negative
S=c1[nH]ccn1CCCc1cccs1,zinc,negative
NS(=O)(=O)c1ccc(SCCO)s1,zinc,negative
NS(=O)(=O)c1ccc(S(=O)(=O)CCCO)s1,zinc,negative
NS(=O)(=O)c1ccc(SCCCO)s1,zinc,negative
CC(=O)OCCCS(=O)(=O)c1ccc(S(N)(=O)=O)s1,zinc,negative
COCC(=O)OCCCS(=O)(=O)c1ccc(S(N)(=O)=O)s1,zinc,negative
C(=C/c1ccc(-c2cccs2)s1)\c1ccccc1,zinc,negative
NS(=O)(=O)c1ccc(S(=O)(=O)CCO)s1,zinc,negative
NC1=NCCc2ccsc21,zinc,negative
CC(=O)OCCS(=O)(=O)c1ccc(S(N)(=O)=O)s1,zinc,negative
CC(N)C1(c2cccs2)CCCCC1,zinc,negative
Cc1ccc(/C=C/c2ccc(-c3cccs3)s2)cc1,zinc,negative
N=C(Sc1ccccc1)c1cccs1,zinc,negative
Cl.NCc1ccc(S(=O)(=O)c2cccs2)s1,zinc,negative
NS(=O)(=O)c1ccc(SCc2ccccc2)s1,zinc,negative
NCCCCc1ccc(-c2ccc(-c3ccc(CCCCN)s3)s2)s1,zinc,negative
BrCCCCc1ccc(-c2ccc(-c3ccc(CCCCBr)s3)s2)s1,zinc,negative
NCCCc1ccc(-c2ccc(-c3ccc(-c4cccs4)s3)s2)s1,zinc,negative
NCCCCc1ccc(-c2ccc(CCCCN)s2)s1,zinc,negative
NCCCCc1ccc(-c2ccc(-c3cccs3)s2)s1,zinc,negative
Cl.NC(N)=NCCc1cccs1,zinc,negative
O=C(O)CNS(=O)(=O)c1ccc(Br)s1,zinc,negative
S=c1[nH]ncn1/N=C/c1cccs1,zinc,negative
C#Cc1ccc(-c2ccccc2)s1,zinc,negative
NCCCSc1ccccc1,zinc,negative
CC#Cc1ccc(-c2ccccc2)s1,zinc,negative
CN1CCN(S(=O)(=O)c2ccc(Cl)s2)CC1,zinc,negative
O=S(=O)(c1ccc(Cl)s1)N1CCCCC1,zinc,negative
Cc1ccc(S(=O)(=O)N2CCCC2)s1,zinc,negative
O=[N+]([O-])/C=C/c1ccsc1,zinc,negative
COC(=O)N/N=C/c1cccs1,zinc,negative
O=C(/C=C/C=C/C=C/c1cccs1)N1CCCCC1,zinc,negative
CC(C)CNC(=O)/C=C/C=C/C=C/c1cccs1,zinc,negative
O=C1C(=Cc2cccs2)CCCC1=Cc1cccs1,zinc,negative
O=C(C=Cc1cccs1)c1cccs1,zinc,negative
c1cs[c]([Hg][c]2cccs2)c1,zinc,negative
O=C1CSC(=S)N1Cc1cccs1,zinc,negative
O=S(=O)(c1ccc(Br)s1)N1CCCCC1,zinc,negative
CN1CCN(S(=O)(=O)c2ccc(Br)s2)CC1,zinc,negative
O=c1oc(-c2cccs2)ns1,zinc,negative
O=S(=O)(c1cccs1)N1CCCCC1,zinc,negative
N#CC1=C(N)SC(N)=C(C#N)C1c1cccs1,zinc,negative
O=C1C=CC(=O)N1Cc1cccs1,zinc,negative
CSc1scc(Cl)c1S(=O)(=O)C(C)C,zinc,negative
O=C(/C=C/c1cccs1)c1ccccc1,zinc,negative
O=C(/C=C/c1cccs1)c1cccs1,zinc,negative
C/C(=N\NC(N)=S)c1cccs1,zinc,negative
C=CC#Cc1ccc(-c2ccc(C)s2)s1,zinc,negative
c1cc(-c2ccsc2)cs1,zinc,negative
ClCc1csc2ccccc12,zinc,negative
CCSc1ccc(C)cc1,zinc,negative
CCCCSc1ccccc1,zinc,negative
CCS(=O)c1ccccc1,zinc,negative
C(C#Cc1cccs1)#Cc1cccs1,zinc,negative
c1cc(-c2cccs2)cc(-c2cccs2)c1,zinc,negative
O=S(=O)(c1ccccc1)C1CCCCC1,zinc,negative
CCSSc1ccccc1,zinc,negative
CC(C)=CCSc1ccccc1,zinc,negative
S=c1sc2cscc2s1,zinc,negative
c1ccc(-c2ccc(-c3cccs3)s2)cc1,zinc,negative
N=S(c1ccccc1)c1ccccc1,zinc,negative
C(#Cc1cccs1)c1ccccc1,zinc,negative
C(=C/c1cccs1)\c1ccccc1,zinc,negative
Cc1ccc2sc(C)c(C)c2c1,zinc,negative
C=CC#CC#Cc1ccc(C#CC)s1,zinc,negative
CC(=O)CC(=O)c1cccs1,zinc,negative
C/C=C/C#CC#Cc1cccs1,zinc,negative
FC(F)(F)C(F)(F)C(F)(F)C(F)(F)C(F)(F)C(F)(F)c1cccs1,zinc,negative
N#CC(=Cc1cccs1)C(N)=O,zinc,negative
O/N=C1/CCCc2sccc21,zinc,negative
CC(=O)[O][Hg][c]1cc[c]([Hg])s1.O,zinc,negative
O=C1NC(=S)S/C1=C/c1cccs1,zinc,negative
c1ccc(C2SCCS2)cc1,zinc,negative
CCOC(=O)C(=Cc1cccs1)C(=O)OCC,zinc,negative
[Cl-].[NH3+]CCSc1ccccc1,zinc,negative
CC1(c2cccs2)SCCS1,zinc,negative
Cc1sc(S(N)(=O)=O)cc1S(N)(=O)=O,zinc,negative
CCOC(=O)/C(C#N)=C/c1cccs1,zinc,negative
O=C(Sc1ccccc1)c1cccs1,zinc,negative
Cc1sc(B(O)O)cc1Br,zinc,negative
OB(O)c1ccc(C(F)(F)F)s1,zinc,negative
F[B-](F)(F)c1cc2ccccc2s1.[K+],zinc,negative
NCC1CCN(Cc2cccs2)CC1,zinc,negative
CC(=O)c1ccc(C(C)=O)s1,zinc,negative
c1cc2sc3ccsc3c2s1,zinc,negative
c1cc(-c2ccc(-c3ccsc3)s2)cs1,zinc,negative
O=[N+]([O-])c1ccsc1Cl,zinc,negative
Cc1ccc(S(=O)(=O)c2ccccc2)s1,zinc,negative
NNC(=O)Cc1cccs1,zinc,negative
O=C(O)CCc1ccsc1,zinc,negative
Cc1cc(I)c(C)s1,zinc,negative
CCCCCCCCCCCCCCCCCC(=O)c1cccs1,zinc,negative
CCCCCCCCCCCCc1ccsc1-c1ccc(-c2ccc(-c3sccc3CCCCCCCCCCCC)s2)s1,zinc,negative
NC(=S)NN=Cc1cccs1,zinc,negative
CS(=O)(=O)c1cccs1,zinc,negative
CNS(=O)(=O)c1ccc(Br)s1,zinc,negative
S=c1[nH]cnc2sccc12,zinc,negative
O=S(=O)(c1cccs1)N1CCN(CCO)CC1,zinc,negative
N#CCCSc1ccc(F)cc1,zinc,negative
C=CCNCc1cccs1,zinc,negative
N#CC(C#N)=Cc1ccc(-c2cccs2)s1,zinc,negative
NS(=O)(=O)c1cc(Br)c(Cl)s1,zinc,negative
Cc1ccsc1C(N)=S,zinc,negative
CC(C)C(N)c1cccs1,zinc,negative
c1cc(CN2CCNCC2)cs1,zinc,negative
NCc1ccc(S(N)(=O)=O)s1,zinc,negative
NS(=O)(=O)c1cc(C(=O)O)cs1,zinc,negative
C(=N/C(/N=C/c1cccs1)c1cccs1)\c1cccs1,zinc,negative
CCc1ccc(S(=O)(=O)Cl)s1,zinc,negative
NCC1(c2cccs2)CCCC1,zinc,negative
O=C1CCN(Cc2cccs2)CC1,zinc,negative
NCc1cccc(-c2ccsc2)c1,zinc,negative
O=C(O)/C=C/c1sccc1Br,zinc,negative
Cc1cc(B(O)O)c(C)s1,zinc,negative
O=C(O)C(=O)C=Cc1cccs1,zinc,negative
CC(=O)c1ccc(I)s1,zinc,negative
c1cc2c(s1)-c1sccc1C2,zinc,negative
c1csc(C2CCCN2)c1,zinc,negative
CCc1ccc(C(C)=O)s1,zinc,negative
O=S(=O)(c1ccccc1)C(F)F,zinc,negative
FC(F)(F)Sc1ccccc1,zinc,negative
BrCCSc1ccccc1,zinc,negative
Cc1cc(Br)sc1Br,zinc,negative
O=[N+]([O-])c1ccc(Br)s1,zinc,negative
O=C(Cc1cccs1)C(F)(F)F,zinc,negative
COC(=O)Cc1cccs1,zinc,negative
c1csc(P(c2cccs2)c2cccs2)c1,zinc,negative
Cc1sc(Br)cc1Br,zinc,negative
Brc1csc2ccccc12,zinc,negative
Fc1ccc(SC(F)(F)F)cc1,zinc,negative
Brc1ccc[se]1,zinc,negative
c1csc(Sc2cccs2)c1,zinc,negative
C[Si](C)(C)CSc1ccccc1,zinc,negative
C[Si](C)(C)c1cccs1,zinc,negative
Ic1cscc1I,zinc,negative
Brc1cc2ccsc2s1,zinc,negative
CC(=O)CSc1ccccc1,zinc,negative
CC(=C(C#N)C#N)c1cccs1,zinc,negative
CC(C)(C)OC(=O)Nc1cccs1,zinc,negative
O=S(=O)(Cl)c1cc(Cl)c(Cl)s1,zinc,negative
Clc1cc(Br)c(Cl)s1,zinc,negative
CC(C)(C)Cc1cccs1,zinc,negative
BrCCc1cccs1,zinc,negative
COC(=O)CCc1cccs1,zinc,negative
CCCCCCc1ccsc1,zinc,negative
CCCCCCCCc1ccsc1,zinc,negative
ClCc1ccc(Cl)s1,zinc,negative
S=C(Cl)Sc1ccccc1,zinc,negative
C[Si](C)(C)C#Cc1cccs1,zinc,negative
[CH3][Sn]([CH3])([CH3])[c]1ccc(-c2cc[c]([Sn]([CH3])([CH3])[CH3])s2)s1,zinc,negative
Cc1cc(Br)cs1,zinc,negative
Cc1cc(Br)c(C)s1,zinc,negative
Brc1ccc(-c2cccs2)s1,zinc,negative
O=Cc1cc2sccc2s1,zinc,negative
O=Cc1cc(Br)sc1Br,zinc,negative
Brc1ccsc1-c1sccc1Br,zinc,negative
NS(=O)(=O)c1ccsc1,zinc,negative
CC(=O)c1sccc1Cl,zinc,negative
F[B-](F)(F)F.c1ccc([S+](c2ccccc2)C2CC2)cc1,zinc,negative
Clc1cc(Br)cs1,zinc,negative
Clc1sccc1Br,zinc,negative
Brc1csc(Br)c1,zinc,negative
O=S(=O)(Cl)c1ccc(Br)s1,zinc,negative
O=S(=O)(Cl)c1ccc(Cl)s1,zinc,negative
OB(O)c1ccc(Br)s1,zinc,negative
CCSc1ccc(B(O)O)cc1,zinc,negative
Cc1cscc1Br,zinc,negative
F[B-](F)(F)F.c1ccc2[s+]csc2c1,zinc,negative
O=S(=O)(Cl)c1cc(Cl)sc1Cl,zinc,negative
CC(=O)CSc1ccc(F)cc1,zinc,negative
C[S+](c1ccccc1)c1ccccc1.F[B-](F)(F)F,zinc,negative
O=S(=O)(CF)c1ccccc1,zinc,negative
CSc1ccc(I)cc1,zinc,negative
CC(=O)c1sccc1Br,zinc,negative
FC(F)(F)c1ccsc1,zinc,negative
OB(O)c1ccc(B(O)O)s1,zinc,negative
O=Cc1sccc1B(O)O,zinc,negative
O=C(CBr)c1cccs1,zinc,negative
CC(C)(C)C(=O)c1cccs1,zinc,negative
c1ccc(Sc2cccs2)cc1,zinc,negative
CCC[CH2][Sn]([CH2]CCC)([CH2]CCC)[c]1cccs1,zinc,negative
Brc1ccccc1-c1cccs1,zinc,negative
O=Cc1sccc1Br,zinc,negative
CSc1ccccc1I,zinc,negative
O=Cc1ccc(I)s1,zinc,negative
CCOC(=O)C(C(=O)OCC)c1ccsc1,zinc,negative
Cc1c(Br)sc(Br)c1Br,zinc,negative
CS(=O)(=O)OCCc1cccs1,zinc,negative
C[Si](C)(C)C#Cc1ccsc1,zinc,negative
Cc1ccc(-c2cccs2)cc1,zinc,negative
CCCCCCCCCCc1cc(Br)sc1Br,zinc,negative
Fc1ccc(-c2ccc(-c3ccc(F)cc3)s2)cc1,zinc,negative
C[Si](C)(C)c1ccsc1,zinc,negative
COC(=O)/C=C/c1cccs1,zinc,negative
O=C(CCCl)c1cccs1,zinc,negative
O=S(c1ccccc1)C(F)(F)F,zinc,negative
O=C1CCCc2ccsc21,zinc,negative
Cc1csc(B2OC(C)(C)C(C)(C)O2)c1,zinc,negative
CCCCCCc1ccc(Br)s1,zinc,negative
CC1(C)OB(c2cccs2)OC1(C)C,zinc,negative
CCO[Si](OCC)(OCC)c1cccs1,zinc,negative
OC(c1cccs1)C(F)(F)F,zinc,negative
c1ccc(SCC2CO2)cc1,zinc,negative
c1scc2c1SCCS2,zinc,negative
CC(=O)c1cc(Cl)cs1,zinc,negative
CC(C)C(=O)Sc1ccccc1,zinc,negative
c1ccc(SC23CC(C2)C3)cc1,zinc,negative
C=Cc1cc2ccccc2s1,zinc,negative
N=S(c1ccccc1)c1ccccc1.O,zinc,negative
C[Si](C)(O)c1cccs1,zinc,negative
CCCCCCc1cc(I)sc1Br,zinc,negative
[Cl-].c1ccc([P+](Cc2cccs2)(c2ccccc2)c2ccccc2)cc1,zinc,negative
O=Cc1ccsc1Br,zinc,negative
O=C(O)c1ccsc1Br,zinc,negative
Brc1csc(I)c1,zinc,negative
CC(C(=O)O)c1ccsc1,zinc,negative
O=C(Cc1cccs1)c1cccs1,zinc,negative
N#Cc1cc(Br)cs1,zinc,negative
CCCCCCc1ccc(-c2cccs2)s1,zinc,negative
CC1(C)OB(/C=C/c2ccsc2)OC1(C)C,zinc,negative
Fc1ccc(-c2cccs2)cc1,zinc,negative
NC(c1cccs1)c1cccs1,zinc,negative
O=C([O-])c1cccs1.[Na+],zinc,negative
[K+].c1csc([B-](c2cccs2)(c2cccs2)c2cccs2)c1,zinc,negative
F[B-](F)(F)c1ccsc1.[K+],zinc,negative
C[S@@](=N)(=O)c1ccccc1,zinc,negative
CN=[S@](C)(=O)c1ccccc1,zinc,negative
CN=[S@@](C)(=O)c1ccccc1,zinc,negative
O=C(O)Cc1ccsc1Br,zinc,negative
CCCCCCc1ccc(-c2ccc(Br)s2)s1,zinc,negative
N#Cc1csc(I)c1,zinc,negative
[Cl-].c1ccc([S+](c2ccccc2)c2ccccc2)cc1,zinc,negative
CCCSc1ccccc1Cl,zinc,negative
CCCCCc1ccsc1,zinc,negative
O=C(O)C1CSC(c2cccs2)=N1,zinc,negative
O=C(O)c1csc(Br)c1,zinc,negative
Cc1ccsc1S(N)(=O)=O,zinc,negative
S=c1nc(Cc2cccs2)[nH][nH]1,zinc,negative
Cl.c1csc(CNCc2cccs2)c1,zinc,negative
Cl.Cl.c1csc(CN2CCNCC2)c1,zinc,negative
CC(C)Sc1ccc(Cl)cc1,zinc,negative
O=C(O)c1csc(I)c1,zinc,negative
O=S1C=Cc2ccccc21,zinc,negative
CC#Cc1ccc(/C=C\C(=O)OC)s1,zinc,negative
CC(=O)C(=O)c1cccs1,zinc,negative
OC(C#Cc1ccc(-c2cccs2)s1)CCl,zinc,negative
O=C(CCl)N1CCN(Cc2ccsc2)CC1,zinc,negative
O=S(=O)(NCc1cccs1)c1ccccc1,zinc,negative
Cc1ccc(C(=O)CCl)s1,zinc,negative
NS(=O)(=O)c1ccc(S(=O)(=O)c2ccccc2)s1,zinc,negative
O=C(CCl)N1CCN(S(=O)(=O)c2ccsc2)CC1,zinc,negative
CN(C)S(=O)(=O)c1ccsc1,zinc,negative
O=S(=O)(c1cccs1)N1CCOCC1,zinc,negative
CN(C1CCCCC1)S(=O)(=O)c1cccs1,zinc,negative
O=[As](O)(c1cccs1)c1cccs1,zinc,negative
O=S(=O)(NC1CCCCCCC1)c1cccs1,zinc,negative
[O-][N+]1=C(c2cccs2)CN(O)C1,zinc,negative
CSC1=N/C(=C\c2ccc(C)s2)C(=O)S1,zinc,negative
O=S(=O)(NC1CCCCC1)c1ccc(Cl)s1,zinc,negative
O=S(=O)(NC(=S)NC1CCCCC1)c1cccs1,zinc,negative
O=S(=O)(c1cccs1)N1CCN(S(=O)(=O)c2cccs2)CC1,zinc,negative
CCCSC1=N/C(=C\c2ccsc2)C(=O)S1,zinc,negative
C=CCNC(=O)/C=C/c1cccs1,zinc,negative
CN(Cc1cccs1)S(=O)(=O)c1cccs1,zinc,negative
CCC(C)NS(=O)(=O)c1cccs1,zinc,negative
CC1CN(S(=O)(=O)c2cccs2)CC(C)O1,zinc,negative
O=C(CCS(=O)(=O)c1cccs1)NC1CCCCCC1,zinc,negative
CCCCCCNS(=O)(=O)c1ccc(Cl)s1,zinc,negative
CCSC1=N/C(=C\c2ccc(C)s2)C(=O)S1,zinc,negative
C=CCN1C(=O)S/C(=C/c2ccsc2)C1=O,zinc,negative
C=CCNS(=O)(=O)c1sccc1/C=N/O,zinc,negative
O=C(N/N=C/c1ccsc1)C1CC1,zinc,negative
CCN=c1scc(C)n1/N=C/c1ccsc1,zinc,negative
NCCCCCCCCc1ccc(CCCCN)s1,zinc,negative
NC(=O)N(O)C/C=C/c1ccsc1,zinc,negative
CC(/C=C/c1ccsc1)N(O)C(N)=O,zinc,negative
CCCN(CCC)[C@H]1C[C@@H]1c1cccs1,zinc,negative
CCCN(CCC)[C@@H]1C[C@H]1c1cccs1,zinc,negative
CO/C(N)=N/S(=O)(=O)c1cccs1,zinc,negative
CCCN(CCc1ccsc1)CCc1ccsc1,zinc,negative
CCCN(CCc1ccsc1)CCc1cccs1,zinc,negative
O=C(SCC(O)C(O)CS)c1cccs1,zinc,negative
NS(=O)(=O)c1ccc(S(=O)(=O)c2ccc(F)cc2)s1,zinc,negative
Cc1ccc(S(=O)(=O)c2csc(S(N)(=O)=O)c2)cc1,zinc,negative
S=c1[nH]ccn1CCc1ccsc1,zinc,negative
NS(=O)(=O)c1ccc(SCCCCO)s1,zinc,negative
CC(C)CNCCCS(=O)(=O)c1ccc(S(N)(=O)=O)s1,zinc,negative
NS(=O)(=O)c1ccc(S(=O)(=O)CCCCO)s1,zinc,negative
CCCCCCCCCC[N+](C)(C)CCCCCCCCCC.[Cl-],zinc,negative
NCCCNCCCCNCCCN,zinc,negative
O=S(=O)(O)NC1CCCCC1,zinc,negative
C1CCC(NC2CCCCC2)CC1,zinc,negative
CCCCCCCCCCCCCCCC[N+](C)(C)C.[Br-],zinc,negative
NCCCNCCSP(=O)(O)O,zinc,negative
CCCCC(CC)CN1CN(CC(CC)CCCC)CC(C)(N)C1,zinc,negative
CNC(C)CC1CCCCC1,zinc,negative
NCCNCCNCCNCCN,zinc,negative
C[N+](C)(C)CCCCCCCCCC[N+](C)(C)C,zinc,negative
S=C(SSC(=S)N1CCCCC1)N1CCCCC1,zinc,negative
C1CNCCN1.Cl.Cl,zinc,negative
O=S(=O)([O-])NC1CCCCC1.[Na+],zinc,negative
C1CCC(C(CC2CCCCN2)C2CCCCC2)CC1,zinc,negative
CC(=O)NCCCNCCCCNCCCN,zinc,negative
CCCCCCCCCCCCCCCC[N+](C)(C)C.[Cl-],zinc,negative
CCCCN(CCCC)CCCC,zinc,negative
O=C1CCCCCCCCCCCN1,zinc,negative
CN1C(C)(C)CCCC1(C)C,zinc,negative
CCCCCCCCCCCCCC[N+](C)(C)C.[Br-],zinc,negative
CO[Si](CCCNCCN)(OC)OC,zinc,negative
CC(=O)NCCCCCCNC(C)=O,zinc,negative
C[N+](C)(C)CCCCCC[N+](C)(C)C.[Br-].[Br-],zinc,negative
CCCCCCCCCCCCCCCCCCN,zinc,negative
CCCCC(CC)CNCC(CC)CCCC,zinc,negative
CCCCCCCCCCCC[N+](C)(C)C.[Cl-],zinc,negative
CCCCCCCCCCCCCCCCCC[N+](C)(C)C.[Cl-],zinc,negative
CCCCCCCCCCCC[N+](C)(C)C.[Br-],zinc,negative
CCCCCCCCCCCCCC[N+](C)(C)C.[Cl-],zinc,negative
CCCCCCCCCCCCCCCCCCN(C)C,zinc,negative
NCCCCCCNCCCCCCN,zinc,negative
Cl.Cl.Cl.Cl.NCCCNCCCCNCCCN,zinc,negative
O=C(NC1CCCCC1)NC1CCCCC1,zinc,negative
CCCCCCCCCCCCCCCCN,zinc,negative
CCCCCCCCCCCCCCCC[N+](C)(C)C,zinc,negative
NC(N)=NCCCCCCCCNCCCCCCCCN=C(N)N,zinc,negative
NCCCNCCCNCCCN,zinc,negative
CN=C(N)NCCCCCCN=C(C)N,zinc,negative
CN=C(N)NCCCCCCNC(C)=N.Cl,zinc,negative
Cl.Cl.NCCNCCNCCN,zinc,negative
CCCCNC(=S)NCCCC,zinc,negative
NCCCNCCNCCCN,zinc,negative
S=C(SSSSC(=S)N1CCCCC1)N1CCCCC1,zinc,negative
NCCCCCCCCCCN,zinc,negative
O=C1NCC(=O)N2CCC[C@@H]12,zinc,negative
CC(=O)NCCCCNCCCN,zinc,negative
C[N+](C)(C)CCCCCC[N+](C)(C)C.[Cl-].[Cl-],zinc,negative
CCCCCCCC[N+](C)(C)CCCCCCCC.[Cl-],zinc,negative
S=C([S-])N1CCCC1.[NH4+],zinc,negative
CCCCCCCCCCN,zinc,negative
Cl.Cl.NCCCCN,zinc,negative
CCCCCNCCCCC,zinc,negative
CCCCCCCCNCCCCCCCC,zinc,negative
CCCCCCCCCCCCCCN,zinc,negative
CCCCCCCCCCCCCCCC[N+](C)(C)CC.[Br-],zinc,negative
CCCCCCCCCCCCCCCCN(C)C,zinc,negative
CCCC[N+](CCCC)(CCCC)CCCC.[Br-],zinc,negative
CCCCCCCCCCCCN(CCCCCCCCCCCC)CCCCCCCCCCCC,zinc,negative
CC(CNC(=S)[S-])NC(=S)[S-].[Zn+2],zinc,negative
CCNCCCNCCCNCCCNCC,zinc,negative
CCNCCCCNCCCCNCCCCNCC,zinc,negative
CC(=O)NCCCNCCCCN,zinc,negative
CCC1(CC)C(=O)CCNC1=O,zinc,negative
O=S(=O)([O-])NC1CCCCC1.[K+],zinc,negative
CCCCCCCCCC[N+](C)(C)C.[Br-],zinc,negative
CCCCCCCCCCCCN,zinc,negative
NCCCCCCCCCCCCN,zinc,negative
CCCCCCCCN(C)C,zinc,negative
CC1(C)CC(N)CC(C)(C)N1,zinc,negative
CCCCCCCCCCCCN(C)C,zinc,negative
C1CCNCC1.S=C(S)N1CCCCC1,zinc,negative
CN(C)CCCCCCN(C)C,zinc,negative
CCCCCCCCCCCCCCN(C)C,zinc,negative
Cl.Cl.Cl.NCCCCNCCCN,zinc,negative
CCCCCCCC[N+](C)(CCCCCCCC)CCCCCCCC.[Cl-],zinc,negative
CC(C)(C)NCCNC(C)(C)C,zinc,negative
CN(C)CCCNCCCN(C)C,zinc,negative
S=C(NC1CCCCC1)NC1CCCCC1,zinc,negative
CCCCCCCCCCCCCCCN,zinc,negative
CCCCCCCCCCCCCCCCCCNC,zinc,negative
C[N+](C)(C)CCCCCC[N+](C)(C)C,zinc,negative
CC(C)CCCC(C)NCCC(C)C,zinc,negative
NCCCCNCCCCN,zinc,negative
CCCCCCCCCCCCN.Cl,zinc,negative
CCCCCCCCCC[N+](C)(C)CCCCCCCCCC,zinc,negative
CCCCCCCCCCCC[N+](C)(C)CCCCCCCCCCCC.[Br-],zinc,negative
S=C(SSSSSSC(=S)N1CCCCC1)N1CCCCC1,zinc,negative
CC(CN)CC(C)(C)CCN,zinc,negative
O=P(O)(O)C(NC1CCCCCC1)P(=O)(O)O,zinc,negative
CC(CCN)CC(C)(C)CN,zinc,negative
Cl.NCCNCCNCCNCCN,zinc,negative
CCCCCCCCCCCCCCCCCC[N+](C)(C)CCCCCCCCCCCCCCCCCC.[Cl-],zinc,negative
Cl.Cl.Cl.Cl.NCCNCCNCCN,zinc,negative
C1CCC(NC2CCCCC2)CC1.O=NO,zinc,negative
CCCC[N+](CCCC)(CCCC)CCCC.[I-],zinc,negative
CCCC[N+](CCCC)(CCCC)CCCC.[C-]#N,zinc,negative
CCCC[N+](CCCC)(CCCC)CCCC.[OH-],zinc,negative
CCCC[N+](CCCC)(CCCC)CCCC.[F-],zinc,negative
O=S(=O)(O)CCCNC1CCCCC1,zinc,negative
C1CNCCNCCNCCN1,zinc,negative
NCCNCCCNCCN,zinc,negative
CCCCCCCCCCCCN(CCCN)CCCN,zinc,negative
Cl.O=C(O)CN1CCCCC1,zinc,negative
NNC(=S)NC1CCCCC1,zinc,negative
CN(C)CCCNCCCN,zinc,negative
CO[Si](CCCNCCC[Si](OC)(OC)OC)(OC)OC,zinc,negative
CCCCCCNCCCCCC,zinc,negative
NCCNCCNCCNCCNCCN,zinc,negative
CN(C1CCCCC1)C1CCCCC1,zinc,negative
CCCCCCCCCCCCCN,zinc,negative
CCN(CC)C1CCCCC1,zinc,negative
CCCCCCCCCCCCCCCCCC[N+](C)(C)C.[Br-],zinc,negative
CCCCCCCCN(C)CCCCCCCC,zinc,negative
Cl.ClCCNCCCl,zinc,negative
NCCCCCCCCNCCCCCCCCN,zinc,negative
CC1NC(C)SC(C)S1,zinc,negative
CCCCCCCC[N+](CCCCCCCC)(CCCCCCCC)CCCCCCCC.[Br-],zinc,negative
CC1(C)CC(N)CC(C)(C)N1[O],zinc,negative
C1CCN(CN2CCCCC2)CC1,zinc,negative
O=C(CN1CCNCC1)N1CCCC1,zinc,negative
NCCCN1CCN(CCCN)CC1,zinc,negative
CCCC[N+](C)(CCCC)CCCC.[Cl-],zinc,negative
CCCCNP(N)(N)=S,zinc,negative
CCCCNC1CC(C)(C)NC(C)(C)C1,zinc,negative
CCCCCCCCCCCCCC[N+](C)(C)C,zinc,negative
CCCC[N+](CCCC)(CCCC)CCCC,zinc,negative
NCCCCCCCCN=C(N)N,zinc,negative
CCCCC[N+](CCCCC)(CCCCC)CCCCC,zinc,negative
CCCCCCCCCCCCCCCC[N+](C)(C)CC,zinc,negative
C[N+]1(CCCCC[N+]2(C)CCCC2)CCCC1,zinc,negative
CC(C)CC1NC(CC(C)C)SC(CC(C)C)S1,zinc,negative
S=C(S)N1CCNCC1,zinc,negative
CCCCCCCCCCCCCCCCCC[N+](C)(C)CCCCCCCCCCCCCCCCCC.[Br-],zinc,negative
C[N+](C)(C)CCCCC[N+](C)(C)C.[Br-].[Br-],zinc,negative
CCCCCCCCCC[N+](C)(C)CCCCCCCC.[Cl-],zinc,negative
N#CC1(N2CCCCC2)CCCCC1,zinc,negative
C1CCN(C2CCNCC2)CC1,zinc,negative
CCC1NC(CC)SC(CC)S1,zinc,negative
O=NN(C1CCCCC1)C1CCCCC1,zinc,negative
C1CCN(SSN2CCCCC2)CC1,zinc,negative
C1CNCCNCCCNCCNC1,zinc,negative
CCCCCCCCCCCN,zinc,negative
CCCCCN(CCCCC)N=O,zinc,negative
CCN(CC)C(=S)S.CCNCC,zinc,negative
CCCCN(CCCC)CCCN,zinc,negative
CCCCCN(CCCCC)CCCCC,zinc,negative
CCC[N+](CCC)(CCC)CCC.[I-],zinc,negative
CCCCCCCCN(CCCCCCCC)CCCCCCCC,zinc,negative
CCCCNCCCCCCNCCCC,zinc,negative
CCCCCCCCCCCCCNCCCCCCCCCCCCC,zinc,negative
CCCCN(CCC#N)CCCC,zinc,negative
CN(C)CCCN(C)CCCN(C)C,zinc,negative
CCCCC[N+](CCCCC)(CCCCC)CCCCC.[Cl-],zinc,negative
CCN(CC)CCCC(C)N,zinc,negative
CC1(C)CC(NCCCCCCNC2CC(C)(C)NC(C)(C)C2)CC(C)(C)N1,zinc,negative
CO[Si](CCCNCCNCCN)(OC)OC,zinc,negative
O=C(CN1CCNCC1)NC1CCCCC1,zinc,negative
O=S(=O)(O)C1CCNCC1,zinc,negative
CC(C)CC1SC(C)NC(C)S1,zinc,negative
CCCC[N+](CCCC)(CCCC)CCCC.[Cl-],zinc,negative
CCCCCCCCCC[N+](C)(C)CCCCCCCCCC.[Br-],zinc,negative
NCCCCCCNC(=O)O,zinc,negative
CCCCCCCCCCNC(=O)CBr,zinc,negative
O=S(=O)(O)CCNC1CCCCC1,zinc,negative
CCCCCCCCCCCCCCCCCCN.Cl,zinc,negative
NCC[Se][Se]CCN,zinc,negative
NCCCN(CCCN)CCCCN(CCCN)CCCN,zinc,negative
CCCCN(CCCC)CCCCCCN(CCCC)CCCC,zinc,negative
CCCCCC(=O)NCC(C)C,zinc,negative
O=P(O)(O)C(NC1CCCCC1)P(=O)(O)O,zinc,negative
NCCCCCNCCCN,zinc,negative
S=C([S-])N1CCCCC1.[K+],zinc,negative
CCCCNC(=S)NCC,zinc,negative
NS(=O)(=O)N1CCCCCC1,zinc,negative
NCCCNCCCNCCCNCCCN,zinc,negative
CCCCCCCCCCCCCCCCN.F,zinc,negative
CCOC(=O)N1CCCCC1,zinc,negative
O=C(N1CCCCC1)N1CCCCC1,zinc,negative
CC1S[C@H](C)N[C@H](C)S1,zinc,negative
NC1CCCCC1N.[Cl][Pt][Cl],zinc,negative
S=C([S-])N1CCCCC1.[Na+],zinc,negative
C[N+]1(C)CCCCC1.[I-],zinc,negative
O=C(O)CCNC1CCCCC1,zinc,negative
CCCCCCCC[N+](C)(C)C.[Br-],zinc,negative
C1CN(C23CC4CC(CC(C4)C2)C3)CCN1,zinc,negative
CCCCCCCCCCCC[N+](C)(C)CCCCCCCCCCCC.[Cl-],zinc,negative
NCCCNC1CCCCC1,zinc,negative
CCN(C1CCCCC1)C1CCCCC1,zinc,negative
CN(C)CCN1CCN(C)CC1,zinc,negative
S=C([S-])N1CCCCC1.S=C([S-])N1CCCCC1.[Zn+2],zinc,negative
CCCCNC(=S)N(CCCC)CCCC,zinc,negative
O=P([O-])([O-])O.O=P([O-])([O-])O.O=P([O-])([O-])O.[NH3+]CCCC[NH2+]CCC[NH3+].[NH3+]CCCC[NH2+]CCC[NH3+],zinc,negative
CCCCCCCCCCN(CCCCCCCCCC)CCCCCCCCCC,zinc,negative
CCC[N+](CCC)(CCC)CCC.[OH-],zinc,negative
CCNCCN(CC)CCNCC,zinc,negative
CC(C)CCN(CCC(C)C)CCC(C)C,zinc,negative
O=P(N1CCCCC1)(N1CCCCC1)N1CCCCC1,zinc,negative
CCCCCCCCCCCCCCCCCCCCCCN(C)C,zinc,negative
C#CCN(C)C(C)CCCC.Cl,zinc,negative
CCCCCCCCCCCCNC(C)=O,zinc,negative
CCSC(=O)NC1CCCCC1,zinc,negative
C1CNCCN1.O.O=P(O)(O)O,zinc,negative
C1CNCCN1.O=S(=O)(O)O,zinc,negative
O=C1CCCCCNC(=O)CCCCCN1,zinc,negative
CC(CNC(=S)S)NC(=S)S,zinc,negative
CC(C)CCCC(C)NC(C)C,zinc,negative
C1CCC(N2CCNCC2)CC1,zinc,negative
NS(=O)(=O)N1CCCCC1,zinc,negative
CCS(=O)(=O)N1CCNCC1,zinc,negative
CN1CCN(C2CCNCC2)CC1,zinc,negative
CCCCCCCCCCCCNC,zinc,negative
NCCCCCCCCCN,zinc,negative
CCCCCCCC/C=C\CCCCCCCCNCCCN,zinc,negative
Cl.NCCNCCNCCN,zinc,negative
CN(C)C(=O)N1CCNCC1.Cl,zinc,negative
C1CCN(CC2CCCCN2)CC1,zinc,negative
CCCCCCCCCCCC[N+](C)(C)CC.[Br-],zinc,negative
CCCCN1CCNC1=S,zinc,negative
CCCCCC(=O)N1CCCCC1,zinc,negative
N#CCCN1CCN(CCC#N)CC1,zinc,negative
CCCCCCCCCCCCCC[N+](C)(C)CCCCCCCCCCCCCC.[Cl-],zinc,negative
O=NN1CCCCCCCCCCCC1,zinc,negative
CC(CN1CCCCC1)C(=O)NN,zinc,negative
CCCCCCCCC[N+](C)(C)C.[Br-],zinc,negative
NCCN1CCN(CCN)CC1,zinc,negative
NC1CCCCCCCCCCC1,zinc,negative
CC(C)CCNCCC(C)C,zinc,negative
CC(C)CN(CC(C)C)CC(C)C,zinc,negative
CCCCCCCCCCCCNCCC(=O)O,zinc,negative
CCCCCCCCCCCCCCCC[N+](C)(C)CCCCCCCCCCCCCCCC.[Cl-],zinc,negative
CCCCCCCCCCCCCCCCCN,zinc,negative
CCCCCCCCCCCCNCCCCCCCCCCCC,zinc,negative
CCCCCCN(CCCCCC)CCCCCC,zinc,negative
C1CCN(CCN2CCCCC2)CC1,zinc,negative
CCC[N+](CCC)(CCC)CCC.[Br-],zinc,negative
CCCCCCCNCCCCCCC,zinc,negative
C(CC1CCNCC1)CC1CCNCC1,zinc,negative
CCCCCCCCNCCO,zinc,negative
CC1CC(NC(N)=O)NC(=O)N1,zinc,negative
CN(C)CCCNCCC#N,zinc,negative
O=C1NCC(=O)N2CCCC12,zinc,negative
CC(C)C[C@@H]1NC(=O)CNC1=O,zinc,negative
CCNCCCNCCCCNCCCNCC,zinc,negative
[NH3+]CCC[NH2+]CCCC[NH2+]CCC[NH3+],zinc,negative
CCCCCCCCCCCC[N+](C)(C)C,zinc,negative
CC(C)C[C@@H]1NC(=O)[C@H](CC(C)C)NC1=O,zinc,negative
CC(=O)N1CCC(NC(=O)NC2CCCCCC2)CC1,zinc,negative
CCC(=O)N1CCC(NC(=O)NC2CCCCCC2)CC1,zinc,negative
CCCCCCCCNC(=O)NC1CCN(C(=O)CC)CC1,zinc,negative
C=C=CCNCCCCNCC=C=C,zinc,negative
CCCCCCCCCCNC(=O)NC1CCCCC1,zinc,negative
CCC[N+](CCC)(CCC)CCC,zinc,negative
CCCCCC[N+](CCCCCC)(CCCCCC)CCCCCC,zinc,negative
CC(C)CC1NC(=O)CNC1=O,zinc,negative
CC1CCCN(CC(O)CN)C1,zinc,negative
S=C(SC(=S)N1CCCCC1)N1CCCCC1,zinc,negative
CCCCNC(=O)NCCCC,zinc,negative
O=C(NCCCCNC(=O)C(F)(F)F)C(F)(F)F,zinc,negative
NNC(=O)CCN1CCCCC1,zinc,negative
NCCCCNCCCCNCCCCN,zinc,negative
CCCCCCCCCCCC(=O)NCCCCCC,zinc,negative
CC(=O)NCCCNCCCCNCCCNC(C)=O,zinc,negative
CCNCCCNC/C=C\CNCCCNCC,zinc,negative
C1CNCCN1.O.O.O.O.O.O,zinc,negative
C[N+](C)(C)CCCCC[N+](C)(C)C.[I-].[I-],zinc,negative
N=C(N)NCCCCCCCCNCCCCCCCCN=C(N)N,zinc,negative
CCC1SC(C)NC(C)S1,zinc,negative
CCCCCCCCCCCCN(C)C.Cl,zinc,negative
CCNC12CC3CC(CC(C3)C1)C2,zinc,negative
Cn1c(=O)[nH]c(=O)n(C2CCCCC2)c1=O,zinc,negative
C1CCC(N2CCOCC2)CC1,zinc,negative
N#CCCN1CCCCCC1,zinc,negative
Cl.ClCCN1CCCCC1,zinc,negative
N#CCCCN1CCCCCC1,zinc,negative
N#CCCCN1CCCCC1,zinc,negative
C1CCN(P(N2CCCCC2)N2CCCCC2)CC1,zinc,negative
C1CC2NCCC3NCCC(N1)N32,zinc,negative
CNC(C)CC1CCCCC1.Cl,zinc,negative
NC(=S)NC1CCCCC1,zinc,negative
CCCCNCCCC.Cl,zinc,negative
CCC[C@H]1CCCCN1.Cl,zinc,negative
C1CCC(N2CCCCC2)CC1,zinc,negative
CCCCNC1CCCCC1,zinc,negative
Cl.O.O=C1CCNCC1,zinc,negative
CCCCNCCC[Si](OC)(OC)OC,zinc,negative
CCCCCCCCCCCCCCCCCCCCCC[N+](C)(C)C.[Cl-],zinc,negative
CCCCCCCCCCCCNCCC(=O)[O-].[Na+],zinc,negative
CC[N+]1(C)CCCCC1.[I-],zinc,negative
CCCC[NH2+]CCCC.F[B-](F)(F)F,zinc,negative
NCCCCC(CN)CCCN,zinc,negative
NC(N)=NCC1CCCCCCN1,zinc,negative
C[N+](C)(C)CCCCCC[N+](C)(C)C.[I-].[I-],zinc,negative
CC(=O)NCCCCCCCCCCCCC(C)C,zinc,negative
CCCCCC1NCCS1,zinc,negative
CCCCCCCCCCCC[N+](CC)(CC)CC.[Br-],zinc,negative
CCCCCCCCCCCCCCCC[N+](CC)(CC)CC.[Br-],zinc,negative
CCC1(CC)SCCNC1=O,zinc,negative
S=P(NC1CCCCC1)(N1CC1)N1CC1,zinc,negative
O=C(NC1CCCCC1)N1CCN(C2CCCCC2)CC1,zinc,negative
ClCC[NH2+]CCCl.[Cl-],zinc,negative
CCCCCCCCCCCCNCC(=O)O,zinc,negative
C1CCC([NH2+]C2CCCCC2)CC1.O=N[O-],zinc,negative
CCCCCN(CCCC)N=O,zinc,negative
C#CCN(C)CCCC.Cl,zinc,negative
C[N+]1(C)CCCCCC1.[Br-],zinc,negative
CCCCCCCCCNC(C)=O,zinc,negative
CCCCCCCCCCCC(=O)NCCCC,zinc,negative
CCOC(=O)NC1CCCCC1,zinc,negative
CCCCCCCCCCNC(C)=O,zinc,negative
C1CNCCNCCNCCNCCN1,zinc,negative
CC(O)CNC1CCCCC1,zinc,negative
CCCCCCCCCCCC[NH3+].[Cl-],zinc,negative
CN(C)CCCNC(=S)C(=S)NCCCN(C)C,zinc,negative
CN(C)C(=O)NCCCCCCNC(=O)N(C)C,zinc,negative
CCCCNC(C)(C)[PH](=O)O,zinc,negative
CC1NC(C)SC(C(C)C)S1,zinc,negative
C1CCC(NC2CCCCC2)CC1.Cl,zinc,negative
CCCCCCCCCCCCCCCCCC[N+](C)(C)CCCCCCCCCCCCCCCCCC,zinc,negative
FC(F)(F)C1CCNCC1,zinc,negative
O=C(C1CC1)N1CCNCC1,zinc,negative
CN(C)C(=O)CN1CCNCC1,zinc,negative
CNC1CCN(C(=O)OC(C)(C)C)CC1,zinc,negative
N#CCC(=O)N1CCCCC1,zinc,negative
CNC(=O)NC1CCCCC1,zinc,negative
N#CCC(=O)NC1CCCCC1,zinc,negative
CN(C)C(=O)N1CCNCC1,zinc,negative
CC(C)(C)OC(=O)N1CCC(N)CC1,zinc,negative
CCCCCCCCCCCCCCCCCCNCCCN,zinc,negative
CC(C)CNC(=O)NC1CCCCC1,zinc,negative
CCCC[N+]1(C)CCCC1.[Cl-],zinc,negative
CCC[N+]1(C)CCCC1.[I-],zinc,negative
CCCC[N+]1(C)CCCCC1.[Br-],zinc,negative
C1CCC2(CC1)CCNCC2.Cl,zinc,negative
CNCCN1CCC(C)CC1,zinc,negative
CCC[N+]1(C)CCCCC1.[I-],zinc,negative
CCOC(=O)N1CCC(NC)CC1,zinc,negative
CC[N+]1(C)CCCC1.[Br-],zinc,negative
O=NN1CCC(Cl)C(Cl)C1,zinc,negative
O=NN1CCC(Br)C(Br)C1,zinc,negative
CN(C)CCN1CCNCC1,zinc,negative
CCCCCC[N+](CC)(CC)CC.[Br-],zinc,negative
CCN(CC)/[N+]([O-])=N/O.CCNCC,zinc,negative
CCCCCCCCCCCCNCCNCCN,zinc,negative
CCCCCCNC(=O)CCC,zinc,negative
CCOC(=O)C1CCNCC1,zinc,negative
CCCCN(CC)CCCC,zinc,negative
CCCCCCCCCCCCCCNCCCCCCCCCCCCCC,zinc,negative
CC(C)NCCCNC(C)C,zinc,negative
C1CCC(NCCNC2CCCCC2)CC1,zinc,negative
CCC(C)NCCNCCNC(C)CC,zinc,negative
C1CNCCCNCCCNC1,zinc,negative
C1CNCCCNCCNCCCNC1,zinc,negative
CCCNC(=S)NCCC,zinc,negative
CN1CCN(CCC#N)CC1,zinc,negative
CC1CC2NC(C)CC3NC(C)CC(N1)N32,zinc,negative
CNCCCN(C)CCCNC,zinc,negative
CCCCCCCCN.Cl,zinc,negative
NCCCCCCCCCCCN,zinc,negative
CCCCCCCCCCCCN(C)CCCCCCCCCCCC,zinc,negative
CN1CCN(CCCN)CC1,zinc,negative
CCCCCCCCCCCCNCCCN,zinc,negative
Nc1nc2ncc(CNc3ccc(C(=O)N[C@@H](CCC(=O)O)C(=O)O)cc3)nc2c(=O)[nH]1,zinc,negative
CCCSc1ccc2nc(NC(=O)OC)[nH]c2c1,zinc,negative
CN(C)CCCN1c2ccccc2Sc2ccc(Cl)cc21,zinc,negative
O=C1CN=C(c2ccccc2)c2cc(Cl)ccc2N1,zinc,negative
COC(=O)Nc1nc2ccc(C(=O)c3ccccc3)cc2[nH]1,zinc,negative
CN1CCN(CCCN2c3ccccc3Sc3ccc(C(F)(F)F)cc32)CC1,zinc,negative
CN1C[C@H](C(=O)N[C@]2(C)O[C@@]3(O)[C@@H]4CCCN4C(=O)[C@H](Cc4ccccc4)N3C2=O)C=C2c3cccc4[nH]cc(c34)C[C@H]21,zinc,negative
CN(Cc1cnc2nc(N)nc(N)c2n1)c1ccc(C(=O)N[C@@H](CCC(=O)O)C(=O)O)cc1,zinc,negative
C=C[C@H]1CN2CC[C@H]1C[C@@H]2[C@@H](O)c1ccnc2ccc(OC)cc12,zinc,negative
C=C[C@H]1CN2CC[C@H]1C[C@H]2[C@H](O)c1ccnc2ccc(OC)cc12,zinc,negative
CCCOCC(=Nc1ccc(Cl)cc1C(F)(F)F)n1ccnc1,zinc,negative
COC(=O)NC(=S)Nc1ccccc1NC(=S)NC(=O)OC,zinc,negative
COC(=O)Nc1nc2ccc(Sc3ccccc3)cc2[nH]1,zinc,negative
COC(=O)Nc1nc2ccc(S(=O)c3ccccc3)cc2[nH]1,zinc,negative
Cc1c(C(=O)NCCO)[n+](=O)c2ccccc2n1[O-],zinc,negative
COc1ccc2cc3[n+](cc2c1OC)CCc1cc2c(cc1-3)OCO2,zinc,negative
NC(=O)c1ccc[n+]([C@@H]2O[C@H](COP(=O)([O-])OP(=O)(O)OC[C@H]3O[C@@H](n4cnc5c(N)ncnc54)[C@H](O)[C@@H]3O)[C@@H](O)[C@H]2O)c1,zinc,negative
Cc1nnc2n1-c1ccc(Cl)cc1C(c1ccccc1)=NC2,zinc,negative
COc1ccc(CCN2CCC(Nc3nc4ccccc4n3Cc3ccc(F)cc3)CC2)cc1,zinc,negative
CN(C)CCCN1c2ccccc2CCc2ccc(Cl)cc21,zinc,negative
Clc1cccc(Cl)c1NC1=NCCN1,zinc,negative
OCCN1CCN(CCCN2c3ccccc3Sc3ccc(C(F)(F)F)cc32)CC1,zinc,negative
Nc1nnc(-c2cccc(Cl)c2Cl)c(N)n1,zinc,negative
CCCCc1nc(Cl)c(CO)n1Cc1ccc(-c2ccccc2-c2nn[nH]n2)cc1,zinc,negative
Cc1nccn1CC1CCc2c(c3ccccc3n2C)C1=O,zinc,negative
OCCN1CCN(CCCN2c3ccccc3Sc3ccc(Cl)cc32)CC1,zinc,negative
CC(C)NCC(O)COc1cccc2[nH]ccc12,zinc,negative
Cc1nnc2n1-c1ccc(Cl)cc1C(c1ccccc1Cl)=NC2,zinc,negative
CC(C)(C)NC(=O)[C@@H]1C[C@@H]2CCCC[C@@H]2CN1C[C@@H](O)[C@H](Cc1ccccc1)NC(=O)[C@H](CC(N)=O)NC(=O)c1ccc2ccccc2n1,zinc,negative
CC(C)(O)c1ccccc1CC[C@@H](SCC1(CC(=O)O)CC1)c1cccc(/C=C/c2ccc3ccc(Cl)cc3n2)c1,zinc,negative
CC#CCn1c(N2CCC[C@@H](N)C2)nc2c1c(=O)n(Cc1nc(C)c3ccccc3n1)c(=O)n2C,zinc,negative
COc1cc(NS(C)(=O)=O)ccc1Nc1c2ccccc2nc2ccccc12,zinc,negative
OCCN(CCO)c1nc(N2CCCCC2)c2nc(N(CCO)CCO)nc(N3CCCCC3)c2n1,zinc,negative
O=C1CN=C(c2ccccc2)c2cc([N+](=O)[O-])ccc2N1,zinc,negative
COC(=O)[C@@H]1[C@H]2C[C@H]3c4[nH]c5ccccc5c4CCN3C[C@@H]2CC[C@@H]1O,zinc,negative
CN1C[C@H](C(=O)N[C@]2(C)O[C@@]3(O)[C@@H]4CCCN4C(=O)[C@H](Cc4ccccc4)N3C2=O)C[C@@H]2c3cccc4[nH]cc(c34)C[C@H]21,zinc,negative
CN1CCCCC1CCN1c2ccccc2Sc2ccc(S(C)=O)cc21,zinc,negative
COc1ccnc(CS(=O)c2nc3ccc(OC(F)F)cc3[nH]2)c1OC,zinc,negative
CC[C@]12CCCN3CCc4c(n(c5ccccc45)[C@@](O)(C(=O)OC)C1)[C@@H]32,zinc,negative
CCOC(=O)Nc1ccc(NCc2ccc(F)cc2)cc1N,zinc,negative
CNC(=O)c1cc(Cl)cc(C)c1NC(=O)c1cc(Br)nn1-c1ncccc1Cl,zinc,negative
Cc1cc(C)[nH]c(=O)n1.O=C(Nc1ccc([N+](=O)[O-])cc1)Nc1ccc([N+](=O)[O-])cc1,zinc,negative
CC[C@@H]1CN2CCc3c([nH]c4cccc(OC)c34)[C@@H]2C[C@@H]1/C(=C\OC)C(=O)OC,zinc,negative
O=c1[nH]c2ccccc2n1CCCN1CCC(n2c(=O)[nH]c3cc(Cl)ccc32)CC1,zinc,negative
CCCOc1ccc2nc(NC(=O)OC)[nH]c2c1,zinc,negative
O=c1[nH]c2ccccc2n1C1CCN(CCCC(c2ccc(F)cc2)c2ccc(F)cc2)CC1,zinc,negative
CN(C)CCCN1c2ccccc2CCc2ccc(Cl)cc21.Cl,zinc,negative
C#CCC(Cc1cnc2nc(N)nc(N)c2n1)c1ccc(C(=O)N[C@@H](CCC(=O)O)C(=O)O)cc1,zinc,negative
Nc1nc(N)c2nc(CNc3ccc(C(=O)N[C@@H](CCC(=O)O)C(=O)O)cc3)cnc2n1,zinc,negative
CN1CCN(C(=O)O[C@H]2c3nccnc3C(=O)N2c2ccc(Cl)cn2)CC1,zinc,negative
COc1nc2ccc(Br)cc2cc1[C@@H](c1ccccc1)[C@@](O)(CCN(C)C)c1cccc2ccccc12,zinc,negative
CC[C@@]1(O)C(=O)OCc2c1cc1n(c2=O)Cc2cc3ccccc3nc2-1,zinc,negative
CC[C@H](Nc1ncnc2nc[nH]c12)c1nc2cccc(F)c2c(=O)n1-c1ccccc1,zinc,negative
CCCCOc1cc(C(=O)NCCN(CC)CC)c2ccccc2n1,zinc,negative
CCN(CC)CCN1C(=O)CN=C(c2ccccc2F)c2cc(Cl)ccc21,zinc,negative
O=C1Nc2ccc(Cl)cc2C(c2ccccc2)=NC1O,zinc,negative
CN(C)CCCN1c2ccccc2Sc2ccc(C(F)(F)F)cc21,zinc,negative
Cc1ccc(Sc2ccccc2N2CCNCC2)c(C)c1,zinc,negative
COc1ccc2c3c([nH]c2c1)C(C)=NCC3,zinc,negative
COc1cc(NS(=O)(=O)c2ccc(N)cc2)nc(OC)n1,zinc,negative
O=C1CN=C(c2ccccc2Cl)c2cc(Cl)ccc2N1,zinc,negative
CC(C)(O/N=C(\C(=O)N[C@@H]1C(=O)N2C(C(=O)[O-])=C(C[n+]3ccccc3)CS[C@H]12)c1csc(N)n1)C(=O)O,zinc,negative
CCCN(CCC)c1c([N+](=O)[O-])cc(C(F)(F)F)cc1[N+](=O)[O-],zinc,negative
CCCCN(CC)c1c([N+](=O)[O-])cc(C(F)(F)F)cc1[N+](=O)[O-],zinc,negative
Cc1cccc2sc3nncn3c12,zinc,negative
COC(=O)Nc1nc2ccc(C(=O)c3ccc(F)cc3)cc2[nH]1,zinc,negative
CCN(CC)CCCC(C)Nc1c2ccc(Cl)cc2nc2ccc(OC)cc12,zinc,negative
c1c2c(cc3c1OCO3)-c1cc3ccc4c(c3c[n+]1CC2)OCO4,zinc,negative
CC[C@H]1C[C@@H]2C[C@H]3c4[nH]c5ccc(OC)cc5c4CCN(C2)[C@@H]13,zinc,negative
CN1C(=O)CN=C(c2ccc(Cl)cc2)c2cc(Cl)ccc21,zinc,negative
CCOC(=O)c1ncn2c1CN(C)C(=O)c1cc(F)ccc1-2,zinc,negative
CNC(=O)c1ccccc1Sc1ccc2c(/C=C/c3ccccn3)n[nH]c2c1,zinc,negative
CCCCc1nc(Cl)c(CO)n1Cc1ccc(-c2ccccc2-c2nnn[n-]2)cc1.[K+],zinc,negative
Cn1c(CNc2ccc(C(=N)N)cc2)nc2cc(C(=O)N(CCC(=O)O)c3ccccn3)ccc21,zinc,negative
CN1CCc2nc(C(=O)N[C@@H]3C[C@@H](C(=O)N(C)C)CC[C@@H]3NC(=O)C(=O)Nc3ccc(Cl)cn3)sc2C1,zinc,negative
O=C(OCC(O)CO)c1ccccc1Nc1ccnc2c(C(F)(F)F)cccc12,zinc,negative
CN1C(=O)CN=C(c2ccccc2F)c2cc([N+](=O)[O-])ccc21,zinc,negative
O=C1CN=C(c2ccccc2)c2cc(Cl)ccc2N1CC1CC1,zinc,negative
CN1CCN(CCCN2c3ccccc3Sc3ccc(Cl)cc32)CC1,zinc,negative
COCCCOc1ccnc(CS(=O)c2nc3ccccc3[nH]2)c1C,zinc,negative
CN1C(=O)C(O)N=C(c2ccccc2)c2cc(Cl)ccc21,zinc,negative
Clc1ccc2nsnc2c1NC1=NCCN1,zinc,negative
CN1CCN(C(=O)OC2c3nccnc3C(=O)N2c2ccc(Cl)cn2)CC1,zinc,negative
CN(C)CCCOc1nn(Cc2ccccc2)c2ccccc12,zinc,negative
CN(C)CCCOc1nn(Cc2ccccc2)c2ccccc12.Cl,zinc,negative
O=c1[nH]c2ccccc2n1CCN1CCN(c2cccc(C(F)(F)F)c2)CC1,zinc,negative
CC[C@@]1(O)C(=O)OCc2c1cc1n(c2=O)Cc2cc3cc(O)ccc3nc2-1,zinc,negative
CCSc1ccc2c(c1)N(CCCN1CCN(C)CC1)c1ccccc1S2,zinc,negative
CC(C)n1c(/C=C/[C@H](O)C[C@H](O)CC(=O)O)c(-c2ccc(F)cc2)c2ccccc21,zinc,negative
COc1ccc2nc([S@@](=O)Cc3ncc(C)c(OC)c3C)[nH]c2c1,zinc,negative
CN(c1c([N+](=O)[O-])cc([N+](=O)[O-])cc1[N+](=O)[O-])[N+](=O)[O-],zinc,negative
CCOC(=O)C(C)Oc1ccc(Oc2cnc3cc(Cl)ccc3n2)cc1,zinc,negative
O=[N+]([O-])c1ccccc1[N+](=O)[O-],zinc,negative
C[n+]1cc2c3c(ccc2c2ccc4cc5c(cc4c21)OCO5)OCO3,zinc,negative
CCOC(=O)c1ccc(C#Cc2ccc3c(c2)C(C)(C)CCS3)nc1,zinc,negative
COCC(=O)O[C@]1(CCN(C)CCCc2nc3ccccc3[nH]2)CCc2cc(F)ccc2[C@@H]1C(C)C,zinc,negative
CCCCCN=C(N)N/N=C/c1c[nH]c2ccc(OC)cc12,zinc,negative
CCc1c2c(nc3ccc(O)cc13)-c1cc3c(c(=O)n1C2)COC(=O)[C@]3(O)CC,zinc,negative
Cc1c(C(=O)NN2CCCCC2)nn(-c2ccc(Cl)cc2Cl)c1-c1ccc(Cl)cc1,zinc,negative
CN(C)CCCN1c2ccccc2Sc2ccc(Cl)cc21.Cl,zinc,negative
Cl.Clc1cccc(Cl)c1NC1=NCCN1,zinc,negative
Cn1c(CCCC(=O)O)nc2cc(N(CCCl)CCCl)ccc21,zinc,negative
CSc1ccc2c(c1)N(CCC1CCCCN1C)c1ccccc1S2.Cl,zinc,negative
Cc1cccc(C)c1NC(=O)C1CCCCN1C.Cl,zinc,negative
Cl.Clc1ccc2nsnc2c1NC1=NCCN1,zinc,negative
CS(=O)(=O)O.Cc1ccc(NC(=O)c2ccc(CN3CCN(C)CC3)cc2)cc1Nc1nccc(-c2cccnc2)n1,zinc,negative
O=C(O)C[C@H](O)C[C@H](O)/C=C/c1c(C2CC2)nc2ccccc2c1-c1ccc(F)cc1,zinc,negative
CC(C)[C@@]1(NC(=O)[C@@H]2C=C3c4cccc5[nH]cc(c45)C[C@H]3N(C)C2)O[C@@]2(O)[C@@H]3CCCN3C(=O)[C@H](Cc3ccccc3)N2C1=O,zinc,negative
C=C(C)CN(CC)c1c([N+](=O)[O-])cc(C(F)(F)F)cc1[N+](=O)[O-],zinc,negative
CC(C)(C)c1ccc(CCOc2ncnc3ccccc23)cc1,zinc,negative
CCCN(CCC)c1c([N+](=O)[O-])cc(C(C)C)cc1[N+](=O)[O-],zinc,negative
Cc1ccc(O)c(-n2nc3ccccc3n2)c1,zinc,negative
COc1ccc2cc3[n+](cc2c1OC)CCc1cc2c(cc1-3)OCO2.[Cl-],zinc,negative
CNCc1ccc(-c2[nH]c3cc(F)cc4c3c2CCNC4=O)cc1,zinc,negative
CNC(=O)c1ccc(-c2cnc3ncc(Cc4ccc5ncccc5c4)n3n2)cc1F,zinc,negative
CCS(=O)(=O)N1CC(CC#N)(n2cc(-c3ncnc4[nH]ccc34)cn2)C1,zinc,negative
O=C(Nc1cnn2ccc(N3CCC[C@@H]3c3cc(F)ccc3F)nc12)N1CC[C@H](O)C1,zinc,negative
C[C@H](Nc1ncnc2nc[nH]c12)c1cc2cccc(Cl)c2c(=O)n1-c1ccccc1,zinc,negative
COC(=O)N[C@@H](C)CNc1nccc(-c2cn(C(C)C)nc2-c2cc(Cl)cc(NS(C)(=O)=O)c2F)n1,zinc,negative
N[C@@H]1c2cccnc2[C@H](OC(=O)N2CCC(n3c(=O)[nH]c4ncccc43)CC2)CC[C@H]1c1cccc(F)c1F,zinc,negative
COc1cc(OC)cc(N(CCNC(C)C)c2ccc3ncc(-c4cnn(C)c4)nc3c2)c1,zinc,negative
CC#CC(=O)N1CCC[C@H]1c1nc(-c2ccc(C(=O)Nc3ccccn3)cc2)c2c(N)nccn12,zinc,negative
C=CC(=O)N1C[C@H](Nc2ncnc3[nH]ccc23)CC[C@@H]1C,zinc,negative
C=CC(=O)N1CCN(c2nc(=O)n(-c3c(C)ccnc3C(C)C)c3nc(-c4c(O)cccc4F)c(F)cc23)[C@@H](C)C1,zinc,negative
c1ccc2c(c1)Sc1ccccc1N2CC1CN2CCC1CC2,zinc,negative
O=C1CN=C(c2ccccc2F)c2cc(Cl)ccc2N1,zinc,negative
O=c1[nH]c2ccccc2n1CCCN1CCN(C(c2ccccc2)c2ccccc2)CC1,zinc,negative
CC1(C)Cc2c(-c3ccccc3)c(-c3ccc(Cl)cc3)c(CC(=O)O)n2C1,zinc,negative
CCN(CC)c1ccc(C(=C2C=CC(=[N+](CC)CC)C=C2)c2cc(S(=O)(=O)[O-])ccc2S(=O)(=O)[O-])cc1.[Na+],zinc,negative
CCCCN1CCCC[C@H]1C(=O)Nc1c(C)cccc1C,zinc,negative
Cc1cccc(C)c1NC(=O)C1CCCCN1C,zinc,negative
O=C1CN=C(c2ccccc2)c2cc(Cl)ccc2N1CC(F)(F)F,zinc,negative
CC(CN(C)C)CN1c2ccccc2Sc2ccc(C#N)cc21,zinc,negative
CCCN1CCCC[C@H]1C(=O)Nc1c(C)cccc1C,zinc,negative
CN1C(=O)CC(=O)N(c2ccccc2)c2cc(Cl)ccc21,zinc,negative
CCCCCn1cc(C(=O)c2ccc(OC)cc2)c2ccccc21,zinc,negative
CNC(=O)c1cc(C#N)cc(C)c1NC(=O)c1cc(Br)nn1-c1ncccc1Cl,zinc,negative
COC(=O)C1=CO[C@@H](C)[C@H]2CN3CCc4c([nH]c5ccccc45)[C@@H]3C[C@H]12,zinc,negative
CCN(Cc1cccc(S(=O)(=O)[O-])c1)c1ccc(C(=C2C=CC(=[N+](CC)Cc3cccc(S(=O)(=O)[O-])c3)C=C2)c2ccccc2)cc1.[Na+],zinc,negative
CCOc1ccc(Cc2nc3cc([N+](=O)[O-])ccc3n2CCN(CC)CC)cc1,zinc,negative
CCOC(=O)c1cc2c(cn1)[nH]c1ccccc12,zinc,negative
Cc1[nH]cnc1CN1CCc2c(c3ccccc3n2C)C1=O,zinc,negative
CN(C)CCN1C(=O)c2ccccc2N(C)c2ccccc21,zinc,negative
Clc1ccc(CO/N=C(\Cn2ccnc2)c2ccc(Cl)cc2Cl)c(Cl)c1,zinc,negative
CC(C)C[C@H](NP(=O)(O)O[C@@H]1O[C@@H](C)[C@H](O)[C@@H](O)[C@H]1O)C(=O)N[C@@H](Cc1c[nH]c2ccccc12)C(=O)O,zinc,negative
C=CC1=C(C)c2cc3[n-]c(cc4[n-]c(cc5nc(cc1n2)C(C)=C5C=C)c(C)c4CCC(=O)O)c(CCC(=O)O)c3C.[Fe+2],zinc,negative
O=[N+]([O-])c1cccc2cn[nH]c12,zinc,negative
Cc1c(-c2ccc(-c3ccccc3F)cc2)nc2ccc(F)cc2c1C(=O)O,zinc,negative
Cc1ccc(F)cc1C(=O)Nc1ccc(C(=O)N2Cc3cccn3Cc3ccccc32)c(Cl)c1,zinc,negative
NS(=O)(=O)c1ccc(-n2nc(C(F)(F)F)cc2-c2ccc(Cl)cc2)cc1,zinc,negative
CCCCCCOC(=O)NC(=N)c1ccc(NCc2nc3cc(C(=O)N(CCC(=O)OCC)c4ccccn4)ccc3n2C)cc1,zinc,negative
CCN(CC)CCCC(C)Nc1c2ccc(Cl)cc2nc2ccc(OC)cc12.Cl.Cl,zinc,negative
Cc1[nH]cnc1CN1CCc2c(c3ccccc3n2C)C1=O.Cl,zinc,negative
Cc1nccn1CC1CCc2c(c3ccccc3n2C)C1=O.Cl,zinc,negative
CC(C)Nc1cccnc1N1CCN(C(=O)c2cc3cc(NS(C)(=O)=O)ccc3[nH]2)CC1.CS(=O)(=O)O,zinc,negative
CC(C)c1c(CN(C)C(C)Cc2ccccc2)n(C)n(-c2ccccc2)c1=O,zinc,negative
Cc1c(OCC(F)(F)F)ccnc1CS(=O)c1nc2ccccc2[nH]1,zinc,negative
COc1ccc2nc(S(=O)Cc3ncc(C)c(OC)c3C)[nH]c2c1,zinc,negative
COC(=O)[C@@H]1[C@H]2C[C@H]3c4[nH]c5ccccc5c4CCN3C[C@@H]2CC[C@@H]1O.Cl,zinc,negative
[Cl-].c1ccc(-c2nn(-c3ccccc3)[n+](-c3ccccc3)n2)cc1,zinc,negative
O=S(=O)(O)c1ccc2nc(-c3ccccc3)[nH]c2c1,zinc,negative
CN1CCN(CCCN2c3ccccc3Sc3ccc(C(F)(F)F)cc32)CC1.Cl.Cl,zinc,negative
C=C[C@H]1CN2CC[C@H]1C[C@H]2[C@H](O)c1ccnc2ccc(OC)cc12.Cl,zinc,negative
CC(C)C1(C)N=C(c2nc3ccccc3cc2C(=O)O)NC1=O,zinc,negative
CC(C)OC(=O)N[C@H](C(=O)N[C@H](C)c1nc2ccc(F)cc2s1)C(C)C,zinc,negative
COc1nccnc1C(C)C,zinc,negative
CC(C)C[C@H]1C(=O)N2CCC[C@H]2[C@]2(O)O[C@](NC(=O)[C@@H]3C=C4c5cccc6[nH]cc(c56)C[C@H]4N(C)C3)(C(C)C)C(=O)N12,zinc,negative
CC(=O)C1=C(O)[C@@H]2[C@H]3c4c[nH]c5cccc(c45)C[C@H]3C(C)(C)N2C1=O,zinc,negative
CCCN(CC1CC1)c1c([N+](=O)[O-])cc(C(F)(F)F)cc1[N+](=O)[O-],zinc,negative
COc1ccc2c3c([nH]c2c1)[C@H](C=C(C)C)N1C(=O)[C@@H]2CCCN2C(=O)[C@@H]1C3,zinc,negative
CN1C2CCCC1CC(NC(=O)c1nn(C)c3ccccc13)C2,zinc,negative
CN1C(=O)[C@@H](NC(=O)c2cc3ccccc3[nH]2)N=C(c2ccccc2)c2ccccc21,zinc,negative
COc1cc(C)c2c(Oc3cccc(C(F)(F)F)c3)c(OC)cc(NC(C)CCCN)c2n1,zinc,negative
CC(C)Nc1nc2cc(Cl)c(Cl)cc2n1[C@H]1O[C@@H](CO)[C@H](O)[C@@H]1O,zinc,negative
O=C(O)CNC(=O)c1ncc(-c2cccc(Cl)c2)cc1O,zinc,negative
O=c1ccc2ncc(=O)n3c2n1C[C@H]3CN1CCC(NCc2cc3c(cn2)OCCC3)CC1,zinc,negative
CN1CC[C@@H](NC(=O)Nc2ccc(C#N)cc2)C[C@@H]1c1nc2ccccc2[nH]1,zinc,negative
COC(=O)Nc1c(N)nc(-c2nn(Cc3ccccc3F)c3ncc(F)cc23)nc1N,zinc,negative
N#Cc1ccnc(N2C(=O)CC[C@H]2C(=O)N(c2cncc(F)c2)[C@H](C(=O)NC2CC(F)(F)C2)c2ccccc2Cl)c1,zinc,negative
O[C@@](Cn1cnnn1)(c1ccc(F)cc1F)C(F)(F)c1ccc(-c2ccc(OCC(F)(F)F)cc2)cn1,zinc,negative
C#CCN1C(=O)CN=C(c2ccccc2)c2cc(Cl)ccc21,zinc,negative
Cc1c(OCC(F)(F)F)ccnc1C[S@@](=O)c1nc2ccccc2[nH]1,zinc,negative
CN1C(=O)CN=C(c2ccccc2F)c2cc(Cl)ccc21,zinc,negative
CC(Oc1ccc(Oc2cnc3cc(Cl)ccc3n2)cc1)C(=O)O,zinc,negative
CCS(=O)(=O)c1nc2ccccn2c1S(=O)(=O)NC(=O)Nc1nc(OC)cc(OC)n1,zinc,negative
CNc1ccc(N(CCO)CCO)cc1[N+](=O)[O-],zinc,negative
CC(C)Nc1cccnc1N1CCN(C(=O)c2cc3cc(NS(C)(=O)=O)ccc3[nH]2)CC1,zinc,negative
Cc1nc2c([nH]1)CCN(C(=O)c1ccc(NC(=O)c3ccccc3-c3ccccc3)cc1)c1ccccc1-2,zinc,negative
CC[C@@H]1CN(C(=O)NCC(F)(F)F)C[C@@H]1c1cnc2cnc3[nH]ccc3n12,zinc,negative
CN1CCN(c2ccc(Nc3ncc4cc5n(c4n3)C3(CCCCC3)CNC5=O)nc2)CC1,zinc,negative
C[C@@H]1[C@H](c2ccccc2)C[C@H](NC(=O)c2cnc3c(c2)C[C@@]2(C3)C(=O)Nc3ncccc32)C(=O)N1CC(F)(F)F,zinc,negative
C[C@@H]1[C@H](c2c(F)ccc(F)c2F)C[C@H](NC(=O)c2cnc3c(c2)C[C@@]2(C3)C(=O)Nc3ncccc32)C(=O)N1CC(F)(F)F,zinc,negative
CC(C)COCC(CN(Cc1ccccc1)c1ccccc1)N1CCCC1,zinc,negative
O=C(OCC(O)CO)c1ccccc1Nc1ccnc2cc(Cl)ccc12,zinc,negative
Clc1ccc(CSC(Cn2ccnc2)c2ccc(Cl)cc2Cl)cc1,zinc,negative
O=[N+]([O-])c1ccc(Cl)cc1,zinc,negative
Clc1c(Cl)c(Cl)c(Cl)c(Cl)c1Cl,zinc,negative
Nc1ccc(Cl)c(Cl)c1,zinc,negative
Nc1ccc(S(=O)(=O)O)cc1,zinc,negative
Brc1c(Br)c(Br)c(Br)c(Br)c1Br,zinc,negative
O=[N+]([O-])c1ccccc1Cl,zinc,negative
O=[N+]([O-])c1cccc([N+](=O)[O-])c1,zinc,negative
Clc1ccc(Sc2cc(Cl)c(Cl)cc2Cl)cc1,zinc,negative
Nc1cc(Cl)cc(Cl)c1,zinc,negative
Nc1cc(Cl)ccc1Cl,zinc,negative
Oc1c(Cl)cccc1Cl,zinc,negative
O=[N+]([O-])c1ccc(F)c([N+](=O)[O-])c1,zinc,negative
Nc1cccc(Cl)c1Cl,zinc,negative
O=[N+]([O-])c1cccc(Cl)c1,zinc,negative
Nc1ccc(S(=O)(=O)[O-])cc1.[Na+],zinc,negative
NCc1ccc(S(N)(=O)=O)cc1,zinc,negative
NNCCc1ccccc1.O=S(=O)(O)O,zinc,negative
CCN(CCCc1ccccc1)CCCc1ccccc1,zinc,negative
c1ccc(C2(N3CCCC3)CCCCC2)cc1,zinc,negative
OB(O)[O][Hg][c]1ccccc1,zinc,negative
BrCCc1ccccc1,zinc,negative
c1ccc(-c2ccccc2-c2ccccc2)cc1,zinc,negative
c1ccc(Cc2ccccc2)cc1,zinc,negative
O=S(=O)(O)c1ccccc1,zinc,negative
Sc1ccc2ccccc2c1,zinc,negative
OC(c1ccccc1)c1ccccc1,zinc,negative
Brc1ccc(-c2ccccc2)cc1,zinc,negative
BrCc1ccccc1,zinc,negative
Cc1c2ccccc2c(C)c2ccccc12,zinc,negative
Brc1cccc(-c2ccccc2)c1,zinc,negative
O=[N+]([O-])c1ccc([As](=O)(O)O)cc1,zinc,negative
O=[N+]([O-])c1cc([N+](=O)[O-])cc([N+](=O)[O-])c1,zinc,negative
c1cc2cccc3c4cccc5cccc(c(c1)c23)c54,zinc,negative
Clc1ccccc1-c1ccccc1,zinc,negative
O=C(CBr)c1ccccc1,zinc,negative
Nc1ccc(C(F)(F)F)cc1,zinc,negative
CC(C)(O)CCc1ccccc1,zinc,negative
CCCC(=O)OC(C)(C)Cc1ccccc1,zinc,negative
CC(C)OC(=O)Cc1ccccc1,zinc,negative
CCCC(=O)OCc1ccccc1,zinc,negative
CCc1ccc(C)c2ccc(C)c-2c1,zinc,negative
C/C=C(\C)C(=O)OCc1ccccc1,zinc,negative
Nc1ccc(Cl)cc1Cl,zinc,negative
Clc1ccc(Cl)c(Cl)c1Cl,zinc,negative
Nc1c(Cl)cc(Cl)cc1Cl,zinc,negative
c1ccc(CSCc2ccccc2)cc1,zinc,negative
NC(=O)NNc1ccccc1,zinc,negative
Cc1ccc(C)c2ccccc12,zinc,negative
CC(C)c1cccc(C(C)C)c1N,zinc,negative
O=C(/C=C/c1ccccc1)/C=C/c1ccccc1,zinc,negative
c1ccc(CCc2ccccc2)cc1,zinc,negative
Cc1ccc2ccccc2c1C,zinc,negative
O=C(CBr)OCc1ccccc1,zinc,negative
CC(C)C(=O)OC/C=C/c1ccccc1,zinc,negative
C#CCN(C)C(C)Cc1ccccc1,zinc,negative
CC(CC(C#N)(c1ccccc1)C(C)C)N(C)C,zinc,negative
NS(=O)(=O)c1ccc(Cl)c(S(N)(=O)=O)c1,zinc,negative
COc1cc(/C=C/c2ccccc2)oc(=O)c1,zinc,negative
CNP(=O)(NC)Oc1ccccc1,zinc,negative
CC(N)Cc1cccc(C(F)(F)F)c1,zinc,negative
C1=Cc2cc3cccc4ccc5ccc1c2c5c43,zinc,negative
Cc1ccc(S(=O)(=O)F)cc1,zinc,negative
Clc1cc(-c2cc(Cl)c(Cl)c(Cl)c2)cc(Cl)c1Cl,zinc,negative
Clc1ccc(Cl)c(-c2cc(Cl)ccc2Cl)c1,zinc,negative
Clc1ccc(Cl)c(-c2ccccc2Cl)c1,zinc,negative
Clc1ccc(Cl)c(-c2cc(Cl)c(Cl)cc2Cl)c1,zinc,negative
Clc1ccc(-c2cc(Cl)c(Cl)cc2Cl)c(Cl)c1,zinc,negative
Clc1cccc(-c2ccccc2)c1,zinc,negative
CC(C)(O)Cc1ccccc1,zinc,negative
[Cl-].[Cl-].[Ti+4].c1cc[cH-]c1.c1cc[cH-]c1,zinc,negative
CC(C)c1cccc(C(C)C)c1,zinc,negative
CCN(CC)C(=O)Cc1ccccc1,zinc,negative
CC(C)Cc1ccc(CC(=O)O)cc1,zinc,negative
CCCCCC(C=O)=Cc1ccccc1,zinc,negative
NCCOB(c1ccccc1)c1ccccc1,zinc,negative
c1ccc2cc3c4ccccc4c4ccccc4c3cc2c1,zinc,negative
ClC(Cl)=C(c1ccc(Cl)cc1)c1ccccc1Cl,zinc,negative
CCCCCCc1ccccc1,zinc,negative
CC(C)c1ccccc1C(C)C,zinc,negative
CN(C)CCC=C1c2ccccc2C(C)(C)c2ccccc21,zinc,negative
O=C1C=CC(=O)C(c2ccccc2)=C1,zinc,negative
CC(C)=CCCC(C)c1ccc(C)cc1,zinc,negative
O=c1c(-c2ccccc2)c1-c1ccccc1,zinc,negative
CC(C)c1ccc2c(c1)CC[C@H]1[C@](C)(CN)CCC[C@]21C,zinc,negative
CC(CC(c1ccccc1)c1ccccc1)NC(C)(C)C,zinc,negative
CSc1ccc(CC(C)N)cc1,zinc,negative
CC(N)=NCc1cccc(CN)c1,zinc,negative
C[C@H](N)Cc1ccccc1.C[C@H](N)Cc1ccccc1.O=S(=O)(O)O,zinc,negative
CC(C)=CCC/C(C)=C/CCC(C)=CCC/C(C)=C/CC1=C(C)C(=O)c2ccccc2C1=O,zinc,negative
CCN[C@@H](C)Cc1cccc(C(F)(F)F)c1.Cl,zinc,negative
CC(N)Cc1ccccc1.CC(N)Cc1ccccc1.O=S(=O)(O)O,zinc,negative
NC(N)=NCc1cccc(I)c1,zinc,negative
Nc1ccc([As](=O)([O-])O)cc1.[Na+],zinc,negative
CN[C@@H](C)Cc1ccccc1.Cl,zinc,negative
CC(C)(N)Cc1ccccc1.Cl,zinc,negative
[C-]#[N+]CS(=O)(=O)c1ccc(C)cc1,zinc,negative
CCCCCCCCCCCCc1ccccc1S(=O)(=O)[O-].[Na+],zinc,negative
CCOP(=S)(OCC)ON=C(C#N)c1ccccc1,zinc,negative
O=P([O-])(O)C(Sc1ccc(Cl)cc1)P(=O)([O-])O.[Na+].[Na+],zinc,negative
[OH-].c1cc[c]([Sn+]([c]2ccccc2)[c]2ccccc2)cc1,zinc,negative
COC(OC)c1ccccc1,zinc,negative
[Cr+2].c1cc[cH-]c1.c1cc[cH-]c1,zinc,negative
[Co+2].c1cc[cH-]c1.c1cc[cH-]c1,zinc,negative
Clc1cccc(Cl)c1-c1c(Cl)cccc1Cl,zinc,negative
c1cc2ccc3ccc4ccc5ccc6ccc1c1c2c3c4c5c61,zinc,negative
c1cc2ccc3cc4cccc5ccc6cc(c1)c2c3c6c54,zinc,negative
c1ccc2c(c1)-c1cccc3cc4ccccc4c-2c13,zinc,negative
c1ccc2c(c1)ccc1c2ccc2c3ccccc3ccc21,zinc,negative
c1ccc2c(c1)c1ccccc1c1ccccc21,zinc,negative
Oc1ccc(I)cc1,zinc,negative
c1cc[c]([Sb]([c]2ccccc2)[c]2ccccc2)cc1,zinc,negative
O=S(Cc1ccccc1)Cc1ccccc1,zinc,negative
Clc1cccc(-c2cccc(Cl)c2)c1,zinc,negative
Clc1ccc(-c2ccccc2)cc1,zinc,negative
Cc1cccc2cc3c(ccc4ccccc43)cc12,zinc,negative
Cc1c2ccccc2cc2ccc3ccccc3c12,zinc,negative
Cc1c2ccccc2cc2c1ccc1ccccc12,zinc,negative
Clc1ccccc1-c1ccccc1Cl,zinc,negative
Clc1ccc(-c2ccccc2Cl)cc1,zinc,negative
Clc1cc(-c2ccc(Cl)c(Cl)c2Cl)cc(Cl)c1Cl,zinc,negative
Clc1ccc(-c2cccc(Cl)c2Cl)c(Cl)c1,zinc,negative
Cc1ccc(CBr)cc1,zinc,negative
Cc1cccc(CBr)c1,zinc,negative
Oc1ccccc1Br,zinc,negative
Oc1ccc(Br)cc1,zinc,negative
Oc1c(Br)cccc1Br,zinc,negative
Cc1ccc(S(=O)(=O)[O-])cc1C.[Na+],zinc,negative
CCC(=O)OC(C)c1ccccc1,zinc,negative
CC(C)CC(O)Cc1ccccc1,zinc,negative
C=CC(C)(CCC=C(C)C)OC(=O)/C=C/c1ccccc1,zinc,negative
CC(C)CCOC(=O)Cc1ccccc1,zinc,negative
COC(=O)CCc1ccccc1,zinc,negative
CC(C)C(=O)OCc1ccccc1,zinc,negative
CC(C)CC(=O)OCc1ccccc1,zinc,negative
CC(C)C(=O)OCCc1ccccc1,zinc,negative
CC(C)C(=O)OCCCc1ccccc1,zinc,negative
O=COCCc1ccccc1,zinc,negative
CC(C)CC(=O)OCCc1ccccc1,zinc,negative
Cc1ccc(C(C)(C)O)cc1,zinc,negative
CCOC(=O)CCc1ccccc1,zinc,negative
CCCCCCCCCCCCCCCc1ccccc1,zinc,negative
CCC(=O)OCc1ccccc1,zinc,negative
CC(=O)OCCCc1ccccc1,zinc,negative
CC(C)COC(=O)Cc1ccccc1,zinc,negative
CC(=O)OC(C)c1ccccc1,zinc,negative
CCCCC(=O)OCCc1ccccc1,zinc,negative
CCCCCCOC(=O)Cc1ccccc1,zinc,negative
CCCCCCCC(=O)OCCc1ccccc1,zinc,negative
C[N+](C)(C)Cc1ccccc1.[OH-],zinc,negative
Cl.N=C(N)c1ccccc1,zinc,negative
C[N+](C)(C)c1ccccc1.[I-],zinc,negative
O=S(=O)([O-])c1ccc2ccccc2c1.[Na+],zinc,negative
Clc1ccc2ccccc2c1,zinc,negative
ClCc1ccc(Cl)cc1,zinc,negative
Cl.NC(N)=NC(N)=NCCc1ccccc1,zinc,negative
Cc1ccc(S)c(S)c1,zinc,negative
c1ccc(CC2CCNCC2)cc1,zinc,negative
N#CC(c1ccccc1)c1ccccc1,zinc,negative
Cc1ccc(S(=O)(=O)O)cc1.O,zinc,negative
O=[N+]([O-])c1cccc(B(O)O)c1,zinc,negative
ClC(c1ccccc1)(c1ccccc1)c1ccccc1,zinc,negative
c1cc[c]([Bi]([c]2ccccc2)[c]2ccccc2)cc1,zinc,negative
O=C(c1ccccc1)C1CCCCC1,zinc,negative
O=P(c1ccccc1)(c1ccccc1)c1ccccc1,zinc,negative
Nc1ccccc1SSc1ccccc1N,zinc,negative
O=P(O)(O)c1ccccc1,zinc,negative
O=S(=O)(NO)c1ccccc1,zinc,negative
N#CCc1cccc(C(F)(F)F)c1,zinc,negative
CCCCCCCCCCCCc1ccccc1,zinc,negative
[Na+].[O-]c1ccccc1-c1ccccc1,zinc,negative
O=C(Cl)c1cccc(C(=O)Cl)c1,zinc,negative
O=C(Cl)c1ccc(C(=O)Cl)cc1,zinc,negative
C1=CCC(c2ccccc2)CC1,zinc,negative
CC(C)CCOC(=O)/C=C/c1ccccc1,zinc,negative
C=CCOC(=O)/C=C/c1ccccc1,zinc,negative
CC(C)COC(=O)/C=C/c1ccccc1,zinc,negative
O=C(/C=C/c1ccccc1)OC/C=C/c1ccccc1,zinc,negative
C/C=C(\C)C(=O)OCCc1ccccc1,zinc,negative
[O-][N+](=Nc1ccccc1)c1ccccc1,zinc,negative
C(#Cc1ccccc1)c1ccccc1,zinc,negative
C=CCN1Cc2ccccc2-c2ccccc2C1,zinc,negative
CC(CC1c2ccccc2CCc2ccccc21)CN(C)C,zinc,negative
c1ccc(N=Nc2ccccc2)cc1,zinc,negative
CCOP(=S)(OCC)O/N=C(\C#N)c1ccccc1,zinc,negative
C[C@@H](C(=O)O)c1ccc(-c2ccccc2)c(F)c1,zinc,negative
C#CCNC(C)Cc1ccccc1,zinc,negative
Cc1ccc(S(=O)(=O)[N-]Cl)cc1.O.O.O.[Na+],zinc,negative
CCCCC/C(C=O)=C\c1ccccc1,zinc,negative
CC(C)c1ccc2cc(C(C)C)ccc2c1,zinc,negative
CCCCC(=O)c1ccccc1,zinc,negative
NS(=O)(=O)c1ccccc1Cl,zinc,negative
OCCNCc1ccccc1,zinc,negative
CC(=O)c1ccc(Br)cc1,zinc,negative
c1ccc(C(CCN2CCCCC2)c2ccccc2)cc1,zinc,negative
CC(C)Cc1ccc(C(C)C(=O)[O-])cc1.[Na+],zinc,negative
O=S(=O)([N-]Cl)c1ccccc1.[Na+],zinc,negative
Brc1ccc(-c2ccc(Br)c(Br)c2)cc1Br,zinc,negative
Clc1ccc(-c2ccc(Cl)cc2Cl)cc1,zinc,negative
Clc1ccc(-c2cc(Cl)c(Cl)cc2Cl)cc1,zinc,negative
Clc1ccc(Cl)c(-c2c(Cl)ccc(Cl)c2Cl)c1,zinc,negative
Clc1ccc(Cl)c(-c2c(Cl)c(Cl)cc(Cl)c2Cl)c1,zinc,negative
Clc1cc(Cl)c(-c2c(Cl)cccc2Cl)c(Cl)c1,zinc,negative
Cc1c(N)cccc1N.Cl.Cl,zinc,negative
Cl[Si](Cl)(Cl)c1ccccc1,zinc,negative
C[Si](Cl)(Cl)c1ccccc1,zinc,negative
FC(F)(F)c1ccc(Cl)c(Cl)c1,zinc,negative
O=[N+]([O-])c1cc([N+](=O)[O-])c(F)cc1F,zinc,negative
Cc1cc(N)ccc1N.Cl.Cl,zinc,negative
ClCC(c1ccc(Cl)cc1)c1ccc(Cl)cc1,zinc,negative
Cc1ccc2c(c1)C=CCC2(C)C,zinc,negative
O=C1CCN(Cc2ccccc2)CC1,zinc,negative
Cc1ccc(S(=O)(=O)Cl)cc1,zinc,negative
Cc1cccc2c1ccc1ccccc12,zinc,negative
CN(Cc1ccccc1)N=O,zinc,negative
O=[N+]([O-])c1ccc(I)c([N+](=O)[O-])c1,zinc,negative
CC(=O)[O][Hg][c]1ccc(N)cc1,zinc,negative
CC(C)c1ccc(C(C)C)cc1,zinc,negative
Brc1ccc(Br)c(Br)c1,zinc,negative
COS(=O)(=O)c1ccc(C)cc1,zinc,negative
O=C(Cl)c1ccc(Cl)cc1,zinc,negative
Brc1ccccc1Br,zinc,negative
O=P(O)(O)C(Sc1ccc(Cl)cc1)P(=O)(O)O,zinc,negative
NC(N)=NCc1cccc([123I])c1,zinc,negative
N#C[Se]Cc1ccc(C[Se]C#N)cc1,zinc,negative
O=C1C=CC[C@H](/C=C/c2ccccc2)O1,zinc,negative
CC(=O)c1c(C)cc(C)cc1C,zinc,negative
Cc1ccc2cccc(C)c2c1,zinc,negative
Cc1cccc2c1ccc1cc(C(C)C)ccc12,zinc,negative
c1ccc(CCNCc2ccccc2)cc1,zinc,negative
Cc1ccc(S(=O)(=O)/C=C/C#N)cc1,zinc,negative
ON(Cc1ccccc1)Cc1ccccc1,zinc,negative
CC(/C=C/C=C(\C)c1cc(C(C)(C)C)cc(C(C)(C)C)c1)=C\C(=O)O,zinc,negative
CC(CC(c1ccccc1)c1ccccc1)NC(C)(C)C.Cl,zinc,negative
CCNC(C)Cc1cccc(C(F)(F)F)c1.Cl,zinc,negative
CCNC(C)Cc1ccccc1,zinc,negative
CC(Cc1ccccc1)NCCC#N,zinc,negative
CCNC1(c2ccccc2)CCCCC1,zinc,negative
O=C([O-])Cc1ccccc1.[Na+],zinc,negative
CC(C)OP(=O)(OC(C)C)SCc1ccccc1,zinc,negative
NC(=O)c1c(F)cccc1F,zinc,negative
[Cl][V][Cl].c1cc[cH-]c1.c1cc[cH-]c1,zinc,negative
Cc1cc2c3ccccc3ccc2c2ccccc12,zinc,negative
O=C(O)CCCCc1ccccc1,zinc,negative
c1ccc2c(c1)ccc1c2ccc2ccc3ccccc3c21,zinc,negative
Brc1ccc(-c2ccc(Br)cc2)cc1,zinc,negative
O=S(=O)(O)Cc1ccccc1,zinc,negative
c1ccc2cc3cc4cc5ccccc5cc4cc3cc2c1,zinc,negative
Nc1cc(C(F)(F)F)cc(C(F)(F)F)c1,zinc,negative
Oc1ccccc1I,zinc,negative
Oc1cccc(Br)c1,zinc,negative
Ic1ccccc1,zinc,negative
[Cl][Sb]([Cl])([c]1ccccc1)([c]1ccccc1)[c]1ccccc1,zinc,negative
c1ccc([As](c2ccccc2)c2ccccc2)cc1,zinc,negative
Clc1ccc(-c2ccc(Cl)cc2)cc1,zinc,negative
Clc1c(Cl)c(Cl)c(-c2ccccc2)c(Cl)c1Cl,zinc,negative
Clc1ccc(-c2ccccc2)cc1Cl,zinc,negative
Clc1cc(Cl)c(-c2ccccc2)cc1Cl,zinc,negative
Clc1cccc(Cl)c1-c1ccccc1,zinc,negative
Clc1cc(-c2ccccc2)c(Cl)c(Cl)c1Cl,zinc,negative
Clc1ccc(Cl)c(-c2ccccc2)c1,zinc,negative
Clc1cc(Cl)cc(-c2ccccc2)c1,zinc,negative
Clc1cc(Cl)c(-c2ccccc2)c(Cl)c1,zinc,negative
Clc1ccc(-c2ccccc2Cl)c(Cl)c1,zinc,negative
Clc1ccc(-c2cc(Cl)c(Cl)c(Cl)c2)c(Cl)c1,zinc,negative
Clc1cc(Cl)c(-c2ccccc2Cl)cc1Cl,zinc,negative
Clc1ccc(-c2cc(Cl)c(Cl)c(Cl)c2)cc1,zinc,negative
Clc1cc(Cl)c(-c2cc(Cl)c(Cl)c(Cl)c2)c(Cl)c1,zinc,negative
Clc1cc(Cl)cc(-c2cc(Cl)c(Cl)c(Cl)c2)c1,zinc,negative
Brc1ccccc1-c1ccccc1Br,zinc,negative
CC(=O)NCCc1ccccc1,zinc,negative
Cc1ccccc1CBr,zinc,negative
Cl[As](Cl)c1ccccc1,zinc,negative
CCCN(CCC)C(=O)SCc1ccccc1,zinc,negative
NC(=O)c1ccccc1C(F)(F)F,zinc,negative
CN(C)S(=O)(=O)Nc1ccccc1,zinc,negative
CCCC[P+](CCCC)(CCCC)Cc1ccc(Cl)cc1Cl.[Cl-],zinc,negative
O=C(Cc1ccccc1)Cc1ccccc1,zinc,negative
CC(=O)OC(C)(C)Cc1ccccc1,zinc,negative
O=C(c1ccc(F)cc1)c1ccc(F)cc1,zinc,negative
CCOP(=S)(OCC)Oc1ccc([N+](=O)[O-])cc1,zinc,negative
Oc1c(Cl)c(Cl)c(Cl)c(Cl)c1Cl,zinc,negative
CCCCOCCOCCOCc1cc2c(cc1CCC)OCO2,zinc,negative
COC(=O)c1ccc(O)cc1,zinc,negative
CC1(C)C(C=C(Cl)Cl)C1C(=O)OCc1cccc(Oc2ccccc2)c1,zinc,negative
CC1(C)[C@H](C(=O)O[C@H](C#N)c2cccc(Oc3ccccc3)c2)[C@@H]1C=C(Br)Br,zinc,negative
Oc1cc(Cl)ccc1Oc1ccc(Cl)cc1Cl,zinc,negative
NCCc1ccc(O)c(O)c1,zinc,negative
C[C@]12CC[C@@H]3c4ccc(O)cc4CC[C@H]3[C@@H]1C[C@@H](O)[C@@H]2O,zinc,negative
N[C@@H](Cc1ccc(O)cc1)C(=O)O,zinc,negative
CCCOC(=O)c1ccc(O)cc1,zinc,negative
CCCCOC(=O)c1ccc(O)cc1,zinc,negative
NC[C@H](O)c1ccc(O)c(O)c1,zinc,negative
COc1cc(/C=C/C(=O)O)ccc1O,zinc,negative
O=c1c(-c2ccc(O)cc2)coc2cc(O)cc(O)c12,zinc,negative
CCOc1ccc2c(c1)C(C)=CC(C)(C)N2,zinc,negative
O=C(/C=C/C=C/c1ccc2c(c1)OCO2)N1CCCCC1,zinc,negative
CC1(C)C(/C=C(\Cl)C(F)(F)F)C1C(=O)OC(C#N)c1cccc(Oc2ccccc2)c1,zinc,negative
CCOP(=S)(OCC)Oc1ccc2c(C)c(Cl)c(=O)oc2c1,zinc,negative
CC(=O)Nc1ccc(O)cc1,zinc,negative
CC(C)C(C(=O)OC(C#N)c1cccc(Oc2ccccc2)c1)c1ccc(Cl)cc1,zinc,negative
CNC(=O)Oc1ccccc1OC(C)C,zinc,negative
Oc1c(Cl)cc(Cl)cc1Cl,zinc,negative
Oc1ccc(Cl)cc1Cl,zinc,negative
CCOP(=O)(OCC)Oc1ccc([N+](=O)[O-])cc1,zinc,negative
CC(=O)CC(c1ccccc1)c1c(O)c2ccccc2oc1=O,zinc,negative
Cc1cc2cc3c(C)cc(=O)oc3c(C)c2o1,zinc,negative
COc1ccc(-c2cc(=O)c3c(OC)c(OC)c(OC)c(OC)c3o2)cc1,zinc,negative
O=c1c(O)c(-c2cc(O)c(O)c(O)c2)oc2cc(O)cc(O)c12,zinc,negative
COc1c2ccoc2cc2oc(=O)ccc12,zinc,negative
COC(=O)c1ccccc1O,zinc,negative
COc1ccc(C(=O)c2ccccc2)c(O)c1,zinc,negative
CCCOC(=O)c1cc(O)c(O)c(O)c1,zinc,negative
C=CCc1ccc2c(c1)OCO2,zinc,negative
CNC[C@H](O)c1ccc(O)c(O)c1,zinc,negative
CCOC(=O)c1ccc(O)cc1,zinc,negative
CC(C)(C)CC(C)(C)c1ccc(OCCOCC[N+](C)(C)Cc2ccccc2)cc1.[Cl-],zinc,negative
COc1ccc2ccc(=O)oc2c1CC=C(C)C,zinc,negative
Cc1c(C)c2c(c(C)c1O)CC[C@@](C)(CCC[C@H](C)CCC[C@H](C)CCCC(C)C)O2,zinc,negative
CCCCCCCCOc1ccc(C(=O)c2ccccc2)c(O)c1,zinc,negative
CCCCCc1cc(O)c2c(c1)OC(C)(C)[C@@H]1CCC(C)=C[C@@H]21,zinc,negative
COc1cc(/C=C/C(=O)CC(=O)/C=C/c2ccc(O)c(OC)c2)ccc1O,zinc,negative
COc1cc(CNC(=O)CCCC/C=C/C(C)C)ccc1O,zinc,negative
O=c1cc(-c2ccc(O)cc2)oc2cc(O)cc(O)c12,zinc,negative
COc1ccc(-c2cc(=O)c3c(O)cc(O)cc3o2)cc1O,zinc,negative
O=C(/C=C/c1ccc(O)c(O)c1)O[C@H](Cc1ccc(O)c(O)c1)C(=O)O,zinc,negative
CC(C)NCC(O)COc1ccc(CC(N)=O)cc1,zinc,negative
COc1ccc(CCN(C)CCCC(C#N)(c2ccc(OC)c(OC)c2)C(C)C)cc1OC,zinc,negative
CCOC(=O)C(C)(C)Oc1ccc(Cl)cc1,zinc,negative
C=C(CC)C(=O)c1ccc(OCC(=O)O)c(Cl)c1Cl,zinc,negative
NC1=NC(=O)C(c2ccccc2)O1,zinc,negative
N=C(N)c1ccc(OCCCCCOc2ccc(C(=N)N)cc2)cc1,zinc,negative
N[C@@H](Cc1cc(I)c(Oc2ccc(O)c(I)c2)c(I)c1)C(=O)O,zinc,negative
CNC[C@H](O)c1cccc(O)c1,zinc,negative
C#C[C@]1(O)CC[C@H]2[C@@H]3CCc4cc(OC)ccc4[C@H]3CC[C@@]21C,zinc,negative
C[C@](N)(Cc1ccc(O)c(O)c1)C(=O)O,zinc,negative
CCOc1ccccc1OCCN[C@H](C)Cc1ccc(OC)c(S(N)(=O)=O)c1,zinc,negative
CC/C(=C(\c1ccccc1)c1ccc(OCCN(C)C)cc1)c1ccccc1,zinc,negative
O=c1oc2ccccc2c(O)c1Cc1c(O)c2ccccc2oc1=O,zinc,negative
CC1(C)C(C=C(Cl)Cl)C1C(=O)OC(C#N)c1cccc(Oc2ccccc2)c1,zinc,negative
COP(=S)(OC)Oc1ccc([N+](=O)[O-])cc1,zinc,negative
COP(=S)(OC)Oc1ccc(Sc2ccc(OP(=S)(OC)OC)cc2)cc1,zinc,negative
COP(=S)(OC)Oc1ccc(S(=O)(=O)N(C)C)cc1,zinc,negative
Cc1cc(Cl)ccc1OC(C)C(=O)O,zinc,negative
Oc1cc(Cl)c(Cl)cc1Cl,zinc,negative
CCOP(=S)(OCC)Oc1ccc(Cl)cc1Cl,zinc,negative
COP(=S)(OC)Oc1cc(Cl)c(Cl)cc1Cl,zinc,negative
CNP(=O)(OC)Oc1ccc(C(C)(C)C)cc1Cl,zinc,negative
N#Cc1cc(Br)c(O)c(Br)c1,zinc,negative
CNC.O=C(O)COc1ccc(Cl)cc1Cl,zinc,negative
CCOP(=S)(Oc1ccc([N+](=O)[O-])cc1)c1ccccc1,zinc,negative
COC(=O)Nc1cccc(OC(=O)Nc2cccc(C)c2)c1,zinc,negative
CCOP(=O)(NC(C)C)Oc1ccc(SC)c(C)c1,zinc,negative
COP(=S)(OC)Oc1ccc([N+](=O)[O-])c(C)c1,zinc,negative
CNC(=O)Oc1cccc(N=CN(C)C)c1.Cl,zinc,negative
CC1(C)C(C(=O)OC(C#N)c2cccc(Oc3ccccc3)c2)C1(C)C,zinc,negative
O=c1oc2ccccc2c(O)c1C1CC(c2ccc(-c3ccc(Br)cc3)cc2)Cc2ccccc21,zinc,negative
CCOC(=O)NCCOc1ccc(Oc2ccccc2)cc1,zinc,negative
CCCCC(=O)O[C@H]1CC[C@H]2[C@@H]3CCc4cc(O)ccc4[C@H]3CC[C@]12C,zinc,negative
O=C1OC2(c3ccc(O)cc3Oc3cc(O)ccc32)c2ccccc21,zinc,negative
O=C(O)c1ccc(O)c(O)c1,zinc,negative
COc1cc(C(O)C(=O)O)ccc1O,zinc,negative
O=C(O)c1cc(O)ccc1O,zinc,negative
O=C(CCc1ccc(O)cc1)c1c(O)cc(O)cc1O,zinc,negative
COc1cc(C(=O)O)ccc1O,zinc,negative
COc1ccc([C@@H]2CC(=O)c3c(O)cc(O)cc3O2)cc1O,zinc,negative
Cc1cc(O)cc2c1O[C@](C)(CCC[C@H](C)CCC[C@H](C)CCCC(C)C)CC2,zinc,negative
O=C1C[C@@H](c2ccc(O)cc2)Oc2cc(O)cc(O)c21,zinc,negative
OC[C@H]1O[C@@H](Oc2ccc(O)cc2)[C@H](O)[C@@H](O)[C@@H]1O,zinc,negative
C[C@H]1CCC[C@H](O)CCCCCc2cc(O)cc(O)c2C(=O)O1,zinc,negative
O=c1cc(-c2ccc(O)c(O)c2)oc2cc(O)cc(O)c12,zinc,negative
O=c1ccc2ccc(O)c(O)c2o1,zinc,negative
O=c1c(O)c(-c2ccc(O)cc2)oc2cc(O)cc(O)c12,zinc,negative
O=c1c(-c2ccc(O)cc2)coc2cc(O)ccc12,zinc,negative
C[C@@H]1O[C@@H](O[C@@H]2[C@@H](O)[C@H](OCCc3ccc(O)c(O)c3)O[C@H](CO)[C@H]2OC(=O)/C=C/c2ccc(O)c(O)c2)[C@H](O)[C@H](O)[C@H]1O,zinc,negative
CC(C)=CCOc1c2ccoc2cc2oc(=O)ccc12,zinc,negative
COc1cc2c(c3oc(=O)c4c(c13)CCC4=O)[C@@H]1C=CO[C@@H]1O2,zinc,negative
CC(C)NCC(O)COc1ccc(COCCOC(C)C)cc1,zinc,negative
Oc1c(Cl)cc(Cl)cc1Sc1cc(Cl)cc(Cl)c1O,zinc,negative
CC(C)OC(=O)C(C)(C)Oc1ccc(C(=O)c2ccc(Cl)cc2)cc1,zinc,negative
Cc1ccc(C)c(OCCCC(C)(C)C(=O)O)c1,zinc,negative
COc1ccccc1OCC(O)COC(N)=O,zinc,negative
COc1cc(-c2ccc(N=C=O)c(OC)c2)ccc1N=C=O,zinc,negative
CC(C)(C)NCC(O)COc1cccc2c1C[C@H](O)[C@H](O)C2,zinc,negative
CN(CCOc1ccc(NS(C)(=O)=O)cc1)CCc1ccc(NS(C)(=O)=O)cc1,zinc,negative
CN1C[C@@H]2c3ccccc3Oc3ccc(Cl)cc3[C@H]2C1,zinc,negative
COc1cc(C)c(/C=C/C(C)=C/C=C/C(C)=C/C(=O)O)c(C)c1C,zinc,negative
CCC(c1ccccc1)c1c(O)c2ccccc2oc1=O,zinc,negative
C=CCc1ccccc1OCC(O)CNC(C)C,zinc,negative
O=c1[nH]c2cc(Cl)ccc2o1,zinc,negative
CNCCC(Oc1ccc(C(F)(F)F)cc1)c1ccccc1,zinc,negative
CC(C)NCC(O)c1ccc(O)c(O)c1,zinc,negative
CC(C)NCC(O)COc1cccc2ccccc12,zinc,negative
CNCC(O)c1ccc(O)cc1,zinc,negative
CN(C)CCC[C@@]1(c2ccc(F)cc2)OCc2cc(C#N)ccc21,zinc,negative
O=[N+]([O-])c1ccc(O)c([N+](=O)[O-])c1,zinc,negative
COc1cc(CCN)cc(OC)c1OC,zinc,negative
COCCc1ccc(OCC(O)CNC(C)C)cc1,zinc,negative
CCOc1ccc(NC(C)=O)cc1,zinc,negative
O=C1OC(c2ccc(O)cc2)(c2ccc(O)cc2)c2ccccc21,zinc,negative
CCCNCC(O)COc1ccccc1C(=O)CCc1ccccc1,zinc,negative
COc1ccc(C(CN(C)C)C2(O)CCCCC2)cc1,zinc,negative
CCOC(=O)/C=C(C)/C=C/C=C(C)/C=C/c1c(C)cc(OC)c(C)c1C,zinc,negative
[Na+].[O-]c1c(Cl)c(Cl)c(Cl)c(Cl)c1Cl,zinc,negative
CNC(=O)Oc1cccc2c1OC(C)(C)O2,zinc,negative
CNC(=O)Oc1cccc2c1OC(C)(C)C2,zinc,negative
CCOP(=S)(OCC)SCn1c(=O)oc2cc(Cl)ccc21,zinc,negative
CCOP(=S)(OCC)Oc1cc(Cl)c(Br)cc1Cl,zinc,negative
COc1ccc(-c2ccccc2)cc1NNC(=O)OC(C)C,zinc,negative
O=C(O)c1cccc(O)c1O,zinc,negative
O=c1cc(-c2ccccc2)oc2cc(O)cc(O)c12,zinc,negative
O=C(OCc1ccccc1)c1ccccc1O,zinc,negative
C[C@H]1CCCC(=O)CCC/C=C/c2cc(O)cc(O)c2C(=O)O1,zinc,negative
COc1cc(/C=C/c2ccc(O)cc2)cc(OC)c1,zinc,negative
CC(C)=CC1C(C(=O)OCc2cccc(Oc3ccccc3)c2)C1(C)C,zinc,negative
CC1(C)C(C=C(Cl)Cl)C1C(=O)OC(C#N)c1ccc(F)c(Oc2ccccc2)c1,zinc,negative
O=C(O)COc1ccc(Cl)cc1Cl,zinc,negative
Cc1cc(=O)oc2cc(O)ccc12,zinc,negative
Cc1c(C)c2c(c(C)c1O)CCC(C)(CCCC(C)CCCC(C)CCCC(C)C)O2,zinc,negative
CNC(C)Cc1ccc2c(c1)OCO2,zinc,negative
COP(=S)(OC)Oc1cc(Cl)c(Br)cc1Cl,zinc,negative
COP(=S)(OC)Oc1cc(Cl)c(I)cc1Cl,zinc,negative
CCCCCCCCOC(=O)c1cc(O)c(O)c(O)c1,zinc,negative
Oc1cc(O)c2c(c1)O[C@H](c1ccc(O)c(O)c1)[C@@H](O)C2,zinc,negative
Oc1cc(O)c2c(c1)O[C@H](c1ccc(O)c(O)c1)[C@H](O)C2,zinc,negative
OC[C@H]1O[C@@H](OCCc2ccc(O)cc2)[C@H](O)[C@@H](O)[C@@H]1O,zinc,negative
COc1cc(CNC(=O)CCCC/C=C\C(C)C)ccc1O,zinc,negative
CC(C)(c1ccc(OCC2CO2)cc1)c1ccc(OCC2CO2)cc1,zinc,negative
O=C([O-])c1ccccc1-c1c2ccc(=O)cc-2oc2cc([O-])ccc12.[Na+].[Na+],zinc,negative
O=C(O)Cc1cc(O)ccc1O,zinc,negative
COc1cc(C(C)=O)ccc1O,zinc,negative
Cc1c(O)cc2c(c1C)OC(C)(CCCC(C)CCCC(C)CCCC(C)C)CC2,zinc,negative
Cc1c(O)cc2c(c1C)O[C@](C)(CCC[C@H](C)CCC[C@H](C)CCCC(C)C)CC2,zinc,negative
O=C([O-])c1ccccc1O.[Na+],zinc,negative
CC(C)(C)NCC(O)c1ccc(O)c(CO)c1,zinc,negative
CN(C)CCCC1(c2ccc(F)cc2)OCc2cc(C#N)ccc21,zinc,negative
CC(C)[N+](C)(CCOC(=O)C1c2ccccc2Oc2ccccc21)C(C)C,zinc,negative
OCc1cc(C(O)CNCCCCCCOCCCCc2ccccc2)ccc1O,zinc,negative
Cc1cccc(N(C)C(=S)Oc2ccc3ccccc3c2)c1,zinc,negative
CN(C)CCOC1=Cc2ccccc2Sc2ccc(Cl)cc21,zinc,negative
O=C(O)Cc1cc(I)c(Oc2ccc(O)c(I)c2)c(I)c1,zinc,negative
CN1CCC[C@@H]1CCO[C@](C)(c1ccccc1)c1ccc(Cl)cc1,zinc,negative
CNCC[C@@H](Oc1ccccc1C)c1ccccc1,zinc,negative
CNCC[C@H](Oc1cccc2ccccc12)c1cccs1,zinc,negative
COc1ccc2cccc(CCNC(C)=O)c2c1,zinc,negative
CCC(=O)NCC[C@@H]1CCc2ccc3c(c21)CCO3,zinc,negative
CCN(CC)CCOc1ccc(/C(=C(/Cl)c2ccccc2)c2ccccc2)cc1,zinc,negative
CC(C)(C)C(O)/C=C/c1ccc2c(c1)OCO2,zinc,negative
COc1ccc(C2CNC(=O)C2)cc1OC1CCCC1,zinc,negative
COc1ccc(C[C@H]2NC[C@H](O)[C@H]2OC(C)=O)cc1,zinc,negative
CC/C(=C(\c1ccc(O)cc1)c1ccc(OCCN(C)C)cc1)c1ccccc1,zinc,negative
CCCCC[C@H](O)CC[C@@H]1[C@H]2Cc3cccc(OCC(=O)O)c3C[C@H]2C[C@H]1O,zinc,negative
CC(N)Cc1ccc2c(c1)OCO2,zinc,negative
CCN(CC)CCOc1ccc(C(=C(Cl)c2ccccc2)c2ccccc2)cc1,zinc,negative
CC1CC(OC(=O)C(O)c2ccccc2)CC(C)(C)C1,zinc,negative
CC(COc1ccccc1)N(CCCl)Cc1ccccc1,zinc,negative
N=C(N)c1ccc(OCCCCCOc2ccc(C(=N)N)cc2)cc1.O=S(=O)(O)CCO.O=S(=O)(O)CCO,zinc,negative
COc1cc(O)c(C(=O)c2ccccc2)cc1S(=O)(=O)O,zinc,negative
COc1cccc([C@@]2(O)CCCC[C@@H]2CN(C)C)c1,zinc,negative
COc1ccc(C(=O)CC(=O)c2ccc(C(C)(C)C)cc2)cc1,zinc,negative
CCOc1ccccc1O[C@H](c1ccccc1)[C@H]1CNCCO1,zinc,negative
COc1ccc2c(c1)[C@]13CCCC[C@@H]1[C@H](C2)N(C)CC3,zinc,negative
CNC(C)C(=O)c1ccc2c(c1)OCO2,zinc,negative
CC(C)(C)NCC(O)c1cc(O)cc(O)c1,zinc,negative
CC1(C)S[C@@H]2[C@H](NC(=O)COc3ccccc3)C(=O)N2[C@H]1C(=O)O,zinc,negative
COc1ccc(C(C)=O)c(O)c1,zinc,negative
Cc1cc(C)cc(OCC2CNC(=O)O2)c1,zinc,negative
CC(CCc1ccc(O)cc1)NCCc1ccc(O)c(O)c1,zinc,negative
Oc1ccc([C@H]2COc3cc(O)ccc3C2)cc1,zinc,negative
CN[C@H]1CCc2cc(OC)c(OC)c(OC)c2-c2ccc(OC)c(=O)cc21,zinc,negative
OCc1ccccc1O[C@@H]1O[C@H](CO)[C@@H](O)[C@H](O)[C@H]1O,zinc,negative
CCN(CC)CCOc1ccc(/C(=C(\Cl)c2ccccc2)c2ccccc2)cc1,zinc,negative
O=c1c(-c2ccc(O)cc2)coc2c([C@@H]3O[C@H](CO)[C@@H](O)[C@H](O)[C@H]3O)c(O)ccc12,zinc,negative
O=c1cc(O)c2ccccc2o1,zinc,negative
O=S(=O)(Oc1ccc(Cl)cc1)c1ccc(Cl)cc1,zinc,negative
Oc1cc(Cl)c(Cl)c(Cl)c1Cl,zinc,negative
O=C(O)COc1cc(Cl)c(Cl)cc1Cl,zinc,negative
COc1c(Cl)ccc(Cl)c1C(=O)O,zinc,negative
C#CCOS(=O)OC1CCCCC1Oc1ccc(C(C)(C)C)cc1,zinc,negative
CCOP(=S)(OCC)Oc1ccc(S(C)=O)cc1,zinc,negative
CNC(=O)Oc1cc(C)c(N(C)C)c(C)c1,zinc,negative
CCCCCCCC(=O)Oc1c(Br)cc(C#N)cc1Br,zinc,negative
COc1c(Cl)c(Cl)c(Cl)c(Cl)c1Cl,zinc,negative
O=[N+]([O-])c1ccc(Oc2ccc(Cl)cc2Cl)cc1,zinc,negative
CNC(=O)Oc1cc(C)c(SC)c(C)c1,zinc,negative
CNC(=O)Oc1cc(C)cc(C(C)C)c1,zinc,negative
CCN(CC)C(=O)C(C)Oc1cccc2ccccc12,zinc,negative
CCOP(=S)(NC(C)C)Oc1ccccc1C(=O)OC(C)C,zinc,negative
CCSCc1ccccc1OC(=O)NC,zinc,negative
CCCSP(=S)(OCC)Oc1ccc(SC)cc1,zinc,negative
CCCSP(=O)(OCC)Oc1ccc(Br)cc1Cl,zinc,negative
COC(=O)C(C)Oc1ccc(Oc2ccc(Cl)cc2Cl)cc1,zinc,negative
COc1nc(C)nc(NC(=O)NS(=O)(=O)c2ccccc2OCCCl)n1,zinc,negative
CCOc1cc(C(C)(C)C)ccc1C1COC(c2c(F)cccc2F)=N1,zinc,negative
COc1cc2ccc(=O)oc2cc1OC,zinc,negative
COc1cc(C(=O)O)cc(OC)c1O,zinc,negative
CCCCCCCCCCCCOC(=O)c1cc(O)c(O)c(O)c1,zinc,negative
COc1cc2ccc(=O)oc2cc1O,zinc,negative
O=c1ccc2cc(O)c(O)cc2o1,zinc,negative
O=c1c(O)c(-c2ccccc2)oc2cc(O)cc(O)c12,zinc,negative
COc1cc2c(c3oc(=O)c4c(c13)CCOC4=O)C1C=COC1O2,zinc,negative
Clc1cc2c(cc1Cl)Oc1cc(Cl)c(Cl)cc1O2,zinc,negative
CC(C)=CC[C@@H](O)C1=CC(=O)c2c(O)ccc(O)c2C1=O,zinc,negative
Oc1c(Br)cc(Br)cc1Br,zinc,negative
COc1ccc(-c2coc3cc(O)cc(O)c3c2=O)cc1,zinc,negative
O=C(O)Cc1ccc(O)c(O)c1,zinc,negative
COc1cc(CC(=O)O)ccc1O,zinc,negative
COc1cc(CCC(=O)CC(=O)CCc2ccc(O)c(OC)c2)ccc1O,zinc,negative
COc1ccc(-c2coc3cc(O)ccc3c2=O)cc1,zinc,negative
C/C=C1/[C@H](O[C@@H]2O[C@H](CO)[C@@H](O)[C@H](O)[C@H]2O)OC=C(C(=O)OC)[C@H]1CC(=O)OCCc1ccc(O)c(O)c1,zinc,negative
O=c1cc(-c2ccccc2)oc2cc(O)c(O)c(O)c12,zinc,negative
C[C@]12CC[C@@H]3c4ccc(OC(=O)c5ccccc5)cc4CC[C@H]3[C@@H]1CC[C@@H]2O,zinc,negative
COc1cc(C[C@H]2C(=O)OC[C@@H]2Cc2ccc(OC)c(OC)c2)ccc1O,zinc,negative
COc1ccc(-c2cc(=O)c3c(OC)c(OC)c(OC)c(OC)c3o2)cc1OC,zinc,negative
CC1(C)[C@H](C(=O)O[C@H](C#N)c2cccc(Oc3ccccc3)c2)[C@@H]1C=C(Cl)Cl,zinc,negative
Cc1cc(Cl)ccc1OCC(=O)O,zinc,negative
CCCCCCCCC(=O)NCc1ccc(O)c(OC)c1,zinc,negative
O=C(CCc1ccc(O)cc1)c1c(O)cc(O)cc1O[C@@H]1O[C@H](CO)[C@@H](O)[C@H](O)[C@H]1O,zinc,negative
COc1ccc(C(=O)O)cc1OC,zinc,negative
Cc1c(C)c2c(c(C)c1OC(=O)CCC(=O)O)CC[C@@](C)(CCC[C@H](C)CCC[C@H](C)CCCC(C)C)O2,zinc,negative
COc1cc(OC)cc(OC)c1,zinc,negative
CC(=O)Oc1c(C)c(C)c2c(c1C)CC[C@@](C)(CCC[C@H](C)CCC[C@H](C)CCCC(C)C)O2,zinc,negative
O=c1c(O)c(-c2ccc(O)c(O)c2)oc2cc(O)ccc12,zinc,negative
COc1cc(-c2oc3cc(O)cc(O)c3c(=O)c2O)ccc1O,zinc,negative
COc1cc(/C=C/C(=O)O[C@H]2CC[C@]34C[C@]35CC[C@]3(C)[C@@H]([C@H](C)CCC=C(C)C)CC[C@@]3(C)[C@@H]5CC[C@H]4C2(C)C)ccc1O,zinc,negative
CC(CCc1ccccc1)NC(C)C(O)c1ccc(O)cc1,zinc,negative
CC(COc1ccccc1)NC(C)C(O)c1ccc(O)cc1.Cl,zinc,negative
CNCCC(Oc1ccc(C(F)(F)F)cc1)c1ccccc1.Cl,zinc,negative
CC(C)NCC(O)COc1cccc2ccccc12.Cl,zinc,negative
COC(=O)CCc1ccc(OCC(O)CNC(C)C)cc1.Cl,zinc,negative
C/C=C/c1cc(OC)c(OC)cc1OC,zinc,negative
CNC(=O)Oc1cccc2c1OC(C)(C)C2O,zinc,negative
CCCCOC(=O)COc1ccc(Cl)cc1Cl,zinc,negative
COc1cccc(C(=O)NN(C(=O)c2cc(C)cc(C)c2)C(C)(C)C)c1C,zinc,negative
COc1cc(OC)c(OC)cc1C=O,zinc,negative
C=CCc1cc(OC)c2c(c1)OCO2,zinc,negative
Cc1coc2c1C(=O)C(=O)c1c-2ccc2c1CCCC2(C)C,zinc,negative
O=[N+]([O-])c1ccc(O)cc1C(F)(F)F,zinc,negative
COc1ccc(NC(=O)[C@@H]2C[C@H](C)CC[C@H]2C(C)C)cc1,zinc,negative
CC(N)(Cc1ccc(O)c(O)c1)C(=O)O,zinc,negative
O=C([O-])c1cc(=O)c2c(OCC(O)COc3cccc4oc(C(=O)[O-])cc(=O)c34)cccc2o1.[Na+].[Na+],zinc,negative
CCN(CC)CCOc1ccc(C(=C(Cl)c2ccccc2)c2ccccc2)cc1.O=C(O)CC(O)(CC(=O)O)C(=O)O,zinc,negative
CCOc1ccc(Cc2cc([C@@H]3O[C@H](CO)[C@@H](O)[C@H](O)[C@H]3O)ccc2Cl)cc1,zinc,negative
N#Cc1ccc(Oc2ccc3c(c2)COB3O)cc1,zinc,negative
CCNCC.O=S(=O)(O)c1cc(O)ccc1O,zinc,negative
CCCCS(=O)(=O)N[C@@H](Cc1ccc(OCCCCC2CCNCC2)cc1)C(=O)O,zinc,negative
COc1ccc(C2C(=O)c3ccccc3C2=O)cc1,zinc,negative
CC(C)NCC(O)COc1ccc(CCOCC2CC2)cc1,zinc,negative
CCCCOc1ccc(CC(=O)NO)cc1,zinc,negative
COc1cc(OC)c(C(=O)CCCN2CCCC2)c(OC)c1,zinc,negative
CC(C)(Oc1ccc(Cl)cc1)C(=O)O,zinc,negative
O=C(O)c1cc(=O)c2c(OCC(O)COc3cccc4oc(C(=O)O)cc(=O)c34)cccc2o1,zinc,negative
O=C(O)c1cc(-c2ccc(F)cc2F)ccc1O,zinc,negative
Cc1cccc(C)c1OCC(C)N,zinc,negative
CS(=O)(=O)Nc1ccc([N+](=O)[O-])cc1Oc1ccccc1,zinc,negative
C=CCOc1ccccc1OCC(O)CNC(C)C,zinc,negative
CC(=O)Nc1ccc(OCC(O)CNC(C)C)cc1,zinc,negative
CCCCOc1ccc(OCCCN2CCOCC2)cc1,zinc,negative
CCC1C(C)=NN=C(c2ccc(OC)c(OC)c2)c2cc(OC)c(OC)cc21,zinc,negative
COc1ccccc1N1CCN(CCCNc2cc(=O)n(C)c(=O)n2C)CC1,zinc,negative
CCOc1ccccc1OCC1CNCCO1,zinc,negative
COc1cc2c(cc1OC)C1CC(=O)C(CC(C)C)CN1CC2,zinc,negative
CN(C)CCOc1ccccc1Cc1ccccc1,zinc,negative
O=C(OCc1ccccc1)c1ccc(O)cc1,zinc,negative
C#C[C@]1(O)CC[C@H]2[C@@H]3CCc4cc(OC5CCCC5)ccc4[C@H]3CC[C@@]21C,zinc,negative
CC(=O)Oc1cccc2c1C(=O)c1c(OC(C)=O)cc(C(=O)O)cc1C2=O,zinc,negative
C=CCOc1ccc(CC(=O)O)cc1Cl,zinc,negative
COc1ccc(-c2ccc3cc(C(=O)O)ccc3c2)cc1C12CC3CC(CC(C3)C1)C2,zinc,negative
CC(C)(Oc1ccc(C(=O)c2ccc(Cl)cc2)cc1)C(=O)O,zinc,negative
OC(CNCC(O)C1CCc2cc(F)ccc2O1)C1CCc2cc(F)ccc2O1,zinc,negative
CCN(C)C(=O)Oc1cccc([C@H](C)N(C)C)c1,zinc,negative
Cc1ccc(O)c([C@H](CCN(C(C)C)C(C)C)c2ccccc2)c1,zinc,negative
CC(C)(Oc1ccc(C2CC2(Cl)Cl)cc1)C(=O)O,zinc,negative
CC(C)(Sc1cc(C(C)(C)C)c(O)c(C(C)(C)C)c1)Sc1cc(C(C)(C)C)c(O)c(C(C)(C)C)c1,zinc,negative
COc1cc2c(cc1OC)[C@@H]1Cc3ccc(OC)c(OC)c3CN1CC2,zinc,negative
CCCCC[C@H](O)CC(=O)CCc1ccc(O)c(OC)c1,zinc,negative
CC(=O)N[C@@H](Cc1ccc(O)cc1)C(=O)O,zinc,negative
C[C@H](N)[C@H](O)c1cccc(O)c1,zinc,negative
COc1ccc2c(c1)[C@@]13CCCC[C@H]1[C@@H](C2)N(C)CC3,zinc,negative
O=S(=O)(Oc1ccc(Cl)cc1Cl)c1ccccc1,zinc,negative
CCC(C)c1ccccc1OC(=O)NC,zinc,negative
CCCCN(CCCC)SN(C)C(=O)Oc1cccc2c1OC(C)(C)C2,zinc,negative
CNC(=O)Oc1ccc(N(C)C)c(C)c1,zinc,negative
COc1cc(Cl)c(OC)cc1Cl,zinc,negative
CCCCOC(=O)N(C)SN(C)C(=O)Oc1cccc2c1OC(C)(C)C2,zinc,negative
[Na+].[O-]c1cc(Cl)c(Cl)cc1Cl,zinc,negative
COc1cccc(OC)c1O,zinc,negative
COc1cc(CCC(C)=O)ccc1O,zinc,negative
O=C(O)c1c(O)cc(O)cc1O,zinc,negative
COc1cc(/C=C/C=O)ccc1O,zinc,negative
Oc1c(Cl)cc(Cl)c(Cl)c1Cl,zinc,negative
CC(C)(c1cc(Br)c(O)c(Br)c1)c1cc(Br)c(O)c(Br)c1,zinc,negative
CC(C)(c1cc(Cl)c(O)c(Cl)c1)c1cc(Cl)c(O)c(Cl)c1,zinc,negative
Brc1ccc(Oc2ccccc2)cc1,zinc,negative
O=C(c1ccc(O)cc1O)c1ccc(O)cc1O,zinc,negative
Oc1cccc(Cl)c1Cl,zinc,negative
Oc1ccc(Cl)c(Cl)c1Cl,zinc,negative
COP(=S)(Oc1cc(Cl)c(Br)cc1Cl)c1ccccc1,zinc,negative
Nc1ccc([N+](=O)[O-])cc1O,zinc,negative
COc1ccc(-c2coc3cc(O)ccc3c2=O)cc1O,zinc,negative
COc1cc2c(c3oc(=O)c4c(c13)CCOC4=O)[C@@H]1C=CO[C@@H]1O2,zinc,negative
CCOP(=S)(CC)Oc1cc(Cl)c(Cl)cc1Cl,zinc,negative
Oc1c(Cl)ccc(Cl)c1Cl,zinc,negative
O=S(=O)(c1ccc(O)cc1)c1ccc(O)cc1,zinc,negative
O=S(=O)(Oc1ccc(Cl)cc1)c1ccccc1,zinc,negative
COC(=O)c1c(C)cc(O)c(C)c1O,zinc,negative
Cc1cc(=O)oc2cc(O)c(O)cc12,zinc,negative
CC(C)(C)NC[C@H](O)COc1cccc2c1CCCC2=O,zinc,negative
COC(=O)CCc1ccc(OCC(O)CNC(C)C)cc1,zinc,negative
NC(=O)C(c1ccccc1)(c1ccccc1)[C@@H]1CCN(CCc2ccc3c(c2)CCO3)C1,zinc,negative
COc1ccc(OC(F)(F)F)cc1CN[C@H]1CCCN[C@H]1c1ccccc1,zinc,negative
CC(C)Oc1ccc2c(=O)c(-c3ccccc3)coc2c1,zinc,negative
C#CCN(C)CCCOc1ccc(Cl)cc1Cl,zinc,negative
CN(C)C(=O)Oc1cccc([N+](C)(C)C)c1,zinc,negative
COc1ccc(OC)c(C(O)C(C)N)c1,zinc,negative
CC(C)(C)NC[C@H](O)COc1ccccc1C1CCCC1,zinc,negative
COc1cc(C(O)CO)ccc1O,zinc,negative
O=C(O)CCc1ccc(O)c(O)c1,zinc,negative
COc1cc2c(=O)c(-c3ccc(O)cc3)coc2cc1O,zinc,negative
O=c1oc2cc(O)ccc2c2ccc(O)cc12,zinc,negative
COc1cc2c(cc1O)CC[C@@H]1[C@@H]2CC[C@]2(C)[C@@H](O)CC[C@@H]12,zinc,negative
CC1CC(OC(=O)c2ccccc2O)CC(C)(C)C1,zinc,negative
N[C@@H](Cc1cc(I)c(O)c(I)c1)C(=O)O,zinc,negative
COc1cc(CNC(=O)CCCCCCC(C)C)ccc1O,zinc,negative
O=C1C[C@@H](c2ccc(O)c(O)c2)Oc2cc(O)cc(O)c21,zinc,negative
CC1(C)C=Cc2c(ccc3c2OC[C@@H](c2ccc(O)cc2O)C3)O1,zinc,negative
COc1cc(C[C@@H](CO)[C@H](CO)Cc2ccc(O)c(OC)c2)ccc1O,zinc,negative
O=C1C[C@@H](c2ccc(O)cc2)Oc2cc(O)ccc21,zinc,negative
O=c1cc(-c2ccc(O)c(-c3c(O)cc(O)c4c(=O)cc(-c5ccc(O)cc5)oc34)c2)oc2cc(O)cc(O)c12,zinc,negative
CC(=O)CC(c1ccccc1)c1c([O-])c2ccccc2oc1=O.[Na+],zinc,negative
CC(C)=CC1C(C(=O)OC(C#N)c2cccc(Oc3ccccc3)c2)C1(C)C,zinc,negative
O=C([O-])COc1ccc(Cl)cc1Cl.[Na+],zinc,negative
O=C1C[C@@H](c2ccccc2)Oc2cc(O)cc(O)c21,zinc,negative
O=c1ccc2cc(O[C@@H]3O[C@H](CO)[C@@H](O)[C@H](O)[C@H]3O)c(O)cc2o1,zinc,negative
Cc1ccc(Cl)c(OCC(O)CNC(C)(C)C)c1,zinc,negative
CC(C)NCC(O)c1cc(O)cc(O)c1,zinc,negative
CC(C)[N+](C)(CCOC(=O)C1c2ccccc2Oc2ccccc21)C(C)C.[Br-],zinc,negative
CCN(CC)C(=O)c1ccc(O)c(OC)c1,zinc,negative
CNCC[C@@H](Oc1ccccc1C)c1ccccc1.Cl,zinc,negative
CNCC[C@H](Oc1cccc2ccccc12)c1cccs1.Cl,zinc,negative
COc1ccc(C(CN(C)C)C2(O)CCCCC2)cc1.Cl,zinc,negative
COc1cccc([C@@]2(O)CCCC[C@@H]2CN(C)C)c1.Cl,zinc,negative
Cl.NCCc1ccc(O)c(O)c1,zinc,negative
CN(C)CC/C=C1/c2ccccc2COc2ccc(CC(=O)O)cc21.Cl,zinc,negative
CNCC(O)c1ccc(O)c(O)c1,zinc,negative
COc1ccc(C(=O)c2ccccc2O)c(O)c1,zinc,negative
COc1cc(CC(C)N)c(OC)cc1C,zinc,negative
CCCCCc1cc(O)c2c(c1)OC(C)(C)c1ccc(C)cc1-2,zinc,negative
Cc1cccc(C(=O)O)c1O,zinc,negative
CCCCC(CC)COC(=O)c1ccccc1O,zinc,negative
CC(=O)Nc1cccc(O)c1,zinc,negative
C[C@H]1CCC[C@@H](O)CCCCCc2cc(O)cc(O)c2C(=O)O1,zinc,negative
CC(Cl)(Cl)C(=O)OCCOc1cc(Cl)c(Cl)cc1Cl,zinc,negative
Oc1cc(Cl)ccc1Cl,zinc,negative
O=C(O)CCCOc1ccc(Cl)cc1Cl,zinc,negative
CC(Oc1ccc(Cl)cc1Cl)C(=O)O,zinc,negative
CN(C)C(=O)Nc1ccc(Oc2ccc(Cl)cc2)cc1,zinc,negative
O=C(O)COc1ccc(Cl)cc1,zinc,negative
O=c1oc2ccccc2c(O)c1C1CCCc2ccccc21,zinc,negative
O=C1CC(c2ccc(O)cc2)Oc2cc(O)cc(O)c21,zinc,negative
COc1cc(O)c2c(c1)C(=O)c1cc(C)cc(O)c1C2=O,zinc,negative
O=C(O)c1ccc(O)cc1O,zinc,negative
N#CC(OC1OC(COC2OC(CO)C(O)C(O)C2O)C(O)C(O)C1O)c1ccccc1,zinc,negative
CCOC(=O)c1ccccc1O,zinc,negative
O=C(/C=C/c1ccc(O)cc1)c1ccc(O)cc1O,zinc,negative
O=c1ccc2ccc(O)cc2o1,zinc,negative
O=c1c(O)c(-c2ccc(O)cc2O)oc2cc(O)cc(O)c12,zinc,negative
CC(C)(O)[C@@H]1Cc2cc3ccc(=O)oc3cc2O1,zinc,negative
N#C[C@H](O[C@@H]1O[C@H](CO[C@@H]2O[C@H](CO)[C@@H](O)[C@H](O)[C@H]2O)[C@@H](O)[C@H](O)[C@H]1O)c1ccccc1,zinc,negative
O=C(c1ccccc1)c1ccc(O)cc1O,zinc,negative
CC(COc1ccc(C(C)(C)C)cc1)OS(=O)OCCCl,zinc,negative
OC[C@H]1O[C@@H](Oc2cc(O)cc(/C=C/c3ccc(O)cc3)c2)[C@H](O)[C@@H](O)[C@@H]1O,zinc,negative
COc1cc(C(=O)O)cc(OC)c1OC,zinc,negative
CCOc1ccc(Cc2cc([C@]34OC[C@](CO)(O3)[C@@H](O)[C@H](O)[C@H]4O)ccc2Cl)cc1,zinc,negative
COc1ccc(C(=O)N2CCCC2=O)cc1,zinc,negative
O=c1cc(-c2ccccc2)oc2ccc3ccccc3c12,zinc,negative
CC(C)(C)CC(C)(C)c1ccc(O)c(Cc2ccc(Cl)cc2Cl)c1,zinc,negative
Clc1ccc(C(OCCN2CCCCC2)c2ccccc2)cc1,zinc,negative
Clc1cc(Cl)c(OCC#CI)cc1Cl,zinc,negative
CC(=O)Oc1cc(C(C)C)c(OCCN(C)C)cc1C,zinc,negative
CCN(CC)CCOc1ccc(C(O)(Cc2ccc(Cl)cc2)c2ccc(C)cc2)cc1,zinc,negative
CCC(=O)C1(c2cccc(O)c2)CCN(C)CC1,zinc,negative
COc1ccc(CN2CCNCC2)c(OC)c1OC,zinc,negative
CCOc1ccccc1OCC1CNCCO1.Cl,zinc,negative
C[C@](N)(Cc1ccc(O)cc1)C(=O)O,zinc,negative
CCCCCCC(C)(C)c1cc(O)c2c(c1)OC(C)(C)[C@@H]1CCC(=O)C[C@@H]21,zinc,negative
OC[C@H]1O[C@@H](c2ccc(Cl)c(Cc3ccc(O[C@H]4CCOC4)cc3)c2)[C@H](O)[C@@H](O)[C@@H]1O,zinc,negative
C[C@]12CC[C@@H]3c4ccc(OC(=O)N(CCCl)CCCl)cc4CC[C@H]3[C@@H]1CC[C@@H]2O,zinc,negative
CC1(COc2ccc(CC3SC(=O)NC3=O)cc2)CCCCC1,zinc,negative
CCN(CC)CC(=O)Oc1ccc(NC(C)=O)cc1,zinc,negative
CCNCC(O)c1cccc(O)c1,zinc,negative
CCN(CCCCOC(=O)c1ccc(OC)c(OC)c1)C(C)Cc1ccc(OC)cc1,zinc,negative
COc1ccc(OC)c(C(O)CNC(=O)CN)c1,zinc,negative
O=C(O)c1ccccc1O.OCCN(CCO)CCO,zinc,negative
COc1ccc2c(c1)N(C[C@H](C)CN(C)C)c1ccccc1S2,zinc,negative
CCc1oc2ccccc2c1C(=O)c1ccc(O)cc1,zinc,negative
OCCOc1ccc(/C(=C(/CCCl)c2ccccc2)c2ccccc2)cc1,zinc,negative
CN(C)CC/C=C1/c2ccccc2COc2ccc(CC(=O)O)cc21,zinc,negative
O=C1OC[C@@H](Cc2cccc(O)c2)[C@@H]1Cc1cccc(O)c1,zinc,negative
CC1(C)S[C@@H]2[C@H](NC(=O)COc3ccccc3)C(=O)N2[C@H]1C(=O)[O-].[K+],zinc,negative
COP(N)(=S)Oc1ccccc1C(=O)OC(C)C,zinc,negative
Cc1cc(O)ccc1[N+](=O)[O-],zinc,negative
CNC(=O)Oc1ccccc1C(C)C,zinc,negative
CCOC(=O)Nc1cccc(OC(=O)Nc2ccccc2)c1,zinc,negative
CC(C)C(C(=O)OC(C#N)c1cccc(Oc2ccccc2)c1)c1ccc(OC(F)F)cc1,zinc,negative
S=c1[nH]c2ccccc2s1,zinc,negative
Nc1ccc(S(N)(=O)=O)cc1,zinc,negative
O=C(N[C@H](CO)[C@H](O)c1ccc([N+](=O)[O-])cc1)C(Cl)Cl,zinc,negative
Cc1cc2nc3c(=O)[nH]c(=O)nc-3n(C[C@H](O)[C@H](O)[C@H](O)CO)c2cc1C,zinc,negative
O=C(CCCN1CC=C(n2c(=O)[nH]c3ccccc32)CC1)c1ccc(F)cc1,zinc,negative
COP(=S)(OC)SCn1nnc2ccccc2c1=O,zinc,negative
CCc1cccc(C)c1N(C(=O)CCl)C(C)COC,zinc,negative
CC(NC(C)(C)C)C(=O)c1cccc(Cl)c1,zinc,negative
Cc1cc2nc3c(=O)[nH]c(=O)nc-3n(C[C@H](O)[C@H](O)[C@H](O)COP(=O)(O)O)c2cc1C,zinc,negative
O=[N+]([O-])c1ccc(Cl)c([N+](=O)[O-])c1,zinc,negative
O=C(O)CNC(=O)c1ccccc1,zinc,negative
COC(=O)[C@H](Cc1ccccc1)NC(=O)[C@@H](N)CC(=O)O,zinc,negative
CCC1(c2ccc(N)cc2)CCC(=O)NC1=O,zinc,negative
O=C(O)Cc1ccccc1Nc1c(Cl)cccc1Cl,zinc,negative
NS(=O)(=O)c1cc2c(cc1Cl)NCNS2(=O)=O,zinc,negative
COC(=O)C1=C(C)NC(C)=C(C(=O)OC)C1c1ccccc1[N+](=O)[O-],zinc,negative
CCn1cc(C(=O)O)c(=O)c2cc(F)c(N3CCNCC3)cc21,zinc,negative
CCCCC1C(=O)N(c2ccccc2)N(c2ccccc2)C1=O,zinc,negative
Cc1cc(NS(=O)(=O)c2ccc(N)cc2)no1,zinc,negative
CC1=C(C(=O)O)N2C(=O)[C@@H](NC(=O)[C@H](N)c3ccccc3)[C@H]2SC1,zinc,negative
CC(=O)NC[C@H]1CN(c2ccc(N3CCOCC3)c(F)c2)C(=O)O1,zinc,negative
N[C@@H](Cc1ccc(N(CCCl)CCCl)cc1)C(=O)O,zinc,negative
CN(C)C(=O)Nc1ccc(Cl)c(Cl)c1,zinc,negative
CCC(=O)Nc1ccc(Cl)c(Cl)c1,zinc,negative
O=[N+]([O-])c1c(Cl)c(Cl)cc(Cl)c1Cl,zinc,negative
CON(C)C(=O)Nc1ccc(Cl)c(Cl)c1,zinc,negative
COP(=S)(OC)SCN1C(=O)c2ccccc2C1=O,zinc,negative
CC1=C(C(=O)Nc2ccccc2)SCCO1,zinc,negative
CC(C)(C)NCC(O)c1cc(Cl)c(N)c(Cl)c1,zinc,negative
NS(=O)(=O)c1cc2c(cc1C(F)(F)F)NC(Cc1ccccc1)NS2(=O)=O,zinc,negative
CCOC(=O)c1ccc(N)cc1,zinc,negative
CC(O)(CS(=O)(=O)c1ccc(F)cc1)C(=O)Nc1ccc(C#N)c(C(F)(F)F)c1,zinc,negative
O=C(O)CCCc1ccc(N(CCCl)CCCl)cc1,zinc,negative
NS(=O)(=O)c1cc2c(cc1Cl)NC=NS2(=O)=O,zinc,negative
CCCNC(=O)NS(=O)(=O)c1ccc(Cl)cc1,zinc,negative
O=C1CN=C(c2ccccc2Cl)c2cc([N+](=O)[O-])ccc2N1,zinc,negative
Nc1ccc(S(=O)(=O)c2ccc(N)cc2)cc1,zinc,negative
CCN1C(=O)NC(c2ccccc2)C1=O,zinc,negative
COc1ccc(CC(C)NCC(O)c2ccc(O)c(NC=O)c2)cc1,zinc,negative
NS(=O)(=O)c1cc2c(cc1C(F)(F)F)NCNS2(=O)=O,zinc,negative
Cc1cccc(Nc2ccccc2C(=O)O)c1C,zinc,negative
CCCCC1C(=O)N(c2ccccc2)N(c2ccc(O)cc2)C1=O,zinc,negative
CNNCc1ccc(C(=O)NC(C)C)cc1,zinc,negative
O=C1C(CCS(=O)c2ccccc2)C(=O)N(c2ccccc2)N1c1ccccc1,zinc,negative
O=C1CCC(N2C(=O)c3ccccc3C2=O)C(=O)N1,zinc,negative
Cc1ccc(N(CC2=NCCN2)c2cccc(O)c2)cc1,zinc,negative
CCC1NC(=O)c2cc(S(N)(=O)=O)c(Cl)cc2N1,zinc,negative
CCC(=O)N(c1ccccc1)C1(COC)CCN(CCc2cccs2)CC1,zinc,negative
CCC(=O)N(c1ccccc1)C1(C(=O)OC)CCN(CCC(=O)OC)CC1,zinc,negative
O=C1[C@H](CC[C@H](O)c2ccc(F)cc2)[C@@H](c2ccc(O)cc2)N1c1ccc(F)cc1,zinc,negative
Cc1ccccc1C(=O)Nc1ccc(C(=O)N2CCCC(O)c3cc(Cl)ccc32)c(C)c1,zinc,negative
NCCCC[C@H](N[C@@H](CCc1ccccc1)C(=O)O)C(=O)N1CCC[C@H]1C(=O)O,zinc,negative
O=C(NC[C@H]1CN(c2ccc(N3CCOCC3=O)cc2)C(=O)O1)c1ccc(Cl)s1,zinc,negative
CN(Cc1cc(Br)cc(Br)c1N)C1CCCCC1,zinc,negative
COC(=O)C1=C(C)NC(C)=C(C(=O)OCCN(C)Cc2ccccc2)C1c1cccc([N+](=O)[O-])c1,zinc,negative
COCCOC(=O)C1=C(C)NC(C)=C(C(=O)OC(C)C)C1c1cccc([N+](=O)[O-])c1,zinc,negative
CC(=O)NS(=O)(=O)c1ccc(N)cc1,zinc,negative
CC#C[C@]1(O)CC[C@H]2[C@@H]3CCC4=CC(=O)CCC4=C3[C@@H](c3ccc(N(C)C)cc3)C[C@@]21C,zinc,negative
O=C1Nc2ccc(Cl)cc2[C@@](C#CC2CC2)(C(F)(F)F)O1,zinc,negative
CC(=O)Nc1c(I)c(NC(C)=O)c(I)c(C(=O)O)c1I,zinc,negative
Nc1ccc(C(=O)NCC(=O)O)cc1,zinc,negative
CN1C(CCl)Nc2cc(Cl)c(S(N)(=O)=O)cc2S1(=O)=O,zinc,negative
CCN(CC)CCOC(=O)c1ccc(N)cc1,zinc,negative
Cc1nnc(NS(=O)(=O)c2ccc(N)cc2)s1,zinc,negative
Nc1cccc2c1C(=O)N(C1CCC(=O)NC1=O)C2=O,zinc,negative
CCC(CC)Nc1c([N+](=O)[O-])cc(C)c(C)c1[N+](=O)[O-],zinc,negative
CC1(C(=O)Nc2ccc(O)c(Cl)c2Cl)CCCCC1,zinc,negative
CC(C)NC(=O)N1CC(=O)N(c2cc(Cl)cc(Cl)c2)C1=O,zinc,negative
COCC(=O)N(c1c(C)cccc1C)C(C)C(=O)OC,zinc,negative
COC(=O)c1ccccc1N,zinc,negative
CCc1ccc(C(=O)NN(C(=O)c2cc(C)cc(C)c2)C(C)(C)C)cc1,zinc,negative
Nc1nc2c(c(=O)[nH]1)N(C=O)C(CNc1ccc(C(=O)N[C@@H](CCC(=O)O)C(=O)O)cc1)CN2,zinc,negative
CC(=O)O.CC(=O)O.NC(=NCCCCCCN=C(N)/N=C(\N)Nc1ccc(Cl)cc1)/N=C(\N)Nc1ccc(Cl)cc1,zinc,negative
Nc1nc2c(c(=O)[nH]1)NC(CNc1ccc(C(=O)N[C@@H](CCC(=O)O)C(=O)O)cc1)CN2,zinc,negative
Cn1c(=O)cc(N2CCC[C@@H](N)C2)n(Cc2ccccc2C#N)c1=O,zinc,negative
CC1=NS(=O)(=O)c2cc(Cl)ccc2N1,zinc,negative
O=C(O)c1ccccc1Nc1cccc(C(F)(F)F)c1,zinc,negative
CC(C)C(=O)Nc1ccc([N+](=O)[O-])c(C(F)(F)F)c1,zinc,negative
CC1Cc2ccccc2N1NC(=O)c1ccc(Cl)c(S(N)(=O)=O)c1,zinc,negative
CC(C(=O)O)c1ccc(N2Cc3ccccc3C2=O)cc1,zinc,negative
Cc1ccccc1N1C(=O)c2cc(S(N)(=O)=O)c(Cl)cc2NC1C,zinc,negative
O=C(NCCN1CCOCC1)c1ccc(Cl)cc1,zinc,negative
COC(=O)C1=C(C)NC(C)=C(C(=O)OCC(C)C)C1c1ccccc1[N+](=O)[O-],zinc,negative
CCOC(=O)C1=C(C)NC(C)=C(C(=O)OC)C1c1cccc([N+](=O)[O-])c1,zinc,negative
O=C(CCCN1CCC(n2c(=O)[nH]c3ccccc32)CC1)c1ccc(F)cc1,zinc,negative
CCCCC(CC)COC(=O)c1ccc(N(C)C)cc1,zinc,negative
NC(=O)N1c2ccccc2CC(=O)c2ccccc21,zinc,negative
N[C@@H](C(=O)N[C@@H]1C(=O)N2C(C(=O)O)=C(Cl)CS[C@H]12)c1ccccc1,zinc,negative
COc1ccccc1OCC(O)CN1CCN(CC(=O)Nc2c(C)cccc2C)CC1,zinc,negative
CC(C)CN(C[C@@H](O)[C@H](Cc1ccccc1)NC(=O)O[C@H]1CCOC1)S(=O)(=O)c1ccc(N)cc1,zinc,negative
CC1CNc2c(cccc2S(=O)(=O)N[C@@H](CCCN=C(N)N)C(=O)N2CC[C@@H](C)C[C@@H]2C(=O)O)C1,zinc,negative
CC(C)C1CCC(C(=O)N[C@H](Cc2ccccc2)C(=O)O)CC1,zinc,negative
C[C@H](N[C@@H](CCc1ccccc1)C(=O)O)C(=O)N1CCC[C@H]1C(=O)O,zinc,negative
CC(c1cc2ccccc2s1)N(O)C(N)=O,zinc,negative
CC(C)C[C@H](NC(=O)[C@@H](O)[C@H](N)Cc1ccccc1)C(=O)O,zinc,negative
NS(=O)(=O)c1cc2c(cc1Cl)NC(CSCc1ccccc1)=NS2(=O)=O,zinc,negative
CCCCOC(=O)c1ccc(N)cc1,zinc,negative
CN1C(=O)CCS(=O)(=O)C1c1ccc(Cl)cc1,zinc,negative
CCC(Cc1c(I)cc(I)c(N)c1I)C(=O)O,zinc,negative
CNC1(c2ccccc2Cl)CCCCC1=O,zinc,negative
Cc1oncc1C(=O)Nc1ccc(C(F)(F)F)cc1,zinc,negative
CCC1(c2ccccc2)NC(=O)N(C)C1=O,zinc,negative
COC(=O)C(c1ccccc1)C1CCCCN1,zinc,negative
CC(C)NCC1CCc2cc(CO)c([N+](=O)[O-])cc2N1,zinc,negative
CN1C(CSCC(F)(F)F)Nc2cc(Cl)c(S(N)(=O)=O)cc2S1(=O)=O,zinc,negative
CCN(CC)CCNC(=O)c1ccc(N)cc1,zinc,negative
CCCN(CCC)CCc1cccc2c1CC(=O)N2,zinc,negative
CCn1ccc(NS(=O)(=O)c2ccc(N)cc2)nc1=O,zinc,negative
NS(=O)(=O)c1cc2c(cc1Cl)NC(C(Cl)Cl)NS2(=O)=O,zinc,negative
Cc1ccccc1-n1c(C)nc2ccccc2c1=O,zinc,negative
O=C(Nc1ccc(Cl)cc1)Nc1ccc(Cl)c(Cl)c1,zinc,negative
CCCCNc1ccc(C(=O)OCCOCCOCCOCCOCCOCCOCCOCCOCCOC)cc1,zinc,negative
CCOC(=O)C1(c2ccccc2)CCN(CCc2ccc(N)cc2)CC1,zinc,negative
CC(=O)N(CC(C)C(=O)O)c1c(I)cc(I)c(N)c1I,zinc,negative
CCC(=O)N(c1ccccc1)C1(COC)CCN(CCn2nnn(CC)c2=O)CC1,zinc,negative
Nc1cccc2c1CN(C1CCC(=O)NC1=O)C2=O,zinc,negative
CCOC(=O)[C@H](CCc1ccccc1)N[C@H]1CCc2ccccc2N(CC(=O)O)C1=O,zinc,negative
O=C(O)c1cc(=O)c2ccccc2[nH]1,zinc,negative
O=C1Nc2ccc(Cl)cc2C(c2ccccc2Cl)=NC1O,zinc,negative
CCOC(=O)NC(=S)Nc1ccccc1NC(=S)NC(=O)OCC,zinc,negative
Cc1cc(C(F)(C(F)(F)F)C(F)(F)F)ccc1NC(=O)c1cccc(I)c1C(=O)NC(C)(C)CS(C)(=O)=O,zinc,negative
CCOCN(C(=O)CCl)c1c(C)cccc1CC,zinc,negative
CCc1cccc(CC)c1N(COC)C(=O)CCl,zinc,negative
CC(C)N1C(=O)c2ccccc2NS1(=O)=O,zinc,negative
Nc1c(Cl)cc([N+](=O)[O-])cc1Cl,zinc,negative
O=C(Nc1cccc(Cl)c1)OCC#CCCl,zinc,negative
O=C1c2ccccc2C(=O)N1SC(Cl)(Cl)Cl,zinc,negative
CCOP(=S)(OCC)SCn1nnc2ccccc2c1=O,zinc,negative
CCCN(CCC)c1c([N+](=O)[O-])cc(S(C)(=O)=O)cc1[N+](=O)[O-],zinc,negative
CCCN(CCC)c1c([N+](=O)[O-])cc(S(N)(=O)=O)cc1[N+](=O)[O-],zinc,negative
CCCCOCN(C(=O)CCl)c1c(CC)cccc1CC,zinc,negative
CCN(CC)c1c([N+](=O)[O-])cc(C(F)(F)F)c(N)c1[N+](=O)[O-],zinc,negative
C=CC1(C)OC(=O)N(c2cc(Cl)cc(Cl)c2)C1=O,zinc,negative
CCc1nn(C)c(C(=O)NCc2ccc(C(C)(C)C)cc2)c1Cl,zinc,negative
CC(C)N(C(=O)COc1nnc(C(F)(F)F)s1)c1ccc(F)cc1,zinc,negative
COCC(C)N(C(=O)CCl)c1c(C)csc1C,zinc,negative
CCC(C)(NC(=O)c1cc(Cl)c(C)c(Cl)c1)C(=O)CCl,zinc,negative
O=c1[nH]c(=O)c2ccccc2[nH]1,zinc,negative
CNc1ccccc1C(=O)OC,zinc,negative
CCC(=O)N(c1ccccc1)C1(C(=O)OC)CCN(CCc2ccccc2)CC1,zinc,negative
CCCC(=O)Nc1ccc(OCC(O)CNC(C)C)c(C(C)=O)c1.Cl,zinc,negative
O=C([O-])Cc1ccccc1Nc1c(Cl)cccc1Cl.[Na+],zinc,negative
O=C(NC(=O)c1c(F)cccc1F)Nc1ccc(Cl)cc1,zinc,negative
CC1=C(C(=O)Nc2ccccc2)S(=O)(=O)CCO1,zinc,negative
COCC(=O)Nc1cc(Sc2ccccc2)ccc1N=C(NC(=O)OC)NC(=O)OC,zinc,negative
CN1C(=O)C(O)N=C(c2ccccc2Cl)c2cc(Cl)ccc21,zinc,negative
CC(=O)Nc1cccc(-n2c(=O)n(C3CC3)c(=O)c3c(Nc4ccc(I)cc4F)n(C)c(=O)c(C)c32)c1,zinc,negative
CC(=O)Nc1ccc(CC(=O)O)cc1,zinc,negative
Cc1ccc(Cl)c(Nc2ccccc2C(=O)[O-])c1Cl.[Na+],zinc,negative
O=C(NC(Cc1cc(=O)[nH]c2ccccc12)C(=O)O)c1ccc(Cl)cc1,zinc,negative
O=C(CCCN1CCC2(CC1)C(=O)NCN2c1ccccc1)c1ccc(F)cc1,zinc,negative
O=C1CCCC(=O)C1C(=O)c1ccc(C(F)(F)F)cc1[N+](=O)[O-],zinc,negative
COc1ccc(/C=C/C(=O)Nc2ccccc2C(=O)O)cc1OC,zinc,negative
C[C@]12C=CC(=O)N[C@@H]1CC[C@@H]1[C@@H]2CC[C@]2(C)[C@@H](C(=O)Nc3cc(C(F)(F)F)ccc3C(F)(F)F)CC[C@@H]12,zinc,negative
CCCC(=O)Nc1ccc(OCC(O)CNC(C)C)c(C(C)=O)c1,zinc,negative
CCc1cc2c(s1)N(C)C(=O)CN=C2c1ccccc1Cl,zinc,negative
O=C1CN2CCOC2(c2ccccc2Cl)c2cc(Cl)ccc2N1,zinc,negative
NS(=O)(=O)c1cc2c(cc1Cl)NC(C1CC3C=CC1C3)NS2(=O)=O,zinc,negative
Cc1ccc(Cl)c(Nc2ccccc2C(=O)O)c1Cl,zinc,negative
CC1(C)NC(=O)N(c2ccc([N+](=O)[O-])c(C(F)(F)F)c2)C1=O,zinc,negative
COC(=O)C1=C(C#N)NC(C)=C(C(=O)OC(C)C)C1c1cccc([N+](=O)[O-])c1,zinc,negative
N#Cc1ccc2c(c1)N(CCCN1CCC(O)CC1)c1ccccc1S2,zinc,negative
CCCN(CCC)C(=O)C(CCC(=O)O)NC(=O)c1ccccc1,zinc,negative
CC(C)NCC(O)c1ccc(NS(C)(=O)=O)cc1,zinc,negative
CCCCC1(COC(=O)CCC(=O)O)C(=O)N(c2ccccc2)N(c2ccccc2)C1=O,zinc,negative
CCCCNc1ccc(C(=O)OCCN(C)C)cc1,zinc,negative
O=c1[nH]c2ccccc2c(=O)o1,zinc,negative
O=C(Nc1ccc(Cl)c(Cl)c1)c1cc(Cl)cc(Cl)c1O,zinc,negative
O=C(OCCOCCO)c1ccccc1Nc1cccc(C(F)(F)F)c1,zinc,negative
CCOC(=O)[C@H](CCc1ccccc1)N[C@@H](C)C(=O)N1Cc2ccccc2C[C@H]1C(=O)O,zinc,negative
CCCCCCCN(CC)CCCC(O)c1ccc(NS(C)(=O)=O)cc1,zinc,negative
CCC(=O)N(c1ccccc1)C1(COC)CCN(CCn2nnn(CC)c2=O)CC1.Cl,zinc,negative
COC(=O)C1=C(C)NC(C)=C(C(=O)OC(C)(C)CN(C)CCC(c2ccccc2)c2ccccc2)C1c1cccc([N+](=O)[O-])c1,zinc,negative
O=C(O)COC(=O)Cc1ccccc1Nc1c(Cl)cccc1Cl,zinc,negative
CC(C)(O)C(=O)Nc1ccc([N+](=O)[O-])c(C(F)(F)F)c1,zinc,negative
CN[C@]1(c2ccccc2Cl)CCCCC1=O,zinc,negative
Cc1c(Cl)cccc1Nc1ccccc1C(=O)O,zinc,negative
O=C1CN2Cc3c(ccc(Cl)c3Cl)N=C2N1,zinc,negative
O=C(O)C1N=C(c2ccccc2)c2cc(Cl)ccc2NC1=O,zinc,negative
COC(=O)NS(=O)(=O)c1ccc(N)cc1,zinc,negative
CC12CC1(C)C(=O)N(c1cc(Cl)cc(Cl)c1)C2=O,zinc,negative
CC(C)Oc1cccc(NC(=O)c2ccccc2C(F)(F)F)c1,zinc,negative
COCC(=O)N(c1c(C)cccc1C)[C@H](C)C(=O)OC,zinc,negative
C#CC(C)(C)NC(=O)c1cc(Cl)cc(Cl)c1,zinc,negative
CCC(C)Nc1c([N+](=O)[O-])cc(C(C)(C)C)cc1[N+](=O)[O-],zinc,negative
O=[N+]([O-])c1ccc(Cl)c(Cl)c1,zinc,negative
Nc1ccc([N+](=O)[O-])cc1Cl,zinc,negative
COC(=O)Nc1ccc(Cl)c(Cl)c1,zinc,negative
Nc1ccc(N)c([N+](=O)[O-])c1,zinc,negative
Nc1ccc([N+](=O)[O-])cc1N,zinc,negative
CON(C)C(=O)Nc1ccc(Br)cc1,zinc,negative
Nc1ccc(Sc2ccc(N)cc2)cc1,zinc,negative
COc1ccc(C[C@@H](C)NC[C@H](O)c2ccc(O)c(NC=O)c2)cc1,zinc,negative
CC(/C=C/C(=O)NO)=C\[C@@H](C)C(=O)c1ccc(N(C)C)cc1,zinc,negative
O=C1CCc2cccc3c2N1CC3,zinc,negative
CC(=O)Nc1ccc(S(N)(=O)=O)cc1,zinc,negative
CC[N+](CC)(CC(=O)Nc1c(C)cccc1C)Cc1ccccc1.O=C([O-])c1ccccc1,zinc,negative
C#CC(C)OC(=O)Nc1cccc(Cl)c1,zinc,negative
Cc1cccc(C)c1NC1=NCCCS1,zinc,negative
N#CC(c1ccc(Cl)cc1)c1c(Cl)cc(-n2ncc(=O)[nH]c2=O)cc1Cl,zinc,negative
O=C(O)c1ccccc1Nc1ccccc1,zinc,negative
CCN(CC)CCOC(=O)c1ccc(N)cc1.Cl,zinc,negative
CCOC(=O)[C@H](CCc1ccccc1)N[C@@H](C)C(=O)N1Cc2ccccc2C[C@H]1C(=O)O.Cl,zinc,negative
CC(NC(C)(C)C)C(=O)c1cccc(Cl)c1.Cl,zinc,negative
CCN(CC)CCNC(=O)c1ccc(N)cc1.Cl,zinc,negative
CCOC(=O)[C@H](CCc1ccccc1)N[C@H]1CCc2ccccc2N(CC(=O)O)C1=O.Cl,zinc,negative
CC(C)(C)NCC(O)c1cc(Cl)c(N)c(Cl)c1.Cl,zinc,negative
CCC1=C(C)CN(C(=O)NCCc2ccc(S(=O)(=O)NC(=O)NC3CCC(C)CC3)cc2)C1=O,zinc,negative
COC(=O)C1=C(C)NC(C)=C(C(=O)OCCN(C)Cc2ccccc2)C1c1cccc([N+](=O)[O-])c1.Cl,zinc,negative
Cc1c(C(N)=O)cc([N+](=O)[O-])cc1[N+](=O)[O-],zinc,negative
CCCCNC(=O)NS(=O)(=O)c1ccc(N)cc1,zinc,negative
O=C(O)Cc1cc(O)ccc1Nc1c(Cl)cccc1Cl,zinc,negative
CON(C)C(=O)Nc1ccc(Cl)cc1,zinc,negative
O=C(NC(=O)c1c(F)cccc1F)Nc1cc(Cl)c(F)c(Cl)c1F,zinc,negative
CC(C)OC(=O)Nc1cccc(Cl)c1,zinc,negative
O=C(O)c1ccccc1C(=O)Nc1cccc2ccccc12,zinc,negative
CON(C)C(=O)Nc1ccc(Br)c(Cl)c1,zinc,negative
CC(C)(C)N(NC(=O)c1ccc(Cl)cc1)C(=O)c1ccccc1,zinc,negative
O=C(NC(CO)C(O)c1ccc([N+](=O)[O-])cc1)C(Cl)Cl,zinc,negative
O=C(/C=C/c1cccc(S(=O)(=O)Nc2ccccc2)c1)NO,zinc,negative
O=C(NOC[C@H](O)CO)c1ccc(F)c(F)c1Nc1ccc(I)cc1F,zinc,negative
O=C(Nc1ccc(C[C@@H]2CC[C@H]([C@H](O)c3ccccc3)N2)cc1)[C@@H]1CCc2nccc(=O)n21,zinc,negative
C[C@H](Nc1ccc(C#N)n(C)c1=O)c1cc2cc(Cl)ccc2[nH]c1=O,zinc,negative
Nc1cc(Cl)c(NC2=NCCN2)c(Cl)c1,zinc,negative
NS(=O)(=O)c1cc2c(cc1Cl)NC(CC1CCCC1)NS2(=O)=O,zinc,negative
O=c1c2ccccc2[se]n1-c1ccccc1,zinc,negative
O=C1NCN(c2ccccc2)C12CCN(CCCC(c1ccc(F)cc1)c1ccc(F)cc1)CC2,zinc,negative
CCN(CC)CCNC(=O)c1ccc(NC(C)=O)cc1,zinc,negative
Cc1cccc(N2CC(CO)OC2=O)c1,zinc,negative
O=C(O)Cn1c2ccccc2c(=O)c2ccccc21,zinc,negative
CCC(=O)N(c1ccccc1)C1(COC)CCN(CCc2cccs2)CC1.O=C(O)CC(O)(CC(=O)O)C(=O)O,zinc,negative
Cc1cccc(C)c1NC(=O)CN1CCCC1=O,zinc,negative
NC(=O)Cc1cccc(C(=O)c2ccccc2)c1N,zinc,negative
Cc1ccc(Nc2c(F)cccc2Cl)c(CC(=O)O)c1,zinc,negative
O=C1NC(c2cccc([N+](=O)[O-])c2)=CCN1c1ccccc1O,zinc,negative
CC(=O)O[C@H]1Cc2ccccc2N(C(N)=O)c2ccccc21,zinc,negative
COCCOC(=O)C1=C(C)NC(C)=C(C(=O)OC/C=C/c2ccccc2)C1c1cccc([N+](=O)[O-])c1,zinc,negative
CC1=C(/C=C/C(C)=C/C=C/C(C)=C/C(=O)Nc2ccc(O)cc2)C(C)(C)CCC1,zinc,negative
CNC(=O)c1ccc(N2C(=S)N(c3ccc(C#N)c(C(F)(F)F)c3)C(=O)C2(C)C)cc1F,zinc,negative
C/C(O)=C(\C#N)C(=O)Nc1ccc(C(F)(F)F)cc1,zinc,negative
O=C1CN=C(c2ccccc2)c2c(sc3c2CCCC3)N1,zinc,negative
CN(C)C=Nc1c(I)cc(I)c(CCC(=O)O)c1I,zinc,negative
CC[N+](CC)(CCNC(=O)C(=O)NCC[N+](CC)(CC)Cc1ccccc1Cl)Cc1ccccc1Cl.[Cl-].[Cl-],zinc,negative
COC(=O)[C@H](c1ccccc1)[C@H]1CCCCN1.Cl,zinc,negative
O=C1NC(c2ccccc2)(c2ccccc2)C(=O)N1COP(=O)(O)O,zinc,negative
CCOC(=O)C1N=C(c2ccccc2F)c2cc(Cl)ccc2NC1=O,zinc,negative
CN(CCCN1c2ccccc2CCc2ccccc21)CC(=O)c1ccc(Cl)cc1,zinc,negative
CCC(=O)c1ccc2c(c1)N(CC(C)N(C)C)c1ccccc1S2,zinc,negative
COc1ccc(C(=O)Nc2ccccc2CCC2CCCCN2C)cc1,zinc,negative
CC(=O)Nc1c(I)c(NC(C)=O)c(I)c(C(=O)[O-])c1I.[Na+],zinc,negative
O=C(NC(=O)c1ccccc1Cl)Nc1ccc(OC(F)(F)F)cc1,zinc,negative
COc1ccccc1[N+](=O)[O-],zinc,negative
O=[N+]([O-])c1cc([N+](=O)[O-])c(Cl)c([N+](=O)[O-])c1,zinc,negative
Nc1ccc(N)c2c1C(=O)c1c(N)ccc(N)c1C2=O,zinc,negative
COC[C@H](C)N(C(=O)CCl)c1c(C)csc1C,zinc,negative
C=CC(C)(CCC=C(C)C)OC(=O)c1ccccc1N,zinc,negative
Nc1ccc(Cl)cc1[N+](=O)[O-],zinc,negative
Nc1cc([N+](=O)[O-])ccc1O,zinc,negative
Nc1cc([N+](=O)[O-])cc([N+](=O)[O-])c1O,zinc,negative
CCCCCCCCCCCCCCCC(=O)OC[C@@H](NC(=O)C(Cl)Cl)[C@H](O)c1ccc([N+](=O)[O-])cc1,zinc,negative
CC(=O)Nc1ccc(N=Nc2cc(C)ccc2O)cc1,zinc,negative
Nc1ccccc1C(=O)OC/C=C/c1ccccc1,zinc,negative
CN(C)c1ccc(C(=O)c2ccc(N(C)C)cc2)cc1,zinc,negative
CCOC(=O)Nc1ccc2c(c1)N(C(=O)CCN1CCOCC1)c1ccccc1S2,zinc,negative
CC[N+](CC)(CCNC(=O)C(=O)NCC[N+](CC)(CC)Cc1ccccc1Cl)Cc1ccccc1Cl,zinc,negative
CCCCN(CCCC)CCCOC(=O)c1ccc(N)cc1,zinc,negative
CC(C)(C)NCC(O)COc1cccc2c1CCC(=O)N2,zinc,negative
N[C@@H](C(=O)N[C@@H]1C(=O)N2C(C(=O)O)=C(Cl)CC[C@H]12)c1ccccc1,zinc,negative
O=C(c1ccc(F)cc1)C1CCN(CCn2c(=O)[nH]c3ccccc3c2=O)CC1,zinc,negative
CCN(C(=O)c1c(O)c2c(Cl)cccc2n(C)c1=O)c1ccccc1,zinc,negative
O=c1[nH]c2ccccc2c2ccccc12,zinc,negative
Nc1ccccc1C(=O)C[C@H](N)C(=O)O,zinc,negative
CN(C)C(=O)Oc1cccc([N+](C)(C)C)c1.[Br-],zinc,negative
CC[N+](C)(C)c1cccc(O)c1.[Cl-],zinc,negative
CNNCc1ccc(C(=O)NC(C)C)cc1.Cl,zinc,negative
CS(=O)(=O)c1ccc2c(c1)N(CCCN1CCC(C(N)=O)CC1)c1ccccc1S2,zinc,negative
CC(C)NCC(O)c1ccc(NS(C)(=O)=O)cc1.Cl,zinc,negative
Cl.O=C1CN2Cc3c(ccc(Cl)c3Cl)N=C2N1,zinc,negative
CC(=O)Nc1cc([As](=O)(O)O)ccc1O,zinc,negative
N#CC(C#N)=NNc1cccc(Cl)c1,zinc,negative
O=[N+]([O-])c1cc([As](=O)(O)O)ccc1O,zinc,negative
NC(N)=NS(=O)(=O)c1ccc(N)cc1,zinc,negative
CN(C)C(=O)Oc1cccc([N+](C)(C)C)c1.COS(=O)(=O)[O-],zinc,negative
CC(=O)c1ccc2c(c1)N(CCCN(C)C)c1ccccc1S2,zinc,negative
CCN(CC)CC(=O)Nc1c(C)cccc1C.Cl,zinc,negative
O=C=Nc1ccc(Cl)c(Cl)c1,zinc,negative
COC(=O)C(c1ccccc1)C1CCCCN1.Cl,zinc,negative
NS(=O)(=O)c1cc(Cl)c(Cl)c(S(N)(=O)=O)c1,zinc,negative
NCC(CC(=O)O)c1ccc(Cl)cc1,zinc,negative
O=S(=O)(c1ccc(Cl)cc1)c1cc(Cl)c(Cl)cc1Cl,zinc,negative
Oc1cc(Cl)c(Cl)c(Cl)c1,zinc,negative
Oc1c(Cl)c(Cl)cc(Cl)c1Cl,zinc,negative
O=C(O)c1cc(Cl)cc(Cl)c1,zinc,negative
Oc1ccc(Cl)c(Cl)c1,zinc,negative
OCC(O)COc1ccc(Cl)cc1,zinc,negative
O=C(OO)c1cccc(Cl)c1,zinc,negative
Nc1ccc(Cl)c([N+](=O)[O-])c1,zinc,negative
NC[C@H](CC(=O)O)c1ccc(Cl)cc1,zinc,negative
NC(N)=NN=Cc1c(Cl)cccc1Cl,zinc,negative
O=C(O)Cc1c(Cl)ccc(Cl)c1Cl,zinc,negative
O=C(c1ccccc1)c1ccc(Cl)cc1,zinc,negative
O=C(c1ccc(Cl)cc1)c1ccc(Cl)cc1,zinc,negative
O=[N+]([O-])c1ccc(CCl)cc1,zinc,negative
Oc1cc(Cl)cc(Cl)c1,zinc,negative
O=C(O)Cc1ccc(Cl)cc1,zinc,negative
O=C(O)c1c(Cl)cccc1Cl,zinc,negative
CSc1c(Cl)c(Cl)c(Cl)c(Cl)c1Cl,zinc,negative
O=C(O)c1ccc(Cl)cc1Cl,zinc,negative
O=C1c2ccccc2C(=O)c2c(Cl)cccc21,zinc,negative
Cc1ccc([N+](=O)[O-])cc1Cl,zinc,negative
O=[N+]([O-])c1cc(Cl)c(Cl)c(Cl)c1Cl,zinc,negative
O=[N+]([O-])c1cccc(Cl)c1Cl,zinc,negative
Oc1ccc(Cl)cc1Sc1cc(Cl)ccc1O,zinc,negative
CCCSP(=S)(OCC)Oc1ccc(Cl)cc1Cl,zinc,negative
Clc1ccc(C(c2ccccc2)N2CCNCC2)cc1,zinc,negative
Clc1cc(Cl)c(-c2ccc(Cl)c(Cl)c2Cl)cc1Cl,zinc,negative
Clc1cc(Cl)c(-c2cc(Cl)c(Cl)c(Cl)c2Cl)cc1Cl,zinc,negative
Clc1c(Cl)c(Cl)c2ccccc2c1Cl,zinc,negative
O=[N+]([O-])c1cccc([N+](=O)[O-])c1Cl,zinc,negative
O=C1c2ccccc2C(=O)c2cc(Cl)ccc21,zinc,negative
Clc1ccc2c(c1Cl)CNCC2,zinc,negative
Cl.Clc1ccc(CCCOCCCN2CCCCC2)cc1,zinc,negative
OCCOc1ccc(Cl)cc1,zinc,negative
CN1CCN(C(c2ccccc2)c2ccc(Cl)cc2)CC1.Cl,zinc,negative
Oc1cc(Cl)cc(Cl)c1Cl,zinc,negative
Oc1cc(Cl)c(Cl)cc1O,zinc,negative
O=C(O)COc1cccc(Cl)c1,zinc,negative
ClC(Cl)=C(Cl)c1c(Cl)c(Cl)c(Cl)c(Cl)c1Cl,zinc,negative
Clc1ccc2c(c1)Oc1ccc(Cl)cc1O2,zinc,negative
NC(=O)c1ccccc1Cl,zinc,negative
NC(=O)Nc1ccc(Cl)c(Cl)c1,zinc,negative
O=C(O)c1cc(Cl)ccc1Cl,zinc,negative
Nc1cc(Cl)c(N)c(Cl)c1,zinc,negative
O=[N+]([O-])c1cc(Cl)ccc1Cl,zinc,negative
O=[N+]([O-])c1ccc(Cl)cc1Cl,zinc,negative
Cc1cc(Cl)ccc1N.Cl,zinc,negative
O=[N+]([O-])c1cc(C(F)(F)F)ccc1Cl,zinc,negative
Oc1ccc(-c2ccccc2)cc1Cl,zinc,negative
O=C(CBr)c1ccc(Cl)cc1,zinc,negative
N/C(=N\N=C\c1ccc(Cl)cc1)N/N=C/c1ccc(Cl)cc1,zinc,negative
CN(C)CC/C=C1\c2ccccc2Sc2ccc(Cl)cc21,zinc,negative
CC(Cc1ccccc1)NCc1ccccc1Cl,zinc,negative
OCC(c1ccc(Cl)cc1)c1ccc(Cl)cc1,zinc,negative
NC(=O)Nc1ccc(Cl)cc1,zinc,negative
CC(C)N=C(N)N=C(N)Nc1ccc(Cl)cc1,zinc,negative
O=C1CCC(=O)N1c1cc(Cl)cc(Cl)c1,zinc,negative
Clc1ccc(-c2cc(Cl)c(Cl)c(Cl)c2Cl)c(Cl)c1Cl,zinc,negative
Clc1cc(Cl)c(-c2c(Cl)ccc(Cl)c2Cl)cc1Cl,zinc,negative
Clc1cc(-c2cc(Cl)c(Cl)c(Cl)c2Cl)cc(Cl)c1Cl,zinc,negative
CCC(C(c1ccc(Cl)cc1)c1ccc(Cl)cc1)[N+](=O)[O-],zinc,negative
Clc1ccc2c(Cl)c(Cl)c(Cl)c(Cl)c2c1Cl,zinc,negative
Clc1c(Cl)c(Cl)c2c(Cl)cccc2c1Cl,zinc,negative
Clc1cc2ccccc2c(Cl)c1Cl,zinc,negative
COCCCC/C(=N\OCCN)c1ccc(Cl)cc1,zinc,negative
NCC(CP(=O)(O)O)c1ccc(Cl)cc1,zinc,negative
Clc1ccc([C@]23CNC[C@H]2C3)cc1Cl,zinc,negative
Cl.N/C(=N\N=C\c1ccc(Cl)cc1)N/N=C/c1ccc(Cl)cc1,zinc,negative
CC(N)C(=O)OC(C)(C)Cc1ccc(Cl)cc1.Cl,zinc,negative
Clc1c(Cl)c(Cl)c(-c2c(Cl)c(Cl)c(Cl)c(Cl)c2Cl)c(Cl)c1Cl,zinc,negative
Clc1cc(Cl)c(Cl)c(-c2c(Cl)c(Cl)cc(Cl)c2Cl)c1Cl,zinc,negative
Clc1ccc(-c2c(Cl)cc(Cl)c(Cl)c2Cl)c(Cl)c1Cl,zinc,negative
Clc1cc(Cl)c(Cl)c(-c2c(Cl)c(Cl)c(Cl)c(Cl)c2Cl)c1Cl,zinc,negative
CC(=O)c1ccc(C(C)C)cc1,zinc,negative
CSSCc1ccccc1,zinc,negative
COC(Cc1ccccc1)OC,zinc,negative
O=COCCCc1ccccc1,zinc,negative
CCC(=O)OCCCc1ccccc1,zinc,negative
CC(O)CCc1ccccc1,zinc,negative
OCCCCCc1ccccc1,zinc,negative
COC(OC)C(C)c1ccccc1,zinc,negative
CC(C)CC(=O)OCCCc1ccccc1,zinc,negative
Cc1ccc(CC(C)C=O)cc1,zinc,negative
CC(C)CC(=O)Cc1ccccc1,zinc,negative
CCCCCC(=O)OCCCc1ccccc1,zinc,negative
COC(=O)CCCc1ccccc1,zinc,negative
C(=C/C1OCCO1)\c1ccccc1,zinc,negative
Cc1ccc2c(c1)CCCC2(C)C,zinc,negative
CC1(C)N=C(N)N=C(N)N1c1ccc(Cl)cc1.Cl,zinc,negative
Clc1ccc(N=Nc2ccc(Cl)c(Cl)c2)cc1Cl,zinc,negative
N#CCc1ccc(Cl)cc1,zinc,negative
[Na+].c1ccc([B-](c2ccccc2)(c2ccccc2)c2ccccc2)cc1,zinc,negative
CC(=O)Nc1ccc(Cl)cc1,zinc,negative
Clc1ccc(N=Nc2ccc(Cl)cc2)cc1,zinc,negative
CC(C)c1ccc2ccccc2c1,zinc,negative
S=P(Cl)(Cl)c1ccccc1,zinc,negative
C(=C\c1ccccc1)\c1ccccc1,zinc,negative
CCCCCC/C(C=O)=C/c1ccccc1,zinc,negative
NC1(c2ccccc2)CCCCC1,zinc,negative
CN(C)CC/C=C1/c2ccccc2Sc2ccc(Cl)cc21.Cl,zinc,negative
Cc1cccc(CN2CCN(C(c3ccccc3)c3ccc(Cl)cc3)CC2)c1.Cl.Cl,zinc,negative
Cc1ccc(S(=O)(=O)N(C)N=O)cc1,zinc,negative
O=C1NS(=O)(=O)c2ccccc21,zinc,negative
Nc1ccc(O)c(C(=O)O)c1,zinc,negative
Nc1ccc(C(=O)O)c(O)c1,zinc,negative
CCC(C)c1cc([N+](=O)[O-])cc([N+](=O)[O-])c1O,zinc,negative
Cc1cc([N+](=O)[O-])cc([N+](=O)[O-])c1O,zinc,negative
CN1CCN(C2=Nc3ccccc3Sc3ccc(Cl)cc32)CC1,zinc,negative
CC(C)(C)c1cc([N+](=O)[O-])cc([N+](=O)[O-])c1O,zinc,negative
CS(=O)(=O)c1ccc(C(=O)C2C(=O)CCCC2=O)c([N+](=O)[O-])c1,zinc,negative
Oc1ccc2ccccc2c1N=Nc1ccccc1,zinc,negative
Nc1c(O)cccc1C(=O)O,zinc,negative
CC(=O)c1c(C)c([N+](=O)[O-])c(C(C)(C)C)c([N+](=O)[O-])c1C,zinc,negative
Nc1ccc(C(=O)[O-])c(O)c1.[Na+],zinc,negative
CCN(CC)CCOC(=O)c1ccc(N)cc1Cl,zinc,negative
Cc1c([N+](=O)[O-])c(C)c([N+](=O)[O-])c(C(C)(C)C)c1[N+](=O)[O-],zinc,negative
Nc1c(Cl)c(Cl)c(Cl)c(Cl)c1Cl,zinc,negative
Nc1c(CC(=O)O)cccc1C(=O)c1ccc(Br)cc1,zinc,negative
O=C(O)c1ccc([N+](=O)[O-])cc1,zinc,negative
O=[N+]([O-])c1cc(C2CCCCC2)c(O)c([N+](=O)[O-])c1,zinc,negative
CCCCOc1cc(C(=O)OCCN(CC)CC)ccc1N,zinc,negative
N[C@@H](Cc1ccc(O)c(O)c1)C(=O)O,zinc,negative
Cc1cc(O)c2c(c1)C(=O)c1cccc(O)c1C2=O,zinc,negative
O=C(O)c1cc(O)c(O)c(O)c1,zinc,negative
C[C@]12CC[C@@H]3c4ccc(O)cc4C[C@@H](CCCCCCCCCS(=O)CCCC(F)(F)C(F)(F)F)[C@H]3[C@@H]1CC[C@@H]2O,zinc,negative
Oc1c(Cl)cc(Cl)c(Cl)c1Cc1c(O)c(Cl)cc(Cl)c1Cl,zinc,negative
Cc1cc(O)c2c(c1)C(=O)c1cc(O)cc(O)c1C2=O,zinc,negative
O=C1c2ccccc2C(=O)c2c1ccc(O)c2O,zinc,negative
O=C(O)c1cc(O)c2c(c1)C(=O)c1cccc(O)c1C2=O,zinc,negative
CC(C)(C)c1ccc(C(O)CCCN2CCC(C(O)(c3ccccc3)c3ccccc3)CC2)cc1,zinc,negative
CN1CC[C@]23CCCC[C@H]2[C@H]1Cc1ccc(O)cc13,zinc,negative
CC(C)=CCN1CC[C@@]2(C)c3cc(O)ccc3C[C@@H]1[C@@H]2C,zinc,negative
C=CCN1CC[C@]23CCCC[C@H]2[C@H]1Cc1ccc(O)cc13,zinc,negative
CCCN(CCc1cccs1)[C@H]1CCc2c(O)cccc2C1,zinc,negative
C[C@]12CC[C@@H]3c4ccc(O)cc4CC[C@H]3[C@@H]1CC[C@@H]2OC(=O)CCC1CCCC1,zinc,negative
NC(Cc1ccc(O)c(O)c1)C(=O)O,zinc,negative
C[C@@](Cc1ccc(O)c(O)c1)(NN)C(=O)O,zinc,negative
CCOC(=O)C(O)(c1ccc(Cl)cc1)c1ccc(Cl)cc1,zinc,negative
CC(Cc1ccc(O)cc1)NCC(O)c1cc(O)cc(O)c1,zinc,negative
CN1CC[C@@]23CCCC[C@@H]2[C@@H]1Cc1ccc(O)cc13,zinc,negative
O=[N+]([O-])c1cc([N+](=O)[O-])c(O)c([N+](=O)[O-])c1,zinc,negative
O=C(/C=C/c1ccc(O)c(O)c1)c1ccc(O)cc1O,zinc,negative
Oc1ccc(CC2NCCc3cc(O)c(O)cc32)cc1,zinc,negative
O=C(/C=C/c1ccc(O)c(O)c1)O[C@@H]1C[C@](O)(C(=O)O)C[C@@H](O)[C@H]1O,zinc,negative
CCN(CC)CC#CCOC(=O)C(O)(c1ccccc1)C1CCCCC1,zinc,negative
CC(C)=CCN1CCC2(C)c3cc(O)ccc3CC1C2C,zinc,negative
O=S1(=O)OC(c2cc(Br)c(O)c(Br)c2)(c2cc(Br)c(O)c(Br)c2)c2ccccc21,zinc,negative
CC1C2Cc3ccc(O)cc3C1(C)CCN2CCc1ccccc1,zinc,negative
O=C1c2ccccc2C(=O)c2c(O)ccc(O)c21,zinc,negative
N[C@H](C(=O)O)[C@H](O)c1ccc(O)c(O)c1,zinc,negative
CC(C)NCC(O)c1cc(O)cc(O)c1.CC(C)NCC(O)c1cc(O)cc(O)c1.O=S(=O)(O)O,zinc,negative
O=C(O)CNC(=O)c1ccccc1O,zinc,negative
Oc1ccc2ccccc2c1N=Nc1ccc(N=Nc2ccccc2)cc1,zinc,negative
COc1ccc(/C=C/C(=O)O)cc1O,zinc,negative
Brc1ccc(Oc2cc(Br)c(Br)cc2Br)c(Br)c1,zinc,negative
Clc1cc2c(cc1Cl)Oc1c(cc(Cl)c(Cl)c1Cl)O2,zinc,negative
O=C1c2cccc(O)c2C(=O)c2c(O)cc(CO)cc21,zinc,negative
Brc1ccc(Oc2ccc(Br)cc2Br)c(Br)c1,zinc,negative
CC(C)=CCC/C(C)=C/CC/C(C)=C/CC[C@]1(C)CCc2cc(O)cc(C)c2O1,zinc,negative
CNC(=O)Oc1cccc(C(C)C)c1,zinc,negative
O=[N+]([O-])c1ccc([N+](=O)[O-])c(O)c1,zinc,negative
Clc1cc2c(c(Cl)c1Cl)Oc1cc(Cl)c(Cl)c(Cl)c1O2,zinc,negative
Oc1ccc(Br)cc1Br,zinc,negative
CCCCCc1cc(O)c2c(c1)OC(C)(C)[C@@H]1CC=C(C)C[C@@H]21,zinc,negative
CN(C)Cc1cc(CN(C)C)c(O)c(CN(C)C)c1,zinc,negative
Cc1cc(O)c(C(C)(C)C)cc1Sc1cc(C(C)(C)C)c(O)cc1C,zinc,negative
COC(=O)c1cc(O)c(O)c(O)c1,zinc,negative
CC1C2Cc3ccc(O)cc3C1(C)CCN2CC1CC1,zinc,negative
CC(C(=O)O)c1cccc(Oc2ccccc2)c1,zinc,negative
CCC(NC(C)C)C(O)c1ccc(O)c(O)c1,zinc,negative
CCC1(c2cccc(O)c2)CCCCN(C)C1,zinc,negative
CC(C)(C)NC[C@H](O)c1ccc(O)c(CO)c1,zinc,negative
CN(C)CCOc1ccc(/C(=C(/CCCl)c2ccccc2)c2ccccc2)cc1,zinc,negative
CC(C)=CCC/C(C)=C/CC/C(C)=C/CCC1(C)CCc2cc(O)ccc2O1,zinc,negative
COc1cc(O)c2c(=O)c(-c3ccc(O)cc3)coc2c1,zinc,negative
Cc1c(C)c2c(c(C)c1O)CCC(C)(C)O2,zinc,negative
O=C(/C=C/c1ccc(O)c(O)c1)O[C@@H]1C[C@@](OC(=O)/C=C/c2ccc(O)c(O)c2)(C(=O)O)C[C@@H](O)[C@@H]1O,zinc,negative
CC(C)=CCC/C(C)=C/CC/C(C)=C/CC[C@]1(C)CCc2cc(O)c(C)c(C)c2O1,zinc,negative
CCC(=C(c1ccc(O)cc1)c1ccc(OCCN(C)C)cc1)c1ccccc1,zinc,negative
CCCCCCC(C)(C)c1cc(O)c2c(c1)OC(C)(C)[C@H]1CC=C(CO)C[C@H]21,zinc,negative
COc1cccc([C@H](O)C2CCN(CCc3ccc(F)cc3)CC2)c1OC,zinc,negative
CC(=O)Oc1ccc2c(c1)CC[C@@H]1[C@@H]2CC[C@]2(C)[C@@H](O)CC[C@@H]12,zinc,negative
CC(N)(Cc1ccc(O)cc1)C(=O)O,zinc,negative
COc1cc(C(O)CN)ccc1O,zinc,negative
COc1cc(CCN)ccc1O,zinc,negative
Oc1ccc(C2=Cc3ccc(O)cc3OC2)cc1,zinc,negative
COc1cc2c(cc1O)CC[C@@H]1[C@@H]2CC[C@]2(C)C(=O)CC[C@@H]12,zinc,negative
COc1cc(/C=C/C(=O)O)cc(OC)c1O,zinc,negative
O=C(/C=C/c1ccc(O)cc1)c1c(O)cc(O)cc1O,zinc,negative
COc1cc(O)c2c(=O)cc(-c3ccc(O)cc3)oc2c1,zinc,negative
CC(C)c1cc2c(c(O)c1O)[C@@]1(C(=O)O)CCCC(C)(C)[C@@H]1CC2,zinc,negative
C=CCc1cc(OC)c(OC)c(OC)c1,zinc,negative
COc1cc(/C=C/C(=O)CC(=O)/C=C/c2ccc(O)cc2)ccc1O,zinc,negative
O=C1C=CC(=O)c2c(O)ccc(O)c21,zinc,negative
CC(=O)c1c(O)cc(O)cc1O,zinc,negative
C=CC(C)(C)c1cc(/C=C/C(=O)c2ccc(O)cc2)c(OC)cc1O,zinc,negative
CC(C)C[C@H](NC(=O)[C@H](Cc1ccccc1)NC(=O)CNC(=O)CNC(=O)[C@@H](N)Cc1ccc(O)cc1)C(=O)O,zinc,negative
CC(C)=CCC/C(C)=C/COc1ccc2ccc(=O)oc2c1,zinc,negative
COc1cc(C[C@H]2COC(=O)[C@@H]2Cc2ccc(O)c(OC)c2)ccc1O,zinc,negative
CC(C)[C@@H]1CC[C@@H](C)C[C@H]1OC(=O)c1ccccc1O,zinc,negative
COc1cc(CO)ccc1O,zinc,negative
COc1ccccc1OCC1CNC(=O)O1,zinc,negative
Cc1cccc(C)c1OCC(C)N.Cl,zinc,negative
CC(C)NCC(O)COc1ccc(CCOCC2CC2)cc1.Cl,zinc,negative
CC(COc1ccccc1)N(CCCl)Cc1ccccc1.Cl,zinc,negative
NCCC(Oc1ccc(C(F)(F)F)cc1)c1ccccc1,zinc,negative
O=S1(=O)OC(c2ccc(O)cc2)(c2ccc(O)cc2)c2ccccc21,zinc,negative
COP(=S)(OC)Oc1ccc(S(N)(=O)=O)cc1,zinc,negative
CN(CCOc1ccc(CC2SC(=O)NC2=O)cc1)c1ccccn1,zinc,negative
COC(=O)N(OC)c1ccccc1COc1ccn(-c2ccc(Cl)cc2)n1,zinc,negative
Cc1cccc(Nc2cc(Cl)nc(SCC(=O)O)n2)c1C,zinc,negative
C[C@@H]1CCN(C(=O)CC#N)C[C@@H]1N(C)c1ncnc2[nH]ccc12,zinc,negative
CCn1cc(C(=O)O)c(=O)c2cc(F)c(N3CCNCC3)nc21,zinc,negative
COCc1c(C(C)C)nc(C(C)C)c(/C=C/[C@@H](O)C[C@@H](O)CC(=O)O)c1-c1ccc(F)cc1,zinc,negative
NC(CO)(CO)CO.O=C(c1ccccc1)c1ccc2n1CCC2C(=O)O,zinc,negative
COc1ccc(Cc2cnc(N)nc2N)cc1OC,zinc,negative
CCc1c(C)[nH]c2c1C(=O)C(CN1CCOCC1)CC2,zinc,negative
C/C(=C(\CCOP(=O)(O)O)SC(=O)c1ccccc1)N(C=O)Cc1cnc(C)nc1N,zinc,negative
CO/C=C(/C(=O)OC)c1ccccc1COc1cccc(C(F)(F)F)n1,zinc,negative
COc1cc(OC)nc(NC(=O)NS(=O)(=O)c2ncccc2C(=O)N(C)C)n1,zinc,negative
N#Cc1c[nH]cc1-c1cccc2c1OC(F)(F)O2,zinc,negative
CN1CCC(COc2cnc(-c3cccc(Cn4nc(-c5cccc(C#N)c5)ccc4=O)c3)nc2)CC1,zinc,negative
COc1cccc(N(C)C(=S)Oc2ccc3c(c2)CCCC3)n1,zinc,negative
COc1ccc(OC)c(Cc2cnc3nc(N)nc(N)c3c2C)c1,zinc,negative
Nc1nc(N)c(-c2ccccc2)s1,zinc,negative
c1cnc(N2CCN(Cc3ccc4c(c3)OCO4)CC2)nc1,zinc,negative
CCCCN1CCCCC1C(=O)Nc1c(C)cccc1C.Cl,zinc,negative
CC(CN(C)C)CN1c2ccccc2CCc2ccccc21.O=C(O)/C=C\C(=O)O,zinc,negative
CCN(CC)CC(=O)Nc1c(C)cccc1C.Cl.O,zinc,negative
Cc1cccc(C)c1NC1=NCCCS1.Cl,zinc,negative
O=C1C(Cl)C(CCl)CN1c1cccc(C(F)(F)F)c1,zinc,negative
CCc1cccc(C)c1N(C(=O)CCl)[C@@H](C)COC,zinc,negative
Cc1ccc(NC(=O)N(C)C)cc1Cl,zinc,negative
CCCN(CC)C(CC)C(=O)Nc1c(C)cccc1C,zinc,negative
O=C(O)CCn1c2c(c3ccccc31)C[C@H](NS(=O)(=O)c1ccc(F)cc1)CC2,zinc,negative
